date,settlement_period,side,portfolio_mwh,system_accepted_mwh,zero_accepted,ratio_pct
2025-03-30,1,charge,21.75,3052.914596190476,False,0.7124339484353851
2025-03-30,2,charge,5.1,3046.375370707672,False,0.16741206776547932
2025-03-30,3,discharge,21.75,2177.5144947401304,False,0.9988452454639432
2025-03-30,4,charge,21.75,3015.8346070953935,False,0.7211933953151307
2025-03-30,5,charge,21.75,2921.149581777155,False,0.7445698822026032
2025-03-30,6,charge,21.75,2867.6980197616967,False,0.758448060085748
2025-03-30,7,charge,21.75,2891.024019607843,False,0.7523285815850921
2025-03-30,8,charge,21.75,2856.616666666667,False,0.7613902226993471
2025-03-30,9,charge,21.75,2830.6833333333334,False,0.7683657067492536
2025-03-30,10,charge,21.75,2551.859377246732,False,0.8523196926104386
2025-03-30,11,discharge,21.75,1801.337433862434,False,1.2074361855326337
2025-03-30,12,discharge,1.5,2003.3453190277776,False,0.0748747600203019
2025-03-30,12,charge,20.25,2636.8024793650793,False,0.7679756128292187
2025-03-30,13,discharge,21.75,1974.3156251587304,False,1.1016475644947272
2025-03-30,14,discharge,21.75,1797.686628888889,False,1.2098882892310994
2025-03-30,15,discharge,21.75,1755.9436506944444,False,1.2386502261276018
2025-03-30,16,charge,20.86,2247.801068472222,False,0.9280180658592735
2025-03-30,17,charge,21.75,2457.5784722222224,False,0.885017518091007
2025-03-30,18,charge,21.75,2293.6666769444446,False,0.9482633295686499
2025-03-30,19,charge,21.75,1934.177293888889,False,1.1245091165489327
2025-03-30,20,charge,21.75,2017.7467215079364,False,1.0779350930500051
2025-03-30,21,charge,21.75,1652.5124393479311,False,1.3161776869033666
2025-03-30,22,charge,21.75,1993.8745672420632,False,1.09084093640277
2025-03-30,23,charge,21.75,1699.621662474779,False,1.2796965630768873
2025-03-30,24,charge,21.75,1760.5686019444445,False,1.2353963359325166
2025-03-30,25,charge,21.75,1479.2283308749024,False,1.4703612380879545
2025-03-30,26,charge,20.38,1378.5966258989522,False,1.4783149484868827
2025-03-30,27,charge,21.75,1731.913288611111,False,1.2558365446483857
2025-03-30,28,charge,21.75,1470.8755628174604,False,1.4787110854121406
2025-03-30,29,charge,21.75,2025.7620007487296,False,1.0736700556117211
2025-03-30,30,charge,21.75,1434.4871822156083,False,1.5162212858818631
2025-03-30,31,charge,21.75,948.3288888888889,False,2.2935081125160517
2025-03-30,32,charge,21.75,613.9303134325397,False,3.5427473646632284
2025-03-30,33,charge,21.75,653.7780561295351,False,3.326817074400338
2025-03-30,34,discharge,20.25,382.7673293668105,False,5.290420170785836
2025-03-30,35,discharge,20.25,377.133967841933,False,5.369444740254031
2025-03-30,36,discharge,21.15,299.87711803836487,False,7.052888909414612
2025-03-30,37,discharge,21.75,206.43058375,False,10.536229469922235
2025-03-30,38,discharge,21.75,211.39414201388888,False,10.288837615268921
2025-03-30,39,discharge,21.75,326.0166646969697,False,6.671438105845441
2025-03-30,40,discharge,21.75,221.43333333333337,False,9.822369411410506
2025-03-30,41,discharge,21.75,248.63333414141417,False,8.747821395352137
2025-03-30,42,discharge,21.75,218.12500083333333,False,9.971346666776135
2025-03-30,43,discharge,21.75,207.30055555555555,False,10.492012402818238
2025-03-30,44,discharge,21.75,251.5261734722222,False,8.647211421280579
2025-03-30,45,discharge,20.25,213.61517263888888,False,9.479663710139222
2025-03-30,46,discharge,21.75,175.31666666666666,False,12.406122254967203
2026-03-29,1,charge,21.75,1275.9232232453196,False,1.7046480229961427
2026-03-29,6,charge,21.75,1441.0669419444444,False,1.5092983793419432
2026-03-29,7,charge,21.75,1549.093849858156,False,1.4040466303569377
2026-03-29,8,charge,21.75,1745.6542741035353,False,1.245951178458261
2026-03-29,9,charge,21.75,2117.1800329166667,False,1.027309896269747
2026-03-29,10,charge,21.75,2523.2015914039107,False,0.8620000904445486
2026-03-29,12,discharge,20.175,3360.286665673885,False,0.6003952045547883
2026-03-29,13,discharge,21.75,3661.1869014814815,False,0.5940696442238163
2026-03-29,14,discharge,21.75,3755.395086031746,False,0.5791667588025421
2026-03-29,15,discharge,21.75,3882.760848132515,False,0.560168417543951
2026-03-29,16,discharge,20.28,4003.177087654796,False,0.5065976237359199
2026-03-29,17,charge,21.75,3539.5115546212123,False,0.6144915665440629
2026-03-29,18,charge,21.75,3104.486888471251,False,0.7005988680696409
2026-03-29,19,charge,21.75,3063.4482287337664,False,0.7099842522551805
2026-03-29,20,discharge,21.75,3130.3857057030095,False,0.6948025593260071
2026-03-29,21,discharge,21.75,2750.640566691727,False,0.7907249047140803
2026-03-29,24,charge,20.405,2258.673427361111,False,0.9034063868117442
2026-03-29,26,discharge,21.75,2514.8719474503537,False,0.8648551677571793
2026-03-29,27,charge,21.75,2034.5166680555556,False,1.069049978380717
2026-03-29,28,discharge,21.75,2069.749757236775,False,1.0508516753753554
2026-03-29,29,charge,21.75,2213.5039695464257,False,0.9826049692812091
2026-03-29,30,charge,21.75,2235.82621725913,False,0.9727947472886798
2026-03-29,31,charge,21.75,2467.3039516666668,False,0.8815290059948978
2026-03-29,32,discharge,21.75,2905.145794537037,False,0.7486715482885454
2026-03-29,33,discharge,21.75,2749.498509542962,False,0.7910533475290159
2026-03-29,34,charge,8.86,2525.807218089239,False,0.35077894847028535
2026-03-29,35,charge,21.75,2636.119016528338,False,0.8250765562415262
2026-03-29,36,charge,21.75,2851.7281078661617,False,0.7626954315877851
2026-03-29,37,charge,21.75,2575.289780290702,False,0.8445651501612698
2026-03-29,39,charge,21.75,2430.468212332945,False,0.8948893011492105
2026-03-29,40,discharge,21.75,2257.5153299192543,False,0.9634486070479061
2026-03-29,41,discharge,21.75,2186.6370283397464,False,0.9946781161258473
2026-03-29,42,discharge,21.75,2107.801327808685,False,1.0318809326594247
2026-03-29,43,discharge,21.75,1955.1185266035352,False,1.1124645234570236
2026-03-29,44,charge,21.75,1927.951507936508,False,1.1281404076018016
2026-03-29,45,discharge,17.62,1324.1569456944444,False,1.3306579750453464
2026-04-29,1,charge,1.425,277.87083333333334,False,0.512828202552145
2026-04-29,3,discharge,21.75,1023.8223385479798,False,2.124392014228426
2026-04-29,8,charge,21.75,401.7853302777778,False,5.413338507148319
2026-04-29,9,charge,21.75,282.7950740277778,False,7.691081633856037
2026-04-29,10,charge,21.75,188.65276652777777,False,11.529117966471732
2026-04-29,11,discharge,21.75,887.6674873611111,False,2.4502418202405005
2026-04-29,12,discharge,21.75,895.5955903598439,False,2.428551483963985
2026-04-29,13,discharge,21.75,914.562455872372,False,2.378186406006943
2026-04-29,14,discharge,21.75,897.2478130132444,False,2.4240794666254533
2026-04-29,15,discharge,21.75,760.2523634683474,False,2.860892125448229
2026-04-29,16,discharge,21.75,786.675,False,2.764801220326056
2026-04-29,17,discharge,21.75,735.1916666666667,False,2.958412205433957
2026-04-29,18,charge,21.75,746.1430537400662,False,2.91499061620656
2026-04-29,19,charge,21.75,647.4433330473491,False,3.3593673592449163
2026-04-29,21,discharge,20.25,557.4588306944445,False,3.632555246236555
2026-04-29,22,discharge,21.75,620.8500003409091,False,3.5032616554815275
2026-04-29,23,discharge,20.25,563.25,False,3.5952063914780292
2026-04-29,24,discharge,20.25,544.85,False,3.716619253005414
2026-04-29,25,charge,21.75,419.2036923809523,False,5.188408498137616
2026-04-29,26,charge,21.75,266.5150968055556,False,8.16088854278615
2026-04-29,27,discharge,6.48,448.5,False,1.4448160535117058
2026-04-29,30,charge,21.75,224.95083708333337,False,9.66877931285167
2026-04-29,32,charge,21.75,316.51249986858517,False,6.871766520763167
2026-04-29,34,charge,21.75,450.89638697118704,False,4.823724613564016
2026-04-29,35,charge,21.75,770.878533917975,False,2.8214561753919973
2026-04-29,37,discharge,21.75,721.721252361111,False,3.013628866940647
2026-04-29,38,charge,1.315,745.30832625,False,0.1764370467476714
2026-04-29,39,discharge,21.75,738.5,False,2.945159106296547
2026-04-29,40,discharge,21.75,745.3333313832193,False,2.9181574316065384
2026-04-29,41,discharge,21.75,738.5,False,2.945159106296547
2026-04-29,43,discharge,21.75,808.75,False,2.689335394126739
2026-04-29,44,discharge,21.75,728.3767019444444,False,2.986092216010904
2026-04-29,45,charge,21.75,854.4776569872312,False,2.5454147129706657
2026-04-29,46,discharge,21.75,869.9136795634921,False,2.500248071844758
2026-04-29,47,charge,21.75,952.031639709596,False,2.2845879372910898
2026-04-29,48,discharge,17.62,947.9242783333332,False,1.8587982608674158
2026-05-24,3,charge,21.75,918.3919442783224,False,2.3682699021376186
2026-05-24,7,discharge,17.62,796.8907259722222,False,2.2110936199568965
2026-05-24,11,charge,21.75,1062.3557291666666,False,2.047336819754447
2026-05-24,12,discharge,13.485000000000001,776.1059840497076,False,1.737520425964957
2026-05-24,13,charge,21.75,1068.110825787014,False,2.0363055475983955
2026-05-24,15,discharge,21.75,1038.061715681565,False,2.095251146577495
2026-05-24,17,charge,21.75,1036.4510416666667,False,2.0985072256789747
2026-05-24,19,charge,21.75,1048.0169706150791,False,2.0753480725827336
2026-05-24,20,charge,21.75,971.2478835978836,False,2.2393871191182892
2026-05-24,22,charge,21.75,1054.3373527190624,False,2.062907089833085
2026-05-24,26,discharge,21.75,1088.85832375,False,1.9975050496095361
2026-05-24,27,discharge,21.75,1097.091693217994,False,1.982514327148245
2026-05-24,28,charge,21.75,472.021875,False,4.60783729567618
2026-05-24,29,charge,21.75,511.325,False,4.253654720578888
2026-05-24,30,charge,21.75,419.92333388888886,False,5.17951688908886
2026-05-24,31,charge,21.75,585.8809782608696,False,3.7123581080516983
2026-05-24,32,charge,21.75,646.4416668055555,False,3.3645727243232026
2026-05-24,33,discharge,21.75,1264.6877188141025,False,1.7197921412880464
2026-05-24,34,charge,21.75,694.2411939351852,False,3.132916944428768
2026-05-24,36,charge,21.75,770.9302647619047,False,2.8212668504741223
2026-05-24,37,charge,2.415,1311.6525892195766,False,0.18411887567247565
2026-05-24,39,discharge,21.75,787.7475181186869,False,2.761036943911134
2026-05-24,40,discharge,21.75,857.8660825,False,2.5353607566131977
2026-05-24,41,discharge,21.75,1037.1610144895385,False,2.097070724424089
2026-05-24,43,discharge,21.75,900.8782122222224,False,2.4143108030494647
2026-05-24,44,discharge,21.75,762.090762245531,False,2.853990768227232
2026-05-24,45,discharge,21.75,537.8202922685185,False,4.044101777614006
2026-05-25,1,charge,21.75,577.9815099715099,False,3.763096158745997
2026-05-25,2,discharge,17.62,225.0000000367647,False,7.831111109831518
2026-05-25,8,charge,21.75,804.6383333333333,False,2.7030777802863812
2026-05-25,10,charge,9.555,765.9273934837092,False,1.247507280884742
2026-05-25,11,charge,11.695,724.3524509803922,False,1.6145455136061349
2026-05-25,13,charge,21.75,875.4370509722222,False,2.4844733240208874
2026-05-25,14,charge,21.75,1003.9713807696324,False,2.1663964149383133
2026-05-25,16,discharge,1.11,227.01666666666668,False,0.4889508846633874
2026-05-25,17,charge,21.75,567.3437361616161,False,3.833654734103594
2026-05-25,18,charge,21.75,570.8774444444444,False,3.809924566413067
2026-05-25,20,charge,21.75,1285.2421606846765,False,1.6922880889943186
2026-05-25,21,charge,20.25,789.3852331332248,False,2.5652874097509755
2026-05-25,22,charge,21.75,894.960291005291,False,2.430275423233433
2026-05-25,23,charge,21.75,813.5056425925926,False,2.673613907665604
2026-05-25,24,charge,21.75,904.7680892857144,False,2.403930936287876
2026-05-25,25,charge,21.75,948.6079875661376,False,2.2928333184084195
2026-05-25,28,charge,21.75,821.13685225958,False,2.6487667603943237
2026-05-25,29,charge,21.75,817.9358198245613,False,2.6591328406017416
2026-05-25,30,discharge,21.75,821.4923777238309,False,2.6476204271382673
2026-05-25,35,charge,21.75,672.8888843055555,False,3.232331594011506
2026-05-25,36,charge,21.75,545.5409659722222,False,3.9868683300875083
2026-05-25,37,discharge,21.75,510.88897083333336,False,4.25728509357378
2026-05-25,38,discharge,21.75,786.704286809163,False,2.7646982944782232
2026-05-25,39,discharge,21.75,815.3864540646631,False,2.6674468151362185
2026-05-25,40,discharge,21.75,1071.6925360381558,False,2.0294999982369597
2026-05-25,41,discharge,21.75,1114.410061671378,False,1.9517052786996225
2026-05-25,42,discharge,21.75,1119.6626388566783,False,1.9425494113306834
2026-05-25,43,discharge,21.75,675.1987261866359,False,3.2212738496766575
2026-05-25,44,discharge,21.75,304.8709677419355,False,7.1341656967516665
2026-05-25,45,discharge,21.75,363.2333322222222,False,5.987886592603122
2026-05-25,46,discharge,21.15,372.1736111111111,False,5.682831713096859
2026-05-25,47,discharge,20.25,345.97638930555553,False,5.8530005589820275
2026-05-25,48,discharge,20.25,398.4166666666667,False,5.082618699016942
2026-05-26,2,charge,20.25,286.9288888888889,False,7.05749779271674
2026-05-26,3,charge,21.75,322.81111111111113,False,6.737686297456373
2026-05-26,4,charge,21.75,397.3912379329004,False,5.473195663079137
2026-05-26,6,charge,21.53,215.1703327922078,False,10.006026258644003
2026-05-26,7,charge,21.75,461.0673842055167,False,4.717314810172113
2026-05-26,8,charge,21.75,404.7328184294872,False,5.373915583223034
2026-05-26,9,charge,21.75,462.68833333333333,False,4.700788507742793
2026-05-26,10,charge,21.75,443.7384188034188,False,4.901536373309947
2026-05-26,11,charge,20.25,174.53866605616605,False,11.60201373000273
2026-05-26,12,charge,21.75,366.72797619047617,False,5.930826501412914
2026-05-26,13,charge,21.75,689.6968249801587,False,3.153559536920546
2026-05-26,14,charge,21.75,1021.138195724854,False,2.1299761473089136
2026-05-26,15,charge,21.75,799.0399809218559,False,2.722016484695413
2026-05-26,16,charge,21.75,697.800712441991,False,3.116935768650151
2026-05-26,17,discharge,21.75,568.977405436508,False,3.822647400789815
2026-05-26,18,discharge,21.75,698.1594513888889,False,3.1153341771326692
2026-05-26,19,discharge,21.75,623.4833333333333,False,3.4884653425646235
2026-05-26,20,discharge,21.75,569.75,False,3.8174637999122423
2026-05-26,21,discharge,21.54,681.2333333333333,False,3.161912218035915
2026-05-26,22,charge,21.75,660.2947827380953,False,3.2939833190575274
2026-05-26,23,charge,21.75,539.4739393939394,False,4.031705409984137
2026-05-26,25,charge,21.75,400.96666666666664,False,5.4243910549505365
2026-05-26,26,charge,21.75,397.7092875,False,5.468818728554334
2026-05-26,27,charge,21.75,373.5579812037037,False,5.82238931956846
2026-05-26,29,charge,21.75,379.6084396405229,False,5.729588104151889
2026-05-26,31,discharge,21.75,494.6342815873016,False,4.397188146806841
2026-05-26,32,discharge,21.75,399.1948863293651,False,5.448466587333649
2026-05-26,33,discharge,21.75,388.51,False,5.598311497773546
2026-05-26,34,discharge,21.75,556.0109824423834,False,3.911793235532689
2026-05-26,35,discharge,21.75,486.59332995043496,False,4.46985165255255
2026-05-26,36,charge,21.75,642.4849973341495,False,3.3852930559074297
2026-05-26,37,discharge,21.75,1014.4308943634024,False,2.144059306637051
2026-05-26,38,discharge,21.75,1159.4098965891349,False,1.875954316414434
2026-05-26,39,discharge,21.75,883.769891352983,False,2.4610478601734713
2026-05-26,40,discharge,21.75,747.0156545138889,False,2.9115855696696933
2026-05-26,41,discharge,20.25,689.8424555555556,False,2.935452846794117
2026-05-26,42,charge,1.095,611.5416668055556,False,0.17905566528603584
2026-05-26,43,discharge,0.2,505.1638888888889,False,0.03959111179540194
2026-05-26,47,discharge,21.75,751.9166684795536,False,2.8926077731433395
2026-05-26,48,discharge,21.75,628.5833358333333,False,3.4601617255992507
2026-05-27,1,charge,21.75,826.4749543130712,False,2.631658695341545
2026-05-27,2,charge,21.75,994.1332004040404,False,2.1878355929728794
2026-05-27,3,charge,21.75,621.3999998611112,False,3.500160927721489
2026-05-27,4,charge,21.75,568.9637889021164,False,3.822738885012212
2026-05-27,6,charge,21.75,644.8731428240741,False,3.372756369531977
2026-05-27,7,discharge,21.75,506.875,False,4.290998766954377
2026-05-27,8,charge,21.75,723.6621015079365,False,3.0055463668303575
2026-05-27,9,charge,21.75,775.1976588125075,False,2.805736027804561
2026-05-27,10,discharge,14.575,575.0,False,2.5347826086956524
2026-05-27,12,discharge,21.75,592.7625009074129,False,3.6692604486121603
2026-05-27,13,discharge,21.75,804.3333333333334,False,2.7041027766266055
2026-05-27,14,discharge,21.75,850.0000016025641,False,2.558823524587437
2026-05-27,15,discharge,21.75,845.9028629166667,False,2.5712172110407763
2026-05-27,19,charge,15.305,514.7850356746031,False,2.9730856453399954
2026-05-27,20,charge,21.75,313.19778562469935,False,6.944493543151268
2026-05-27,21,charge,21.75,229.81699134199135,False,9.464052189088909
2026-05-27,22,discharge,21.75,559.6642473118279,False,3.8862586103131154
2026-05-27,23,charge,21.75,327.0743189505983,False,6.649864798246403
2026-05-27,24,discharge,21.75,561.9262275985664,False,3.870614847957934
2026-05-27,25,discharge,21.75,501.64516129032256,False,4.3357340363963734
2026-05-27,26,charge,21.53,200.85833555555556,False,10.718997516558133
2026-05-27,27,charge,21.75,436.95694805555553,False,4.977607083898495
2026-05-27,28,charge,21.75,299.6922155082742,False,7.257445764185857
2026-05-27,29,charge,21.75,737.9449644642857,False,2.9473742687287667
2026-05-27,30,charge,21.75,615.4211790079365,False,3.5341650144476926
2026-05-27,31,charge,21.75,753.5335390277778,False,2.8864010523091292
2026-05-27,32,charge,21.75,779.514667936508,False,2.790197656905611
2026-05-27,33,charge,21.75,901.1231128066246,False,2.413654659490175
2026-05-27,34,charge,21.75,1068.3349299537035,False,2.035878392644387
2026-05-27,35,charge,21.75,1340.9275817791006,False,1.6220115310882621
2026-05-27,36,charge,21.75,681.0154485348788,False,3.1937601484360534
2026-05-27,37,charge,21.75,815.5849347619047,False,2.666797665450934
2026-05-27,38,discharge,21.75,495.07454583333333,False,4.393277776660756
2026-05-27,39,discharge,21.75,491.2327988568056,False,4.427635949923638
2026-05-27,40,discharge,21.75,572.7362598214286,False,3.7975594572589753
2026-05-27,41,discharge,21.75,493.47301642857144,False,4.407535827878086
2026-05-27,42,discharge,21.75,504.4166666666667,False,4.311911448868329
2026-05-27,43,discharge,21.75,658.1416738492063,False,3.3047595774923333
2026-05-27,44,discharge,21.75,742.7337019444444,False,2.9283712241762356
2026-05-27,45,discharge,21.75,536.0107256944444,False,4.057754622693632
2026-05-27,46,discharge,21.75,592.8535258333334,False,3.6686970815308086
2026-05-27,47,discharge,15.48,346.0574925,False,4.473245150153771
2026-05-28,6,charge,21.75,1384.60625,False,1.5708436965382755
2026-05-28,7,charge,21.75,1285.7214628703705,False,1.6916572234427176
2026-05-28,8,charge,21.75,1065.1083333333331,False,2.0420458012878195
2026-05-28,9,charge,21.75,956.6208333333332,False,2.273628091938203
2026-05-28,10,charge,21.75,995.1722127777778,False,2.1855513770114463
2026-05-28,11,discharge,21.75,531.1333333333333,False,4.095016944897703
2026-05-28,12,discharge,21.75,504.48030303030305,False,4.311367533945824
2026-05-28,13,discharge,1.0899999999999999,497.5000079272917,False,0.21909547389581158
2026-05-28,14,discharge,21.75,522.8530036111111,False,4.159868997554285
2026-05-28,15,discharge,21.75,675.2462701388889,False,3.2210470404414564
2026-05-28,16,charge,1.0,929.3711339741176,False,0.10759964060039866
2026-05-28,17,charge,20.25,1308.442869537037,False,1.5476411291205252
2026-05-28,18,charge,20.25,1160.4824158923848,False,1.7449639669402666
2026-05-28,19,charge,20.25,1586.8453483268968,False,1.2761167949574135
2026-05-28,20,charge,20.25,1706.8761129204738,False,1.1863778423468676
2026-05-28,21,charge,21.53,1618.69999251221,False,1.330079699733958
2026-05-28,22,charge,21.75,1425.8750191468205,False,1.5253791326685997
2026-05-28,23,charge,21.75,950.3327777777778,False,2.2886719798152577
2026-05-28,24,charge,21.75,1273.2758315656563,False,1.7081923225744085
2026-05-28,25,charge,21.75,1374.4250008333331,False,1.582479945199823
2026-05-28,26,charge,21.75,1415.0492572222222,False,1.5370489676589636
2026-05-28,27,charge,21.75,1470.175,False,1.4794157158161445
2026-05-28,28,charge,21.75,1531.5083333333334,False,1.4201685702004014
2026-05-28,29,charge,21.75,1546.7778,False,1.4061489633481938
2026-05-28,30,charge,21.75,1391.2888888888888,False,1.5632986199846666
2026-05-28,31,charge,21.75,1294.8550925925929,False,1.6797246367121728
2026-05-28,32,charge,21.75,1033.9547222222222,False,2.1035737380505326
2026-05-28,33,discharge,21.75,971.7702869085034,False,2.2381832716035555
2026-05-28,34,charge,1.5,1066.2611137974254,False,0.1406784867787065
2026-05-28,35,discharge,20.25,1087.868835608882,False,1.861437641851928
2026-05-28,37,discharge,20.25,1029.739421258639,False,1.9665169247622523
2026-05-28,38,discharge,21.75,922.8854871342814,False,2.3567387615485753
2026-05-28,40,discharge,21.75,805.8731515591397,False,2.6989359253276795
2026-05-28,41,discharge,21.75,1113.3465521738958,False,1.9535696192287506
2026-05-28,42,discharge,21.75,1158.1679317849123,False,1.8779660015693884
2026-05-28,43,discharge,21.75,1230.699861338375,False,1.7672871090069895
2026-05-28,44,discharge,21.75,1260.419776309349,False,1.725615577350464
2026-05-28,45,discharge,21.75,1151.5339918513923,False,1.8887848864132255
2026-05-28,46,discharge,21.75,854.1692584580344,False,2.5463337370936987
2026-05-28,47,discharge,21.75,851.648096919192,False,2.5538717316083823
2026-05-28,48,discharge,20.865000000000002,825.8902828307778,False,2.526364631447682
2026-05-29,13,charge,21.75,1581.163639537014,False,1.3755691982879579
2026-05-29,15,charge,21.75,1961.5525938888889,False,1.108815540697759
2026-05-29,16,charge,21.75,2054.3897409236993,False,1.0587085579107651
2026-05-29,18,charge,16.98,2332.2045551388887,False,0.7280664966795246
2026-05-29,19,charge,21.75,2137.198710159682,False,1.0176873070625678
2026-05-29,20,discharge,21.75,2331.953750449909,False,0.9326943124752678
2026-05-29,21,discharge,21.75,2462.7937873272563,False,0.8831433679879532
2026-05-29,23,charge,21.75,2500.567668121939,False,0.8698024963401779
2026-05-29,24,charge,21.75,2461.5726358089273,False,0.8835814829755153
2026-05-29,25,charge,21.75,2554.534911712963,False,0.8514270014581781
2026-05-29,26,charge,21.75,2503.052344829699,False,0.8689390793175686
2026-05-29,27,charge,21.75,2358.3872124957825,False,0.9222404143288618
2026-05-29,29,charge,21.75,2520.3676632563406,False,0.8629693324940846
2026-05-29,30,charge,21.75,2338.1779953501177,False,0.9302114742014397
2026-05-29,31,charge,21.75,2505.8530655309783,False,0.8679678908224924
2026-05-29,32,charge,21.75,2742.7901017857143,False,0.7929881322613604
2026-05-29,33,charge,21.75,2514.953254186508,False,0.8648272075750888
2026-05-29,38,discharge,21.75,1891.8941875485696,False,1.1496414621466045
2026-05-29,39,discharge,21.75,1766.029778323158,False,1.2315760621347835
2026-05-29,41,discharge,21.75,2270.399787136493,False,0.9579810623322799
2026-05-29,42,discharge,21.75,2167.974707143867,False,1.0032404865393418
2026-05-29,43,discharge,21.75,1893.0430637706304,False,1.1489437517959882
2026-05-29,44,discharge,21.75,1930.554892396616,False,1.1266190920372778
2026-05-29,45,discharge,21.75,1752.922046442696,False,1.2407853528990926
2026-05-29,46,discharge,21.75,1483.0916133838384,False,1.4665311167376205
2026-05-29,47,discharge,21.75,1279.3980541966891,False,1.7000182178373273
2026-05-29,48,discharge,21.15,1027.1490799603175,False,2.059097400040226
2026-05-30,2,charge,21.75,1476.6151975942475,False,1.4729633038746894
2026-05-30,3,charge,21.75,1272.884330669192,False,1.7087177111030503
2026-05-30,4,charge,21.75,1190.3911612786494,False,1.8271305019299209
2026-05-30,5,charge,21.75,1073.4292033993636,False,2.0262165339941873
2026-05-30,8,discharge,11.25,576.1333308333334,False,1.9526730008360607
2026-05-30,9,charge,21.75,890.0992522222223,False,2.443547721863482
2026-05-30,10,discharge,11.25,481.5833333333333,False,2.336044298321509
2026-05-30,11,discharge,20.28,426.5,False,4.754982415005863
2026-05-30,12,charge,21.75,805.0509024404762,False,2.701692518332175
2026-05-30,13,discharge,21.75,426.5,False,5.0996483001172335
2026-05-30,14,discharge,20.175,426.5,False,4.730363423212192
2026-05-30,15,discharge,10.5,426.74044805555553,False,2.4605120156393165
2026-05-30,16,discharge,10.5,426.7761111111111,False,2.4603064057787263
2026-05-30,17,charge,21.75,705.081985770202,False,3.0847476518977026
2026-05-30,18,charge,21.75,1042.8615777469136,False,2.08560756903045
2026-05-30,19,charge,21.75,843.8438888888888,False,2.5774909656143614
2026-05-30,20,charge,21.75,603.7268405555556,False,3.602622666235185
2026-05-30,23,charge,21.75,628.0437513888888,False,3.4631345271568916
2026-05-30,27,charge,21.75,332.9744339504988,False,6.53203302786707
2026-05-30,28,charge,21.75,565.262111570197,False,3.8477724855080755
2026-05-30,30,discharge,21.75,970.5144387655952,False,2.241079486428249
2026-05-30,31,discharge,21.75,906.720757099355,False,2.3987539526038137
2026-05-30,32,discharge,21.75,886.3114681120269,False,2.453990587116139
2026-05-30,33,discharge,21.75,557.7565979563215,False,3.899550463355212
2026-05-30,34,discharge,21.75,518.2999974238352,False,4.196411365638911
2026-05-30,35,charge,21.75,558.9525762373737,False,3.891206682758592
2026-05-30,36,charge,21.75,458.158542169489,False,4.747264974479927
2026-05-30,41,charge,19.065,362.65,False,5.257134978629533
2026-05-30,42,discharge,21.75,239.3490330064621,False,9.087147638241253
2026-05-30,43,discharge,21.75,357.54779125,False,6.083102883662409
2026-05-30,45,discharge,21.75,112.33333333333331,False,19.362017804154306
2026-05-31,1,charge,20.25,807.4616678205128,False,2.507858986626382
2026-05-31,3,charge,10.5,376.7116602380953,False,2.787277673689108
2026-05-31,15,charge,20.38,479.7163792242373,False,4.248343580212347
2026-05-31,17,charge,20.25,840.8576394281046,False,2.4082554585307334
2026-05-31,18,charge,21.75,662.1928250453251,False,3.284541779580786
2026-05-31,19,charge,21.75,538.4704376190476,False,4.039218958086517
2026-05-31,20,charge,20.25,394.935926223545,False,5.127414007035137
2026-05-31,21,charge,20.25,410.2900806944445,False,4.935532432498848
2026-05-31,22,discharge,21.75,906.9564101388888,False,2.398130688184812
2026-05-31,23,charge,21.75,963.1838706944444,False,2.2581358203515705
2026-05-31,24,charge,21.75,921.6833495833332,False,2.3598126200101754
2026-05-31,25,charge,21.75,1015.7006707142856,False,2.1413789147844553
2026-05-31,26,charge,21.75,1081.325733207672,False,2.0114198092262403
2026-05-31,27,charge,21.75,1004.9276843716932,False,2.1643348410287517
2026-05-31,28,charge,21.75,1196.8285923062533,False,1.8173028401743305
2026-05-31,29,charge,21.75,1271.9458458333334,False,1.7099784610523399
2026-05-31,30,charge,21.75,1396.287488465997,False,1.5577021336698502
2026-05-31,31,charge,21.75,1165.8175418055555,False,1.8656435694315225
2026-05-31,32,charge,21.75,1148.2333339748493,False,1.8942142991710436
2026-05-31,33,charge,21.75,1190.43631114418,False,1.8270612040635026
2026-05-31,34,discharge,20.25,983.9118152907754,False,2.058111274333617
2026-05-31,35,discharge,20.25,759.6666670833333,False,2.665642824338722
2026-05-31,36,discharge,20.25,668.3500003571429,False,3.0298496280659992
2026-05-31,37,discharge,21.75,681.3750990170142,False,3.1920743847812516
2026-05-31,38,discharge,21.75,584.1878544369667,False,3.7231174586747255
2026-05-31,39,discharge,21.75,796.1333379166666,False,2.731954430763535
2026-05-31,40,discharge,21.75,707.4500016666667,False,3.0744222134086687
2026-05-31,41,discharge,21.75,720.5485756322099,False,3.0185334806770703
2026-05-31,42,discharge,21.75,668.1999973611111,False,3.2550134818761136
2026-05-31,43,discharge,21.75,682.0759250925926,False,3.1887945608177586
2026-05-31,44,discharge,21.75,491.0574074074074,False,4.42921737294048
2026-05-31,45,discharge,21.75,472.65833333333336,False,4.601632609883813
2026-05-31,46,discharge,21.15,427.6249998611111,False,4.945922246564007
2026-05-31,47,discharge,20.25,324.2916666666667,False,6.244378774251573
2026-06-01,3,charge,16.384999999999998,586.2625766666666,False,2.7948227726150896
2026-06-01,5,charge,21.75,215.02559527777777,False,10.115074892318084
2026-06-01,9,charge,21.75,576.8875886309523,False,3.770231918425611
2026-06-01,10,charge,21.75,596.1826086574074,False,3.6482110823361005
2026-06-01,11,charge,21.75,671.7812359722222,False,3.237661136593483
2026-06-01,12,charge,21.75,668.6156896794872,False,3.25298977211053
2026-06-01,13,charge,21.75,543.5836648575498,False,4.0012239892638695
2026-06-01,14,charge,21.75,577.3035780520422,False,3.7675151907752946
2026-06-01,15,charge,21.75,388.9066793452381,False,5.59260129875327
2026-06-01,16,discharge,21.75,156.66666666666666,False,13.882978723404257
2026-06-01,17,discharge,21.75,225.70832416666667,False,9.636330463354753
2026-06-01,18,charge,21.75,161.26220959554334,False,13.487350852100121
2026-06-01,19,discharge,21.75,118.3,False,18.385460693153004
2026-06-01,20,discharge,21.75,125.06666666666666,False,17.390724946695098
2026-06-01,21,discharge,21.75,115.0,False,18.913043478260867
2026-06-01,22,discharge,21.75,115.0,False,18.913043478260867
2026-06-01,23,charge,21.75,526.4666666666667,False,4.131315689502343
2026-06-01,24,charge,21.75,246.31898616286492,False,8.830013609108883
2026-06-01,25,charge,21.75,206.5076479076479,False,10.53229757850266
2026-06-01,26,charge,21.75,315.20974206349206,False,6.900167443307936
2026-06-01,27,charge,21.75,269.2547222222222,False,8.077852756115906
2026-06-01,28,charge,21.75,691.9525355555555,False,3.143279182081086
2026-06-01,29,charge,21.75,371.86039300925927,False,5.848969239232323
2026-06-01,31,discharge,21.75,193.39166666666668,False,11.246606627310724
2026-06-01,32,discharge,21.75,368.975,False,5.89470831357138
2026-06-01,33,charge,21.75,780.0837794246032,False,2.7881620633161983
2026-06-01,34,charge,21.75,830.0866783377544,False,2.620208294819801
2026-06-01,35,charge,21.75,882.1757575942369,False,2.4654950912858875
2026-06-01,37,discharge,21.75,675.2500063564164,False,3.2210292181055857
2026-06-01,38,discharge,21.75,693.4089852777778,False,3.136676977337842
2026-06-01,39,discharge,21.75,676.2616622931132,False,3.2162107084776395
2026-06-01,40,discharge,21.75,673.1871527777778,False,3.230899447538889
2026-06-01,41,discharge,21.75,673.4920972222222,False,3.2294365575641604
2026-06-01,42,discharge,21.75,633.0380118055556,False,3.4358126359528542
2026-06-01,43,discharge,21.75,521.1137835805896,False,4.173752582507998
2026-06-01,44,discharge,21.75,416.3940798611111,False,5.223417203062721
2026-06-02,1,charge,21.75,745.3788225793651,False,2.917979333613834
2026-06-02,3,charge,21.75,517.4392259126984,False,4.203392188065315
2026-06-02,4,charge,21.75,278.2259210648148,False,7.817388084028725
2026-06-02,5,charge,21.75,385.5864332199872,False,5.640758627934156
2026-06-02,6,charge,21.75,245.2746031746032,False,8.867611941264407
2026-06-02,7,charge,21.75,582.6881982621784,False,3.7326995921433896
2026-06-02,8,charge,21.75,280.18726509760995,False,7.762665441779756
2026-06-02,12,discharge,7.395,680.6250001470588,False,1.0865013771757142
2026-06-02,14,discharge,21.75,447.66310218253705,False,4.858564374405671
2026-06-02,15,charge,21.75,240.1275284018292,False,9.057687031868985
2026-06-02,17,discharge,21.75,321.6589684722222,False,6.761819856385657
2026-06-02,18,discharge,21.75,466.7424227735876,False,4.659957813723464
2026-06-02,19,discharge,21.75,363.0666673611111,False,5.9906353172232
2026-06-02,20,discharge,21.75,352.8391267928819,False,6.164282345242097
2026-06-02,22,charge,21.75,256.19084620015633,False,8.489764690111995
2026-06-02,23,charge,21.75,716.8631368497605,False,3.034051952452166
2026-06-02,24,charge,21.75,762.2894006320477,False,2.8532470715145872
2026-06-02,25,charge,21.75,319.6500079216345,False,6.804317053335483
2026-06-02,26,discharge,21.75,285.6166666666667,False,7.615101826457373
2026-06-02,27,discharge,21.75,228.00000083333333,False,9.53947364934403
2026-06-02,28,charge,21.75,277.9347973611111,False,7.825576432497214
2026-06-02,29,discharge,21.75,244.633732124183,False,8.890842571522018
2026-06-02,30,discharge,21.75,239.86778948148148,False,9.067495075940226
2026-06-02,31,discharge,21.75,322.39326923076925,False,6.746418761128458
2026-06-02,33,charge,21.75,554.4019633241758,False,3.9231462799279644
2026-06-02,34,discharge,21.75,625.7240101904762,False,3.4759733757665936
2026-06-02,35,charge,21.75,754.1098795965609,False,2.8841950740170614
2026-06-02,36,charge,21.75,807.8182242766717,False,2.6924374006881515
2026-06-02,37,charge,21.75,1120.5007097625614,False,1.9410964946741456
2026-06-02,39,charge,21.75,607.5709965454944,False,3.5798285506822047
2026-06-02,40,discharge,21.75,475.80765015195544,False,4.5711749260554875
2026-06-02,41,discharge,21.75,352.80833333333334,False,6.164820369889222
2026-06-02,42,discharge,21.75,289.1166707025905,False,7.522914519991088
2026-06-02,43,charge,21.75,192.313436618044,False,11.309662175710548
2026-06-02,44,discharge,1.0899999999999999,125.575,False,0.8680071670316543
2026-06-02,45,discharge,21.75,161.11000375,False,13.50009278986191
2026-06-02,46,charge,21.75,220.56564114875863,False,9.86101003162632
2026-06-02,48,discharge,17.62,323.30516488095236,False,5.449959330680056
2026-06-03,2,charge,21.75,940.4523096230158,False,2.3127169530498124
2026-06-03,4,charge,21.75,964.920428471037,False,2.254071875591226
2026-06-03,5,charge,21.75,851.9428011709432,False,2.552988295705528
2026-06-03,6,charge,21.75,819.7274646085816,False,2.653320882738214
2026-06-03,7,charge,21.75,834.2460547166042,False,2.6071444841760187
2026-06-03,8,charge,21.75,750.7161497222222,False,2.8972335293503235
2026-06-03,9,discharge,14.575,342.2718063888889,False,4.258311589777833
2026-06-03,10,discharge,21.75,365.27222222222224,False,5.954463185751875
2026-06-03,11,charge,21.75,901.4251827191898,False,2.412845837564704
2026-06-03,12,discharge,21.75,331.21994862795606,False,6.566633468212617
2026-06-03,15,discharge,21.75,948.4865393543956,False,2.293126902444449
2026-06-03,17,discharge,21.75,1114.5,False,1.9515477792732168
2026-06-03,18,discharge,21.75,914.7083333333334,False,2.3778071334214
2026-06-03,19,charge,21.75,808.373160618383,False,2.690589081824767
2026-06-03,20,discharge,17.62,905.5,False,1.9458862506902264
2026-06-03,24,charge,21.75,1084.6588100901886,False,2.0052388638406486
2026-06-03,25,charge,21.75,1242.4393670432053,False,1.750588445354988
2026-06-03,26,charge,21.75,1219.8656383534124,False,1.782983249643656
2026-06-03,27,charge,21.75,950.1064107838088,False,2.289217265890977
2026-06-03,28,charge,21.75,891.787837637489,False,2.438920904956472
2026-06-03,29,charge,21.75,745.2509819642858,False,2.918479884813129
2026-06-03,30,charge,21.75,708.5354184848485,False,3.0697124565079323
2026-06-03,31,charge,21.75,501.2216611835749,False,4.339397453142784
2026-06-03,32,charge,21.75,627.6476741666667,False,3.4653199390689475
2026-06-03,33,charge,21.75,431.37055555555554,False,5.042068755014702
2026-06-03,34,discharge,21.75,884.6154041167299,False,2.4586955979719707
2026-06-03,35,discharge,15.66,878.1927777777778,False,1.783207559463975
2026-06-03,36,discharge,21.75,918.0850056338728,False,2.3690616736500516
2026-06-03,37,discharge,21.75,991.0083341666668,False,2.1947343175765974
2026-06-03,38,discharge,21.75,1013.0240826388888,False,2.1470368150915116
2026-06-03,41,charge,21.75,1027.09167375,False,2.1176298626381502
2026-06-03,42,charge,21.75,954.3015485804827,False,2.2791537991689292
2026-06-03,43,discharge,21.75,954.3386664068844,False,2.279065154290504
2026-06-03,44,discharge,21.75,917.5,False,2.370572207084469
2026-06-03,45,discharge,21.75,1081.0441176470588,False,2.0119437907251974
2026-06-03,46,discharge,21.75,1245.8725490196075,False,1.745764445738478
2026-06-03,47,discharge,21.75,1513.2867530030098,False,1.4372689086743589
2026-06-04,3,charge,21.75,1549.0638764517698,False,1.4040737977713205
2026-06-04,4,charge,21.75,1588.6095728527084,False,1.3691218013336623
2026-06-04,5,charge,21.75,1299.423769513204,False,1.6738188503468798
2026-06-04,6,charge,21.75,1275.0225854960318,False,1.705852135281073
2026-06-04,7,charge,21.75,1117.0840198369926,False,1.9470334919994476
2026-06-04,8,charge,21.75,1151.0003635361263,False,1.8896605673676083
2026-06-04,9,charge,21.75,1172.2384554198718,False,1.8554245426293914
2026-06-04,10,discharge,21.75,1862.8380544383515,False,1.1675733136425355
2026-06-04,11,discharge,21.75,1868.871279859247,False,1.1638040690334805
2026-06-04,12,discharge,21.75,1859.2715383589396,False,1.169812991339465
2026-06-04,13,charge,21.75,1037.9152778209325,False,2.095546762319886
2026-06-04,14,discharge,6.305,1722.761876798215,False,0.3659820945026923
2026-06-04,15,discharge,21.75,1722.985079401294,False,1.2623440713460925
2026-06-04,16,charge,21.75,925.4499959827948,False,2.350208017117368
2026-06-04,17,discharge,21.75,1383.7375076445935,False,1.5718299084790281
2026-06-04,18,discharge,21.75,1254.4791666666667,False,1.7337872623100554
2026-06-04,19,discharge,21.75,1246.1916666666666,False,1.7453174003463887
2026-06-04,21,charge,20.25,735.7948216847826,False,2.752125919238282
2026-06-04,22,charge,21.75,652.8847217948718,False,3.3313691183041003
2026-06-04,23,charge,21.75,927.4083333333332,False,2.345245262335002
2026-06-04,24,charge,21.75,844.7249658864567,False,2.5748025544829836
2026-06-04,25,charge,21.75,983.0019448611112,False,2.21261006793563
2026-06-04,26,charge,21.75,945.5916685972222,False,2.300147169471782
2026-06-04,27,charge,21.75,1069.0259616666667,False,2.0345623754628583
2026-06-04,28,charge,21.75,1828.5011118055556,False,1.1894988665619644
2026-06-04,29,charge,21.75,2245.290485705781,False,0.9686942575344828
2026-06-04,30,charge,21.75,2355.3861121560844,False,0.9234154811285009
2026-06-04,31,charge,21.75,2070.3960430181164,False,1.0505236461084988
2026-06-04,32,charge,21.75,2056.266666666667,False,1.0577421864868368
2026-06-04,33,charge,21.75,1751.580288449388,False,1.241735828122073
2026-06-04,34,charge,20.25,1368.4935007564484,False,1.4797293512031011
2026-06-04,35,discharge,21.75,1270.8366633333333,False,1.7114709252211036
2026-06-04,36,discharge,21.75,1183.9083333333333,False,1.837135476423428
2026-06-04,37,charge,18.0,1241.1538836804443,False,1.4502633586919829
2026-06-04,38,discharge,20.865000000000002,1226.2060188398611,False,1.7015900818804337
2026-06-04,39,discharge,21.75,1182.1297466734138,False,1.8398995593508956
2026-06-04,40,discharge,21.75,1562.1878876987396,False,1.3922781101599722
2026-06-04,41,discharge,21.75,2018.4747156674716,False,1.077546319068341
2026-06-04,42,discharge,21.75,2065.583796463438,False,1.052971079519455
2026-06-04,43,discharge,21.75,2422.3400208312514,False,0.8978921131202818
2026-06-04,44,discharge,21.75,2667.314125839127,False,0.8154270166119835
2026-06-04,45,discharge,21.75,2322.463570239129,False,0.9365055400098502
2026-06-04,46,discharge,21.75,1966.0832439992391,False,1.1062603817200538
2026-06-04,47,discharge,20.25,1725.3458333333333,False,1.173677740935996
2026-06-05,1,charge,21.75,1837.3223569444444,False,1.1837879138515082
2026-06-05,2,charge,21.75,1645.4081944444445,False,1.3218604400681053
2026-06-05,3,charge,21.75,1741.823868888889,False,1.2486911213287222
2026-06-05,4,charge,21.75,1734.0150008333333,False,1.2543144084421058
2026-06-05,5,charge,21.75,1633.8555555555556,False,1.331207029045135
2026-06-05,6,discharge,8.48,1987.8694331420795,False,0.4265873733264406
2026-06-05,7,charge,21.75,1310.8723331944443,False,1.6592004766015438
2026-06-05,8,charge,21.75,1322.9646037820355,False,1.6440349150553246
2026-06-05,10,charge,21.75,1609.715791977657,False,1.351170194663897
2026-06-05,11,charge,21.75,1902.4116180882352,False,1.1432857008020658
2026-06-05,12,charge,21.75,1850.027488232438,False,1.175658207153478
2026-06-05,13,charge,21.75,1711.0087925,False,1.2711799083288462
2026-06-05,16,discharge,21.75,1494.2794763729246,False,1.4555510092927149
2026-06-05,17,discharge,21.75,1550.864009259259,False,1.4024440486170335
2026-06-05,18,discharge,21.75,1459.7628795833334,False,1.4899680149565249
2026-06-05,20,discharge,21.75,1350.2391820833334,False,1.6108257180362022
2026-06-05,21,discharge,21.75,1321.0895117124542,False,1.6463683805805631
2026-06-05,22,discharge,21.75,1198.720238095238,False,1.814435037366239
2026-06-05,24,discharge,21.75,1044.175,False,2.0829841741087463
2026-06-05,26,charge,21.75,1245.8088803240742,False,1.7458536653184025
2026-06-05,27,charge,21.75,1218.8457680555557,False,1.7844751624890263
2026-06-05,28,charge,21.75,1235.9347222222225,False,1.7598016795655105
2026-06-05,29,charge,21.75,1129.3015555555555,False,1.9259691880350038
2026-06-05,31,charge,21.75,1127.1274214947714,False,1.929684220720638
2026-06-05,32,charge,21.75,917.0105423280424,False,2.3718375085179084
2026-06-05,33,charge,21.75,809.3666037037037,False,2.6872865646384305
2026-06-05,34,charge,21.75,1041.6223095386904,False,2.0880889167622145
2026-06-05,38,discharge,21.75,795.675,False,2.733528136487888
2026-06-05,39,discharge,21.75,800.1069654743613,False,2.7183865331187342
2026-06-05,40,discharge,21.75,911.8509457318572,False,2.3852582597853553
2026-06-05,41,discharge,21.75,899.4558832316624,False,2.4181286048020776
2026-06-05,42,discharge,21.75,789.2,False,2.755955397871262
2026-06-05,43,discharge,21.75,697.6416645833333,False,3.1176463654862405
2026-06-05,47,discharge,21.75,463.28372055555553,False,4.694747308176093
2026-06-05,48,discharge,21.75,492.07067708333335,False,4.420096748889709
2026-06-06,6,charge,21.75,80.14833333333333,False,27.137183139595333
2026-06-06,9,discharge,17.62,931.2530597159412,False,1.892074320311453
2026-06-06,15,charge,21.75,1169.1981633415146,False,1.860249244477044
2026-06-06,16,charge,21.75,1540.7687929917147,False,1.4116329522593698
2026-06-06,17,charge,21.75,1271.5570008914888,False,1.7105013762458994
2026-06-06,18,charge,21.75,1030.4349560588853,False,2.1107591383727353
2026-06-06,19,discharge,21.75,1273.4122482155522,False,1.7080093293023162
2026-06-06,20,charge,21.75,848.184132008547,False,2.5643016862971484
2026-06-06,21,charge,21.75,779.0813041389971,False,2.791749703715076
2026-06-06,22,charge,21.75,556.5430347070549,False,3.908053581417734
2026-06-06,23,charge,21.75,972.8977112471964,False,2.2355895947291113
2026-06-06,24,charge,21.75,1114.8954558127589,False,1.9508555610843574
2026-06-06,25,discharge,21.75,1301.3102644444446,False,1.6713923338863013
2026-06-06,26,charge,21.75,1324.2875376867778,False,1.6423925606059986
2026-06-06,28,charge,21.75,1227.6579085092858,False,1.771666182349648
2026-06-06,29,charge,21.75,936.1961083333332,False,2.3232311912426686
2026-06-06,30,charge,21.75,533.9436139614701,False,4.07346383237566
2026-06-06,32,discharge,21.75,1552.2966613888889,False,1.4011496990877754
2026-06-06,33,discharge,21.75,1322.10680375,False,1.6451015862189569
2026-06-06,34,discharge,21.75,1440.7888759722225,False,1.5095896673496614
2026-06-06,35,discharge,21.75,1139.8962044444445,False,1.908068464058127
2026-06-06,36,discharge,21.75,1248.5299777777775,False,1.7420486802176907
2026-06-06,37,discharge,21.75,1223.5935399242408,False,1.7775510649841009
2026-06-06,42,discharge,21.75,1097.8333333333333,False,1.9811750417488994
2026-06-06,44,discharge,21.75,1059.6724659795275,False,2.0525210098664775
2026-06-06,45,charge,12.614999999999998,1173.5603632478633,False,1.0749340549545838
2026-06-06,47,discharge,21.75,1167.378442840313,False,1.863149018503437
2026-06-07,8,charge,21.75,939.9641808055557,False,2.313917960295051
2026-06-07,10,discharge,17.62,1330.4601363281454,False,1.3243538471305385
2026-06-07,13,charge,15.254999999999999,720.5606798117103,False,2.1171013666727254
2026-06-07,14,charge,21.75,1390.183506866157,False,1.5645416517010968
2026-06-07,15,charge,21.75,1316.3948221102498,False,1.6522398625918029
2026-06-07,16,charge,21.75,1424.1480325755554,False,1.527228876668486
2026-06-07,17,charge,21.75,1258.0840113684212,False,1.7288193636879996
2026-06-07,18,discharge,21.75,1609.1411364266576,False,1.3516527237815312
2026-06-07,19,discharge,21.75,1456.532431946457,False,1.4932726194729553
2026-06-07,20,charge,21.75,731.2625330677656,False,2.974307996986418
2026-06-07,21,charge,21.75,617.7683361507917,False,3.520737261401339
2026-06-07,22,charge,21.75,809.6718653483214,False,2.686273406652599
2026-06-07,23,charge,21.75,898.7079167676768,False,2.4201411375374087
2026-06-07,24,charge,21.75,1211.0697941666667,False,1.7959328277166804
2026-06-07,25,charge,21.75,793.8482707787966,False,2.7398182751802667
2026-06-07,26,charge,21.75,972.2034458333194,False,2.2371860635977376
2026-06-07,27,charge,21.75,1147.0403472222222,False,1.8961843890384318
2026-06-07,28,charge,21.75,1349.588535416667,False,1.6116023090908211
2026-06-07,29,charge,21.75,1612.793363450596,False,1.3485918588767964
2026-06-07,30,charge,21.75,1407.6340643055555,False,1.545145897753631
2026-06-07,31,charge,21.75,1288.0213447328144,False,1.688636612191531
2026-06-07,32,charge,21.75,1382.4973562962764,False,1.5732398981411766
2026-06-07,33,charge,21.75,1976.4731129166669,False,1.1004450228975635
2026-06-07,34,charge,21.75,1683.3741666666667,False,1.2920478661656227
2026-06-07,35,discharge,21.75,2216.102828309504,False,0.9814526529254701
2026-06-07,36,discharge,21.75,2206.8265205228904,False,0.9855781502411213
2026-06-07,37,discharge,20.25,2165.9218496912285,False,0.9349367800544982
2026-06-07,38,discharge,21.75,2157.955352473134,False,1.0078985172271204
2026-06-07,39,discharge,20.25,2149.4267733892934,False,0.942111648124168
2026-06-07,40,discharge,21.75,2312.30138381351,False,0.9406213287010758
2026-06-07,41,discharge,21.15,2359.1116048404347,False,0.8965239269140274
2026-06-07,42,discharge,21.75,2346.4916391591937,False,0.9269157254612492
2026-06-07,43,discharge,21.75,2264.018749388889,False,0.9606810900250198
2026-06-07,44,discharge,21.75,1935.379846288968,False,1.1238104004082177
2026-06-07,45,discharge,21.75,1661.7242657450893,False,1.3088814100122481
2026-06-07,46,discharge,20.25,1417.3296524843724,False,1.4287431272255329
2026-06-07,47,discharge,20.25,1138.587154861111,False,1.778519976581869
2026-06-07,48,discharge,21.75,1126.7271897927287,False,1.9303696757332272
2026-06-08,11,charge,21.75,1214.3120535714286,False,1.7911376187060648
2026-06-08,12,charge,21.75,1232.7,False,1.7644195668045752
2026-06-08,16,discharge,21.75,914.8335125730856,False,2.377481771390879
2026-06-08,17,discharge,9.355,1040.508689684087,False,0.899079468797162
2026-06-08,20,charge,21.75,1105.8775978872886,False,1.966763775805934
2026-06-08,21,discharge,21.75,1121.174216506403,False,1.9399304478989317
2026-06-08,22,charge,21.75,1231.080132633629,False,1.7667412074525637
2026-06-08,23,charge,21.75,1304.7010151873126,False,1.6670485993971123
2026-06-08,24,charge,21.75,1218.3199197375243,False,1.7852453733733447
2026-06-08,25,charge,21.75,1175.4003983849595,False,1.8504332676665114
2026-06-08,26,charge,21.75,1062.5380187918167,False,2.0469855774884493
2026-06-08,27,discharge,21.75,1105.8942390529362,False,1.9667341805330523
2026-06-08,28,charge,21.75,1176.724255071643,False,1.8483514643518404
2026-06-08,29,charge,21.75,1198.4532516391043,False,1.8148392496956298
2026-06-08,30,charge,21.75,1385.2708813322658,False,1.570090030267743
2026-06-08,31,discharge,21.75,1289.9285171316208,False,1.6861399458293151
2026-06-08,32,discharge,21.75,1188.0963067807768,False,1.8306596759763543
2026-06-08,33,charge,21.75,1289.0241314564937,False,1.6873229499143858
2026-06-08,34,charge,21.75,1610.3606424759098,False,1.3506291340155732
2026-06-08,35,charge,21.75,1662.6573645815474,False,1.308146853544535
2026-06-08,36,charge,21.75,2004.973481606564,False,1.0848023776639657
2026-06-08,37,charge,7.5200000000000005,1751.426503960114,False,0.42936429150733335
2026-06-08,38,discharge,21.75,1292.6043571781518,False,1.6826494417427011
2026-06-08,39,discharge,21.75,1330.7530449454143,False,1.6344129425525495
2026-06-08,40,discharge,21.75,1288.8083333333334,False,1.6876054753422087
2026-06-08,41,discharge,21.75,1309.5416666666667,False,1.6608864424576029
2026-06-08,42,discharge,21.75,1313.198482361111,False,1.656261432840969
2026-06-08,47,discharge,21.75,344.05986091241664,False,6.321574374389649
2026-06-08,48,discharge,21.75,417.5,False,5.209580838323354
2026-06-09,1,charge,15.305,512.452730524877,False,2.9866169284187314
2026-06-09,2,charge,21.75,608.6154228443942,False,3.573685316476257
2026-06-09,3,charge,21.75,654.3027777777778,False,3.324149115470666
2026-06-09,6,discharge,21.75,535.7322130555556,False,4.0598641392027925
2026-06-09,7,charge,21.75,544.0186834343434,False,3.998024454361403
2026-06-09,8,discharge,21.75,548.3966634722223,False,3.96610728123106
2026-06-09,9,discharge,21.75,635.7097365277777,False,3.42137279803164
2026-06-09,11,charge,21.75,811.3505424049708,False,2.680715530864079
2026-06-09,12,charge,11.280000000000001,1008.8207580850508,False,1.1181371824080781
2026-06-09,13,charge,21.75,1301.790330923901,False,1.670775967783052
2026-06-09,14,charge,21.75,1266.4674825087134,False,1.717375321545246
2026-06-09,17,discharge,21.75,1022.2303611111112,False,2.127700450645868
2026-06-09,18,charge,21.75,1147.9020230792407,False,1.8947610129352108
2026-06-09,19,charge,21.75,1104.4529588575035,False,1.969300713585773
2026-06-09,20,charge,21.75,1224.5502393726251,False,1.7761623248012428
2026-06-09,21,charge,21.75,1173.194309292328,False,1.8539128452745073
2026-06-09,22,charge,21.75,1546.7795477380953,False,1.406147374511495
2026-06-09,23,charge,21.75,1166.8312347697777,False,1.8640227782633363
2026-06-09,24,charge,21.75,1539.4230068055556,False,1.4128670225043116
2026-06-09,25,discharge,21.75,1245.2947970208158,False,1.7465743896171146
2026-06-09,26,charge,21.75,1104.3197047949736,False,1.9695383416198369
2026-06-09,27,charge,21.75,937.1366671031748,False,2.320899476405336
2026-06-09,28,charge,21.75,1024.5859287976584,False,2.1228087746162405
2026-06-09,29,discharge,21.75,1131.4468521856418,False,1.9223174255145106
2026-06-09,30,discharge,21.75,1164.0046619047453,False,1.8685492173552722
2026-06-09,31,discharge,21.75,1304.6416675,False,1.667124432847382
2026-06-09,32,discharge,21.75,1085.0823018055555,False,2.0044562485083786
2026-06-09,33,discharge,21.75,894.5317263877035,False,2.4314397531578686
2026-06-09,34,charge,21.75,1042.047839011548,False,2.08723622714206
2026-06-09,35,charge,21.75,995.1924040629964,False,2.1855070347405112
2026-06-09,36,charge,21.75,1216.659324458181,False,1.7876820209869348
2026-06-09,37,charge,21.75,987.7628890788072,False,2.201945450722912
2026-06-09,38,charge,21.75,953.6233470376408,False,2.28077469658904
2026-06-09,39,discharge,21.75,508.3333333333333,False,4.278688524590164
2026-06-09,40,discharge,21.75,442.2916755994102,False,4.91756937783728
2026-06-09,41,discharge,21.75,639.9697402777778,False,3.3985981884955137
2026-06-09,42,discharge,21.75,515.745021404365,False,4.217200185621786
2026-06-09,43,discharge,21.75,460.0141719421528,False,4.7281152030975
2026-06-09,44,discharge,21.75,261.5463888888889,False,8.315924411114663
2026-06-09,45,discharge,21.75,250.37999958333333,False,8.686796084429659
2026-06-09,46,discharge,21.75,239.55,False,9.07952410770194
2026-06-10,1,charge,21.75,691.1916666666667,False,3.146739327007704
2026-06-10,6,charge,21.75,667.2088541666667,False,3.2598488260719214
2026-06-10,10,charge,21.75,631.5707691666667,False,3.4437945930743896
2026-06-10,11,charge,21.75,968.9899779924704,False,2.2446052584631593
2026-06-10,12,charge,21.75,888.0153868386243,False,2.449281884341104
2026-06-10,13,charge,21.75,787.8987705046806,False,2.7605069095447705
2026-06-10,15,discharge,21.75,370.3752921886973,False,5.872421961916103
2026-06-10,16,discharge,21.75,300.9053661163384,False,7.2281861505889005
2026-06-10,17,discharge,21.75,259.68185208333335,False,8.375633424325818
2026-06-10,18,discharge,18.705,238.6633340873016,False,7.837399938927285
2026-06-10,19,discharge,21.75,302.08332930555554,False,7.200000096000002
2026-06-10,21,charge,21.53,458.2346976851852,False,4.69846567899829
2026-06-10,22,charge,21.75,657.0841981481482,False,3.3100780784711827
2026-06-10,23,charge,21.75,780.9975811688312,False,2.784899790271978
2026-06-10,24,charge,21.75,1170.0652579380342,False,1.8588706785747384
2026-06-10,25,charge,21.75,1014.3025033104396,False,2.14433070302136
2026-06-10,26,charge,21.75,838.0476043055555,False,2.5953179614448088
2026-06-10,27,charge,21.75,1345.696545643939,False,1.6162633448384347
2026-06-10,28,charge,21.75,1226.770895183374,False,1.7729471807161576
2026-06-10,29,charge,21.75,1116.13633255291,False,1.9486866761385484
2026-06-10,30,charge,21.75,1336.090995156695,False,1.627883136615945
2026-06-10,31,charge,21.75,924.3347645886752,False,2.353043597757426
2026-06-10,32,charge,21.75,623.311792275641,False,3.4894253998617937
2026-06-10,33,charge,20.25,626.117819841954,False,3.23421556746485
2026-06-10,34,charge,11.745,666.2686483056513,False,1.7628024416079038
2026-06-10,38,discharge,20.25,780.8974722695718,False,2.593170130407279
2026-06-10,39,discharge,21.75,782.5096166263697,False,2.779518556432658
2026-06-10,40,discharge,21.75,780.177252638889,False,2.7878280129845256
2026-06-10,41,discharge,21.15,954.6696999872172,False,2.2154259216861276
2026-06-10,42,discharge,21.75,832.3840734722222,False,2.612976472419955
2026-06-10,43,discharge,21.75,819.0676219949495,False,2.6554584036693996
2026-06-10,44,discharge,21.75,669.530559469676,False,3.2485447740022226
2026-06-10,45,discharge,21.75,581.4944473611112,False,3.740362457234804
2026-06-10,46,discharge,21.75,413.965,False,5.2540673728455305
2026-06-10,47,discharge,21.75,477.4109535515421,False,4.555823413392176
2026-06-10,48,discharge,21.75,609.9314060897436,False,3.5659747609061085
2026-06-11,2,charge,21.75,784.7775652389278,False,2.7714859551799433
2026-06-11,3,charge,21.75,793.9701388888889,False,2.7393977348364453
2026-06-11,4,discharge,13.485000000000001,485.84166666666664,False,2.775595615855646
2026-06-11,5,discharge,21.75,468.0,False,4.647435897435898
2026-06-11,6,charge,21.75,653.9333333333333,False,3.3260271179529
2026-06-11,7,charge,21.75,633.5916666666667,False,3.432810301061409
2026-06-11,8,charge,21.75,626.6691645833333,False,3.470730846388681
2026-06-11,9,charge,21.75,750.9322925,False,2.896399611154024
2026-06-11,10,charge,21.75,790.8886805902778,False,2.7500709687445446
2026-06-11,11,charge,21.75,857.7229846688034,False,2.535783742393056
2026-06-11,12,charge,21.75,958.954996505616,False,2.2680939229949173
2026-06-11,13,charge,21.75,1068.994000010504,False,2.0346232064713443
2026-06-11,14,discharge,21.75,745.7416684294815,False,2.9165595702604508
2026-06-11,15,charge,21.75,831.3645164575702,False,2.6161809374155602
2026-06-11,16,discharge,21.75,965.4000008333334,False,2.252952142244189
2026-06-11,17,charge,21.75,1031.4152785371705,False,2.1087529390535558
2026-06-11,21,discharge,21.75,1216.20531521196,False,1.7883493623944091
2026-06-11,24,charge,21.75,1059.922222411616,False,2.0520373608652847
2026-06-11,25,charge,21.75,859.3056690277778,False,2.5311132911072316
2026-06-11,33,charge,21.75,1096.9248470119276,False,1.9828158746925986
2026-06-11,36,discharge,21.75,1168.49186888468,False,1.8613736714111904
2026-06-11,38,discharge,11.530000000000001,1226.0247301388888,False,0.9404378000347382
2026-06-11,39,discharge,21.75,1250.3512232743562,False,1.7395112345347419
2026-06-11,40,discharge,21.75,1170.9954007586025,False,1.8573941439829533
2026-06-11,41,discharge,21.75,1190.2540723148147,False,1.8273409439129615
2026-06-11,42,discharge,21.75,1411.0726290820494,False,1.5413806172506594
2026-06-11,43,discharge,21.75,1806.2866512319824,False,1.20412781576863
2026-06-11,44,discharge,21.75,1446.7066272237485,False,1.5034146931184365
2026-06-11,47,charge,21.75,1649.6309163508188,False,1.3184767443685892
2026-06-11,48,discharge,17.62,1597.1666666666667,False,1.103203589690076
2026-06-12,1,charge,21.75,1607.2583333333334,False,1.353236100813497
2026-06-12,2,charge,21.75,1505.4279840856482,False,1.444771867530435
2026-06-12,3,charge,21.75,1380.193888888889,False,1.575865548680962
2026-06-12,8,charge,21.75,1257.0177726234567,False,1.730285798155956
2026-06-12,10,charge,21.75,1303.8916659722222,False,1.6680833667099577
2026-06-12,11,charge,21.75,1735.0969444444445,False,1.2535322634069919
2026-06-12,12,charge,21.75,1790.4876479570707,False,1.2147528649424943
2026-06-12,13,charge,21.75,2204.886448169192,False,0.9864453572228139
2026-06-12,14,discharge,10.44,1686.1765053156566,False,0.619152263543466
2026-06-12,15,discharge,21.75,1478.5357014436026,False,1.4710500381400249
2026-06-12,16,discharge,21.75,1909.0493648611111,False,1.1393105071215577
2026-06-12,17,discharge,21.75,2237.882091673629,False,0.9719010702540625
2026-06-12,18,discharge,21.75,2230.3004543068782,False,0.9752049307078385
2026-06-12,19,discharge,21.75,2543.264195740741,False,0.8552001807922744
2026-06-12,20,discharge,21.75,2011.8907098099417,False,1.0810726394802364
2026-06-12,21,charge,20.6,1847.8036038011696,False,1.1148370940300771
2026-06-12,22,charge,21.75,1889.275858611111,False,1.1512347390067945
2026-06-12,23,discharge,21.75,1901.4011229385965,False,1.1438932972957117
2026-06-12,24,charge,21.53,1739.5783438888889,False,1.2376562444361618
2026-06-12,25,charge,21.75,1698.864730530045,False,1.2802667339626272
2026-06-12,26,charge,21.75,2130.2301863984467,False,1.0210164206137953
2026-06-12,27,charge,21.75,2050.0008792461317,False,1.060975154703268
2026-06-12,28,charge,21.75,2346.937102104701,False,0.9267397912153206
2026-06-12,29,charge,21.75,2367.4618843580024,False,0.9187053926276014
2026-06-12,30,charge,21.75,2347.4244413003594,False,0.9265473945543292
2026-06-12,31,charge,21.75,2782.5664169824367,False,0.7816525013475458
2026-06-12,32,charge,21.75,2732.2376326482427,False,0.7960508171069528
2026-06-12,33,charge,21.75,3293.986848324515,False,0.6602940752803288
2026-06-12,34,charge,21.75,3310.841384583334,False,0.6569327090472266
2026-06-12,35,charge,21.75,2768.281088436819,False,0.7856861100865192
2026-06-12,36,discharge,3.035,2538.5903898214287,False,0.11955453751692058
2026-06-12,37,discharge,21.75,2842.4708290274298,False,0.7651793565614852
2026-06-12,38,discharge,21.75,2810.300400141502,False,0.7739386152065758
2026-06-12,39,discharge,21.75,3185.786514654505,False,0.6827199468624395
2026-06-12,40,charge,21.75,3646.6527766165705,False,0.5964373723615123
2026-06-12,41,discharge,20.865000000000002,3746.840746738733,False,0.5568691441759566
2026-06-12,42,discharge,21.75,3735.9862479451263,False,0.5821755905007139
2026-06-12,43,discharge,21.75,3418.794856351744,False,0.6361890933464726
2026-06-12,44,discharge,21.75,3553.361679293039,False,0.6120964304519455
2026-06-12,45,discharge,21.75,3557.9221353575304,False,0.611311860477643
2026-06-12,46,discharge,21.75,3608.472856000571,False,0.602748056254093
2026-06-12,47,discharge,21.75,3261.949788131397,False,0.6667791171751745
2026-06-12,48,discharge,21.75,2987.031329694513,False,0.7281477024957886
2026-06-13,5,charge,21.75,3320.6563142865857,False,0.6549910000147907
2026-06-13,6,charge,21.75,3127.841374507514,False,0.695367743942085
2026-06-13,8,discharge,13.485000000000001,1979.1013252777775,False,0.6813698635721599
2026-06-13,9,discharge,21.75,1917.9549536511488,False,1.134020377204127
2026-06-13,12,charge,21.75,2093.6211922109646,False,1.0388698815677804
2026-06-13,13,charge,21.75,1928.4232638888889,False,1.12786442723879
2026-06-13,14,charge,10.205,1780.1500058333334,False,0.5732662959053713
2026-06-13,15,discharge,21.75,1712.9086463888889,False,1.2697699930380295
2026-06-13,16,discharge,21.75,1492.7704545454546,False,1.4570224064772792
2026-06-13,17,charge,21.75,1335.3597222222222,False,1.628774601933104
2026-06-13,18,charge,21.75,1377.6324282936507,False,1.5787955882353735
2026-06-13,19,charge,20.955,1149.2647173093262,False,1.8233397131567846
2026-06-13,20,charge,21.75,1158.5347222222222,False,1.8773714402172286
2026-06-13,21,discharge,21.75,1596.6786641203705,False,1.3622027079557888
2026-06-13,22,charge,21.75,585.46,False,3.715027499743791
2026-06-13,23,charge,21.75,511.09,False,4.255610557827389
2026-06-13,24,charge,20.6,639.2025,False,3.2227658684063347
2026-06-13,25,charge,21.75,1419.882227767094,False,1.531817186993321
2026-06-13,26,charge,21.75,1582.0015453611409,False,1.3748406291875581
2026-06-13,27,charge,21.75,1227.4861225,False,1.771914126059702
2026-06-13,28,charge,21.75,1521.1163058333334,False,1.4298709386383448
2026-06-13,29,charge,21.75,1699.9500875,False,1.2794493297145113
2026-06-13,30,charge,21.75,1638.1810985588222,False,1.3276920371706402
2026-06-13,31,charge,21.75,1770.1486355487243,False,1.2287103785077216
2026-06-13,32,charge,21.75,1732.5719665917109,False,1.2553591088505411
2026-06-13,33,charge,21.75,2241.525001666667,False,0.9703215437627496
2026-06-13,34,charge,21.75,2604.6391973081945,False,0.8350484789785043
2026-06-13,35,charge,21.75,2988.6022222222223,False,0.7277649677924499
2026-06-13,36,charge,21.75,2484.525,False,0.8754188426359163
2026-06-13,37,charge,21.75,2025.819166666667,False,1.0736397580731745
2026-06-13,38,discharge,20.25,1551.6366678968177,False,1.3050735664456858
2026-06-13,39,discharge,21.75,1937.46854,False,1.1225988732699628
2026-06-13,40,discharge,21.75,1769.063903514755,False,1.229463783461262
2026-06-13,41,discharge,21.75,1865.299372075163,False,1.1660326661560456
2026-06-13,42,discharge,21.75,1676.6645067733214,False,1.297218370886676
2026-06-13,43,discharge,21.75,2022.2709175653597,False,1.075523551818919
2026-06-13,44,discharge,21.75,2042.3867238067303,False,1.0649305416293033
2026-06-13,45,discharge,21.75,1546.4290017945516,False,1.4064661212871874
2026-06-13,46,discharge,21.75,1475.564117524102,False,1.4740125313222612
2026-06-13,47,discharge,21.15,1567.6012273282952,False,1.3491951671948172
2026-06-13,48,discharge,21.75,1499.7650000280923,False,1.450227202234523
2026-06-14,1,charge,20.25,1316.6166315656574,False,1.5380331308681459
2026-06-14,2,charge,20.25,1373.2447371184371,False,1.4746096928426469
2026-06-14,3,charge,20.25,1808.0848139636753,False,1.1199695856970362
2026-06-14,4,charge,20.25,2042.7620106397308,False,0.9913049045619522
2026-06-14,5,charge,20.25,1851.7421446047008,False,1.09356478487035
2026-06-14,6,charge,21.75,1875.85453732445,False,1.159471567076957
2026-06-14,7,charge,21.75,1827.2702612250555,False,1.190300113865924
2026-06-14,8,charge,20.6,1823.738445,False,1.12954793799941
2026-06-14,9,charge,21.75,1929.3833810706903,False,1.1273031691570845
2026-06-14,10,charge,21.75,2247.6309062646305,False,0.9676855723676905
2026-06-14,11,charge,21.75,1936.72600513509,False,1.1230292742665424
2026-06-14,12,charge,21.75,1878.5763636111112,False,1.1577916352674031
2026-06-14,13,charge,21.75,1937.865437916667,False,1.1223689516534585
2026-06-14,14,charge,21.75,1814.6009025198452,False,1.1986106680425908
2026-06-14,15,charge,21.75,1645.617987402595,False,1.3216919216062832
2026-06-14,16,charge,21.75,1868.3238894444444,False,1.1641450458821394
2026-06-14,17,charge,21.75,1876.829162111928,False,1.1588694612740091
2026-06-14,18,charge,21.75,1793.6167468055555,False,1.2126336375224478
2026-06-14,19,charge,21.75,1375.7517202777778,False,1.5809538653971995
2026-06-14,20,charge,21.75,1162.3280329122806,False,1.8712445526676411
2026-06-14,21,charge,21.75,1102.0332144123995,False,1.9736247252399763
2026-06-14,22,discharge,21.75,1463.2161142982452,False,1.4864516449390832
2026-06-14,23,charge,21.75,554.0802769444444,False,3.9254239692384485
2026-06-14,24,charge,20.6,474.68125,False,4.339754308812493
2026-06-14,25,discharge,21.75,1463.3774291666666,False,1.4862877864930397
2026-06-14,26,discharge,20.25,1463.016674423101,False,1.3841263981481968
2026-06-14,27,discharge,20.25,1307.9008333333334,False,1.548282521419501
2026-06-14,28,discharge,20.895,1213.077146111111,False,1.7224790745572365
2026-06-14,29,discharge,21.75,1206.6666666666667,False,1.802486187845304
2026-06-14,31,charge,20.25,1179.7850980555556,False,1.7164142887865528
2026-06-14,32,charge,21.75,1156.1037472222222,False,1.8813190470369865
2026-06-14,33,charge,21.75,1048.759213165244,False,2.0738792781954842
2026-06-14,34,discharge,20.25,656.6352642681225,False,3.0839038202692937
2026-06-14,35,discharge,21.75,565.8514506365274,False,3.843764997957217
2026-06-14,36,discharge,21.75,604.0566670833333,False,3.6006555651507206
2026-06-14,37,discharge,21.75,486.7448882539682,False,4.468459869814089
2026-06-14,38,discharge,21.75,481.5416666666667,False,4.516743099420265
2026-06-14,39,discharge,20.25,599.008332202381,False,3.3805873660465764
2026-06-14,40,discharge,21.75,510.883337654321,False,4.257332035893624
2026-06-14,41,discharge,21.75,611.0009434722223,False,3.559732637465037
2026-06-14,42,discharge,21.75,534.275,False,4.07093725141547
2026-06-14,43,discharge,21.15,624.930762063492,False,3.3843749234177065
2026-06-14,44,discharge,21.75,503.6252488633829,False,4.318687367062501
2026-06-14,45,discharge,21.75,478.02250805555553,False,4.549994954938864
2026-06-14,46,discharge,20.25,478.0000396759259,False,4.236401322001789
2026-06-14,47,discharge,20.25,581.2107460164142,False,3.484106262451677
2026-06-14,48,discharge,20.25,495.54664625,False,4.086396336901856
2026-06-15,1,charge,21.53,1035.5326795833332,False,2.0791231821542335
2026-06-15,2,charge,20.25,847.4583340277778,False,2.3894980067936
2026-06-15,3,charge,21.75,723.5097222222222,False,3.0061793687023326
2026-06-15,4,charge,20.25,545.0083333333333,False,3.715539517744377
2026-06-15,5,charge,21.75,721.2044048538012,False,3.015788568902189
2026-06-15,6,charge,21.75,828.9039473684211,False,2.623946968650739
2026-06-15,7,charge,21.75,694.9111111111112,False,3.1298967094112755
2026-06-15,8,charge,21.75,693.510885,False,3.136216095584426
2026-06-15,9,charge,21.75,630.39875375,False,3.450197176091737
2026-06-15,10,charge,21.75,653.009448030303,False,3.3307328195028942
2026-06-15,11,charge,21.75,797.0583333333333,False,2.7287839660417994
2026-06-15,12,charge,21.75,1053.5616863478008,False,2.0644258691104214
2026-06-15,13,charge,21.75,1359.117313674229,False,1.6003033572724632
2026-06-15,14,charge,21.75,613.8596994379889,False,3.5431548967806363
2026-06-15,15,discharge,10.41,478.00289763267466,False,2.177811065906896
2026-06-15,16,discharge,0.15,478.0000021820404,False,0.03138075299482412
2026-06-15,17,discharge,21.75,474.68750085409226,False,4.58196180874066
2026-06-15,18,discharge,21.75,352.75781944444446,False,6.1657031541508855
2026-06-15,19,discharge,21.75,221.81726069444449,False,9.805368586694813
2026-06-15,20,discharge,21.75,128.4344797423835,False,16.934704795493076
2026-06-15,21,discharge,21.75,180.84167285529716,False,12.027095113969416
2026-06-15,22,charge,21.75,11.375,False,191.2087912087912
2026-06-15,23,discharge,21.75,126.20833375,False,17.233410309562856
2026-06-15,24,charge,21.75,228.625,False,9.513395297977038
2026-06-15,25,charge,21.75,199.83333333333337,False,10.884070058381983
2026-06-15,26,charge,21.75,212.25925043498168,False,10.246903235278486
2026-06-15,28,discharge,21.75,114.168279265873,False,19.05082579842427
2026-06-15,29,charge,21.75,168.98229166666667,False,12.871171165617698
2026-06-15,30,charge,21.75,82.65907890873015,False,26.312899063411706
2026-06-15,31,charge,21.75,234.77217220238097,False,9.264300703087935
2026-06-15,32,charge,21.75,490.15641814814813,False,4.4373590133070815
2026-06-15,33,charge,21.75,540.260445248586,False,4.025836092811187
2026-06-15,34,charge,21.75,180.86166659539472,False,12.025765552994091
2026-06-15,35,discharge,20.865000000000002,106.40833333333332,False,19.608426658313107
2026-06-15,36,discharge,21.75,153.06110854166667,False,14.210010764477875
2026-06-15,37,discharge,20.25,262.45374978584573,False,7.715645143772335
2026-06-15,38,discharge,21.75,260.96718652777776,False,8.334381149365266
2026-06-15,39,discharge,21.75,185.35685556036717,False,11.73412223370203
2026-06-15,40,discharge,21.75,110.0470217063492,False,19.764278635398206
2026-06-15,41,discharge,21.75,91.5881975,False,23.747601321665925
2026-06-15,42,discharge,21.75,304.25477796494926,False,7.148614113959993
2026-06-15,43,discharge,21.75,306.97329942458333,False,7.085306781003441
2026-06-15,44,discharge,21.75,231.67337076298705,False,9.388217527275195
2026-06-15,45,discharge,21.75,201.3819421825397,False,10.80037254794426
2026-06-15,46,charge,1.5,139.75277777777777,False,1.0733239251853472
2026-06-15,47,discharge,21.75,178.937495,False,12.15508242137848
2026-06-16,3,charge,21.75,91.58486879190612,False,23.748464442766306
2026-06-16,6,charge,21.75,113.14166666666668,False,19.22368711792001
2026-06-16,7,charge,21.75,90.96666666666668,False,23.90985709050934
2026-06-16,8,charge,21.75,72.85607263888889,False,29.85337970082998
2026-06-16,11,discharge,11.25,360.4897599603175,False,3.120754387375218
2026-06-16,12,charge,21.75,521.3505852546087,False,4.171856830155487
2026-06-16,13,discharge,11.25,630.6147077853726,False,1.7839736151267973
2026-06-16,14,discharge,11.25,793.3728875396826,False,1.4179965280748648
2026-06-16,15,charge,21.75,834.8639511204804,False,2.605214894092514
2026-06-16,16,discharge,19.335,873.4783910790599,False,2.2135636321940746
2026-06-16,17,discharge,20.175,790.1968265277778,False,2.553161354576863
2026-06-16,18,discharge,10.5,882.8220813293241,False,1.1893676225439955
2026-06-16,19,discharge,10.5,807.1690255211382,False,1.3008427811288734
2026-06-16,20,discharge,10.5,621.0944763492037,False,1.6905640606754468
2026-06-16,21,charge,21.75,511.85,False,4.2492917847025495
2026-06-16,22,charge,21.75,576.0496077324299,False,3.775716484838349
2026-06-16,23,charge,21.75,434.5793479166667,False,5.004839761545847
2026-06-16,24,charge,21.75,388.09166666666664,False,5.604346052264285
2026-06-16,25,charge,21.75,419.54982,False,5.184128073276256
2026-06-16,28,discharge,20.740000000000002,584.0154785727523,False,3.5512757385618454
2026-06-16,29,charge,21.75,529.9666666666667,False,4.104031700106924
2026-06-16,30,charge,21.75,670.4119480169401,False,3.2442739220767014
2026-06-16,31,charge,21.75,893.1696667094017,False,2.43514763327453
2026-06-16,32,charge,21.75,939.2671357581928,False,2.3156351555346415
2026-06-16,33,charge,21.75,1105.5323076388888,False,1.9673780539667796
2026-06-16,34,charge,21.75,1118.16375671694,False,1.945153370366837
2026-06-16,35,discharge,21.75,1425.223348109382,False,1.5260765990714564
2026-06-16,36,discharge,21.75,1887.6488780966065,False,1.152226997953741
2026-06-16,37,discharge,21.75,1766.3984021282613,False,1.231319048624269
2026-06-16,38,discharge,21.75,1568.017858095238,False,1.38710154911252
2026-06-16,39,discharge,21.75,959.3886528737372,False,2.267068714524651
2026-06-16,40,discharge,21.75,968.4640252693604,False,2.2458242570188025
2026-06-16,41,discharge,21.75,938.8633333333332,False,2.3166311035684997
2026-06-16,42,discharge,21.75,1003.7094577736008,False,2.1669617469028557
2026-06-16,44,charge,21.75,1742.3083398976607,False,1.2483439068699829
2026-06-16,45,discharge,17.62,1423.5757128762566,False,1.2377283372164138
2026-06-17,1,charge,21.75,1288.3028347222223,False,1.6882676505706542
2026-06-17,3,charge,21.75,1049.7013743055556,False,2.072017864546382
2026-06-17,8,charge,21.75,518.1591756272402,False,4.197551837940777
2026-06-17,9,discharge,21.75,397.2750022222222,False,5.474797024312591
2026-06-17,10,discharge,21.75,329.25,False,6.605922551252847
2026-06-17,11,discharge,9.355,461.87222569444447,False,2.0254519496023735
2026-06-17,15,charge,21.75,515.8640344321061,False,4.216227251419785
2026-06-17,17,charge,21.75,439.6616452777778,False,4.946985991070104
2026-06-17,18,charge,21.75,307.92552846489366,False,7.063396175182565
2026-06-17,25,charge,21.75,439.125,False,4.953031596925705
2026-06-17,29,charge,21.75,544.7709586111112,False,3.9925035753468645
2026-06-17,30,charge,21.75,858.6604701364469,False,2.5330151738024904
2026-06-17,34,charge,21.75,1348.122135387052,False,1.613355305805099
2026-06-17,35,charge,21.75,1272.1495744164458,False,1.7097046162969518
2026-06-17,36,charge,21.75,1048.6554220468447,False,2.0740845412830375
2026-06-17,37,discharge,6.305,1065.8783679194585,False,0.5915309091324412
2026-06-17,38,discharge,21.75,1422.512147916667,False,1.5289851852480736
2026-06-17,39,discharge,21.75,976.30888125,False,2.227778566569298
2026-06-17,40,discharge,21.75,1160.795364861111,False,1.873715269581765
2026-06-17,41,discharge,21.75,1224.988268160867,False,1.7755272083261913
2026-06-17,42,discharge,21.75,1055.414728809524,False,2.0608012572018346
2026-06-17,43,discharge,21.75,1015.4038102843869,False,2.1420049619380905
2026-06-17,44,discharge,21.75,891.4070690079365,False,2.439962701238838
2026-06-18,1,charge,21.75,1418.5264955555556,False,1.5332811948275784
2026-06-18,3,charge,21.75,1349.584190515873,False,1.611607497542347
2026-06-18,4,charge,21.75,1166.2091754166668,False,1.8650170534140322
2026-06-18,5,charge,21.75,1054.6766953611111,False,2.0622433486645884
2026-06-18,6,charge,21.75,1117.7037750925904,False,1.9459538819396252
2026-06-18,7,charge,21.75,1042.9013875,False,2.085527956975702
2026-06-18,8,charge,21.75,755.4520819444444,False,2.879070760387352
2026-06-18,9,charge,21.75,609.8333333333334,False,3.5665482372232846
2026-06-18,10,discharge,21.75,542.25,False,4.011065006915629
2026-06-18,11,charge,21.75,527.0172861574074,False,4.12699935491372
2026-06-18,12,charge,21.75,642.5926902160417,False,3.3847257105722104
2026-06-18,13,discharge,21.75,683.0666688888889,False,3.1841694216143877
2026-06-18,14,discharge,21.75,624.7039848924741,False,3.481648993121706
2026-06-18,15,discharge,21.75,590.9541532286138,False,3.68048855925138
2026-06-18,16,discharge,21.75,526.3685627314815,False,4.13208567911671
2026-06-18,17,discharge,21.75,575.3920758333334,False,3.7800312019416915
2026-06-18,18,discharge,16.75,287.65833333333336,False,5.8228801529592396
2026-06-18,19,charge,21.75,445.39534402777775,False,4.883302057743003
2026-06-18,20,charge,21.75,554.7900126182117,False,3.92040222522312
2026-06-18,21,charge,21.75,545.2431216931217,False,3.989046195110283
2026-06-18,25,charge,21.75,715.1877976190476,False,3.0411592692728475
2026-06-18,35,charge,21.75,1649.5095077248675,False,1.3185737880346806
2026-06-18,36,charge,21.75,1712.9912988258038,False,1.269708726186109
2026-06-18,38,discharge,21.75,238.39801791620417,False,9.123398000584478
2026-06-18,39,discharge,21.75,238.8179939514117,False,9.107353947720167
2026-06-18,40,discharge,21.75,238.7250647222222,False,9.11089919498317
2026-06-18,41,charge,21.75,1422.908116007326,False,1.5285596979396254
2026-06-18,44,discharge,21.75,319.77416847222224,False,6.8016751021242525
2026-06-18,45,discharge,21.75,727.6238095238095,False,2.9891820079711517
2026-06-18,46,discharge,21.75,719.8961891335979,False,3.0212689452039383
2026-06-18,47,discharge,21.75,413.68174791666667,False,5.257664885998641
2026-06-19,1,charge,21.75,861.2481502314815,False,2.5254045531655605
2026-06-19,2,charge,21.75,854.9576327777778,False,2.543985709482905
2026-06-19,3,charge,21.75,717.6335152777777,False,3.030794902545922
2026-06-19,4,charge,21.75,727.1166640277778,False,2.9912668868732033
2026-06-19,5,charge,21.75,965.6310165205628,False,2.252413150353362
2026-06-19,6,charge,21.75,1462.6339405403828,False,1.4870432988834015
2026-06-19,7,charge,21.75,1496.9258312698412,False,1.4529777992774358
2026-06-19,8,discharge,21.75,883.0873192463611,False,2.46295009858841
2026-06-19,9,charge,21.75,1511.4850389880926,False,1.4389821558909488
2026-06-19,10,charge,21.75,1629.8829882283178,False,1.3344516236495136
2026-06-19,12,discharge,21.75,1765.6892682375033,False,1.2318135694232697
2026-06-19,16,charge,21.75,3031.8210050245007,False,0.7173906363190539
2026-06-19,18,charge,21.75,3091.8631103823254,False,0.703459345498336
2026-06-19,19,discharge,21.75,3018.7801209722224,False,0.720489705391171
2026-06-19,20,discharge,15.66,2539.6017085657136,False,0.6166321257062105
2026-06-19,22,discharge,21.75,2110.594659244228,False,1.0305152580926338
2026-06-19,24,charge,21.75,1400.67288084717,False,1.5528250955244405
2026-06-19,26,discharge,21.75,1664.3643887723822,False,1.3068051772029665
2026-06-19,27,discharge,21.75,1735.5987287606838,False,1.2531698508174605
2026-06-19,28,discharge,21.75,1394.6422222222222,False,1.5595397624878704
2026-06-19,29,discharge,21.75,1438.7841141111112,False,1.5116930877039374
2026-06-19,30,discharge,21.75,1342.18535986579,False,1.6204915245219826
2026-06-19,31,charge,21.75,1225.6659748881657,False,1.7745454671681289
2026-06-19,32,charge,21.75,1118.5333316666668,False,1.9445106716302756
2026-06-19,33,charge,21.75,980.6754158333332,False,2.217859206913823
2026-06-19,34,charge,21.75,1138.920958240322,False,1.9097023232942003
2026-06-19,35,charge,21.75,1062.0529087143875,False,2.0479205717094002
2026-06-19,36,charge,21.75,839.8864843560606,False,2.5896356716200386
2026-06-19,37,charge,21.75,1023.9747828348324,False,2.124075745282126
2026-06-19,38,charge,21.75,794.4350268055556,False,2.737794692595231
2026-06-19,39,discharge,21.75,785.2104148611111,False,2.7699581651431817
2026-06-19,40,discharge,21.75,616.9971803769815,False,3.525137665412163
2026-06-19,41,discharge,21.75,624.6775116217266,False,3.4817965422726327
2026-06-19,44,discharge,21.75,591.2664804040404,False,3.6785443993268814
2026-06-19,45,discharge,21.75,546.6500956545945,False,3.9787791446290943
2026-06-19,46,discharge,21.75,572.2376388888889,False,3.8008684717474845
2026-06-19,47,charge,13.96,734.7003548534799,False,1.9000943592553485
2026-06-19,48,discharge,21.75,245.98333333333332,False,8.842062470357071
2026-06-20,2,charge,21.75,292.582111961742,False,7.433810581982547
2026-06-20,3,charge,21.75,52.56307692307692,False,41.378856172803374
2026-06-20,4,charge,21.75,7.538888888888889,False,288.50405305821664
2026-06-20,6,discharge,21.75,399.3588541666667,False,5.446229568488032
2026-06-20,7,discharge,21.75,557.5,False,3.901345291479821
2026-06-20,8,charge,21.75,585.7500739627039,False,3.7131877513659304
2026-06-20,9,charge,21.75,700.232421696128,False,3.10611153184201
2026-06-20,10,charge,21.75,667.1525031071196,False,3.260124169317216
2026-06-20,12,charge,21.75,755.3433333333334,False,2.8794852671853417
2026-06-20,13,charge,21.75,736.3984466041708,False,2.9535640793782214
2026-06-20,14,charge,21.75,850.7733888888889,False,2.556497450914106
2026-06-20,15,discharge,21.75,1182.635913711072,False,1.8391120841028095
2026-06-20,17,charge,21.75,1190.9916666666666,False,1.8262092513941466
2026-06-20,18,discharge,21.75,1471.332289292328,False,1.478252068433921
2026-06-20,19,discharge,21.75,1424.7534583775252,False,1.5265799056047473
2026-06-20,20,discharge,21.75,1442.240490624723,False,1.5080702657695277
2026-06-20,21,discharge,21.75,1425.2246712140304,False,1.5260751823411098
2026-06-20,22,charge,21.75,1457.3050741798943,False,1.4924809077632506
2026-06-20,23,discharge,21.75,1692.8410739227843,False,1.2848223223695294
2026-06-20,30,charge,21.75,1540.2221500216351,False,1.4121339574096166
2026-06-20,31,charge,21.75,1557.9879956944444,False,1.3960312954982261
2026-06-20,32,charge,16.384999999999998,1579.6019829059828,False,1.037286618864369
2026-06-20,34,charge,21.75,1561.9167530555555,False,1.3925197970666994
2026-06-20,35,charge,21.75,1896.8032356549645,False,1.1466661165036311
2026-06-20,36,charge,21.75,1704.1816849639183,False,1.276272371185617
2026-06-20,38,discharge,21.75,1603.1278471356422,False,1.3567227366714012
2026-06-20,39,discharge,21.75,1298.2188367321094,False,1.6753723936674143
2026-06-20,40,discharge,21.75,1250.3710178181004,False,1.7394836964434595
2026-06-20,41,discharge,21.75,1438.6602840064102,False,1.511823203976283
2026-06-20,42,charge,21.75,1880.205108333333,False,1.1567886877660818
2026-06-20,43,discharge,21.75,1446.961088888889,False,1.5031503035580362
2026-06-20,44,charge,21.75,1934.7951255427351,False,1.1241500308152184
2026-06-20,45,discharge,21.75,1665.9813982979838,False,1.305536785838092
2026-06-20,46,charge,21.75,1636.830255016068,False,1.3287877550739977
2026-06-20,47,discharge,21.75,1396.3151385243057,False,1.55767128780015
2026-06-20,48,discharge,21.75,1242.9168414123333,False,1.7499159457269364
2026-06-21,20,charge,21.75,227.7375,False,9.550469290301333
2026-06-21,21,charge,20.25,210.1375,False,9.63654749866159
2026-06-21,22,charge,21.75,210.00833333333333,False,10.356731875719218
2026-06-21,23,charge,21.75,177.98333333333332,False,12.220245341324095
2026-06-21,25,charge,21.53,127.88709677419357,False,16.83516206331189
2026-06-21,27,charge,21.75,401.19233796296294,False,5.421339826786
2026-06-21,28,charge,21.75,580.8001322751322,False,3.744833857871223
2026-06-21,29,charge,21.75,689.8770833333333,False,3.152735541657482
2026-06-21,30,charge,21.75,566.1097247222223,False,3.8420113716775046
2026-06-21,31,charge,21.75,673.4099944444445,False,3.229830293496535
2026-06-21,32,charge,21.75,392.9250696412037,False,5.535406539435326
2026-06-21,33,charge,21.75,609.6049404761904,False,3.567884470065166
2026-06-21,34,charge,21.75,409.4885751851852,False,5.311503499252423
2026-06-21,38,discharge,21.75,364.74455180555555,False,5.963077417423598
2026-06-21,39,discharge,21.75,406.6016852056528,False,5.3492154094243825
2026-06-21,40,discharge,21.75,346.5000001388889,False,6.277056274540222
2026-06-21,41,discharge,21.75,346.5000005555556,False,6.277056266992053
2026-06-21,42,discharge,21.75,350.98380972222225,False,6.196867034184146
2026-06-21,43,discharge,21.75,346.68333333333334,False,6.27373683957502
2026-06-21,44,discharge,21.75,266.94166666666666,False,8.147847532232385
2026-06-21,45,discharge,21.75,238.0,False,9.138655462184873
2026-06-21,46,discharge,21.75,238.0,False,9.138655462184873
2026-06-21,47,discharge,10.735,238.0,False,4.510504201680672
2026-06-21,48,discharge,21.15,238.0,False,8.886554621848738
2026-06-22,5,charge,10.5,347.7854155555556,False,3.0191030245553008
2026-06-22,6,charge,20.25,283.0861111111111,False,7.153300428805527
2026-06-22,7,charge,20.25,351.7750965277778,False,5.756518923561994
2026-06-22,8,charge,20.25,402.4494072619047,False,5.0316883649481365
2026-06-22,17,charge,20.25,648.442196969697,False,3.1228689457028542
2026-06-22,18,charge,20.25,663.3597993253968,False,3.0526420233172433
2026-06-22,19,charge,21.53,755.2670114377289,False,2.8506474761840077
2026-06-22,20,charge,21.75,1046.9889094444443,False,2.0773859019711143
2026-06-22,21,charge,21.75,983.4222143055556,False,2.211664500110848
2026-06-22,22,charge,21.75,893.7282943055556,False,2.4336255368193505
2026-06-22,23,charge,21.75,645.359048101639,False,3.370216945741891
2026-06-22,24,charge,21.75,996.208336159844,False,2.1832782572209037
2026-06-22,25,charge,21.75,737.8413237222222,False,2.9477882710982857
2026-06-22,26,charge,21.75,693.6558393055556,False,3.1355607157830208
2026-06-22,27,charge,21.75,396.57340666666664,False,5.484482729897623
2026-06-22,28,charge,21.75,417.0708306947021,False,5.214941539731199
2026-06-22,29,charge,21.75,440.4095238095238,False,4.9385852993966655
2026-06-22,30,charge,21.75,461.7104497936929,False,4.710744582393273
2026-06-22,31,discharge,21.465,258.8333375,False,8.29298119296553
2026-06-22,32,charge,21.75,353.30793894830657,False,6.156102822015075
2026-06-22,33,discharge,21.75,366.8333333333333,False,5.929123125851886
2026-06-22,34,discharge,21.75,353.53335847222223,False,6.152177574979516
2026-06-22,35,discharge,21.75,533.7856097222223,False,4.074669605896368
2026-06-22,36,discharge,21.75,421.0250011752137,False,5.165964001968739
2026-06-22,37,discharge,21.75,455.1376322080301,False,4.778774256587667
2026-06-22,38,discharge,21.75,456.15038884363673,False,4.768164301062485
2026-06-22,39,discharge,21.75,704.314689226399,False,3.0881082465977867
2026-06-22,40,discharge,21.75,659.5563839285714,False,3.297671060425287
2026-06-22,41,discharge,21.75,604.1776031944445,False,3.5999348345589244
2026-06-22,42,discharge,20.25,586.8791217234278,False,3.450455000091654
2026-06-22,43,discharge,20.25,486.6194481468049,False,4.161362657641031
2026-06-22,43,charge,0.74,889.1027771249124,False,0.08322997284891344
2026-06-22,44,discharge,21.75,357.2333403561787,False,6.0884574710507735
2026-06-22,45,discharge,20.25,468.57612065135754,False,4.321603066722844
2026-06-22,45,charge,0.35,648.0094447825238,False,0.05401155844533443
2026-06-22,46,charge,1.5,475.0045375609357,False,0.3157864570520178
2026-06-22,47,discharge,21.75,307.2604166666667,False,7.0786859680645495
2026-06-23,1,charge,21.75,130.675,False,16.64434666156495
2026-06-23,2,charge,21.75,217.8803475,False,9.982543285598533
2026-06-23,3,charge,21.75,383.2419696969697,False,5.67526568585319
2026-06-23,4,charge,21.75,220.28004863636363,False,9.873794805586188
2026-06-23,5,discharge,14.254999999999999,106.9132654618197,False,13.333237871301076
2026-06-23,6,discharge,1.5,280.11376430555555,False,0.5354967128154974
2026-06-23,7,discharge,21.75,0.1416666666666666,True,
2026-06-23,10,charge,20.509999999999998,113.27273811111112,False,18.106739840509018
2026-06-23,11,charge,20.25,208.92499875092287,False,9.692473433560593
2026-06-23,12,charge,20.25,83.27993845760234,False,24.31557992842326
2026-06-23,13,charge,20.25,134.73332791666667,False,15.029688877368738
2026-06-23,15,charge,21.75,133.94166666666666,False,16.23841224413613
2026-06-23,16,charge,21.75,176.21749129214697,False,12.342702100974284
2026-06-23,17,discharge,21.75,176.1222759722222,False,12.349374819247954
2026-06-23,18,discharge,1.5,120.0,False,1.25
2026-06-23,19,charge,21.75,205.5020767195767,False,10.583834648872935
2026-06-23,20,charge,21.75,391.5233418055555,False,5.555224344913215
2026-06-23,21,charge,21.75,169.48711387037037,False,12.832834015118788
2026-06-23,22,charge,21.75,0.0623368545751634,True,
2026-06-23,23,discharge,0.18,726.5852277777777,False,0.024773418605071346
2026-06-23,24,charge,21.75,110.9655144697726,False,19.60068414401375
2026-06-23,25,charge,21.75,778.0470647447927,False,2.7954607099680047
2026-06-23,26,charge,21.75,861.2503220270847,False,2.5253981849095903
2026-06-23,27,charge,21.75,712.7584587745098,False,3.051524640955666
2026-06-23,28,charge,21.75,467.6500874953315,False,4.650913275027908
2026-06-23,29,charge,20.25,213.30422052350428,False,9.493483040467371
2026-06-23,30,charge,21.75,435.5906059162088,False,4.993220630700167
2026-06-23,31,charge,21.75,402.10394041666666,False,5.4090492068946885
2026-06-23,32,charge,21.75,629.6945362373738,False,3.4540556965863485
2026-06-23,33,discharge,20.25,1066.5152784180318,False,1.898706976803646
2026-06-23,34,discharge,20.25,679.8725000102933,False,2.9784996451089603
2026-06-23,35,discharge,20.25,387.23217344444447,False,5.229420845865028
2026-06-23,36,discharge,20.25,368.0,False,5.502717391304348
2026-06-23,37,discharge,21.75,702.1694423611111,False,3.097542941610157
2026-06-23,38,discharge,21.75,918.8190363412988,False,2.3671690659139633
2026-06-23,39,discharge,21.75,965.1178175933908,False,2.2536108652760767
2026-06-23,40,discharge,21.75,1131.5497579166667,False,1.922142605557588
2026-06-23,41,discharge,21.75,1233.5478166212397,False,1.7632068823707647
2026-06-23,42,discharge,21.75,1223.4987181944443,False,1.777688826033031
2026-06-23,43,discharge,21.75,1286.9722256944444,False,1.690013161571051
2026-06-23,44,discharge,21.75,932.7217328139676,False,2.331885195210527
2026-06-23,45,discharge,21.75,924.9546097878192,False,2.351466738999156
2026-06-23,46,discharge,21.15,697.6399282182425,False,3.0316498733116735
2026-06-23,47,discharge,20.25,1133.9162251520238,False,1.785846216045201
2026-06-23,48,discharge,20.25,1119.8963875,False,1.8082029932434265
2026-06-24,1,charge,21.75,814.7202348489103,False,2.669628059997004
2026-06-24,6,charge,21.75,321.4791642801984,False,6.765601761065576
2026-06-24,7,discharge,21.75,329.3924135150175,False,6.603066466498442
2026-06-24,8,charge,21.75,255.61901041666667,False,8.508756827024268
2026-06-24,9,discharge,21.75,265.46164565475925,False,8.193274002484909
2026-06-24,10,discharge,9.355,60.43332403594771,False,15.479870004230351
2026-06-24,14,charge,21.75,399.6990740740741,False,5.441593791625644
2026-06-24,15,charge,21.75,454.2988460648148,False,4.787597456696363
2026-06-24,16,charge,21.75,264.8125,False,8.213358508378569
2026-06-24,18,charge,20.73,155.20393518518517,False,13.356620098108674
2026-06-24,20,charge,20.25,355.0803243284493,False,5.702934973459342
2026-06-24,21,charge,21.75,1081.1807211711898,False,2.011689588438027
2026-06-24,22,charge,21.75,1180.1175598170194,False,1.8430367228305968
2026-06-24,23,charge,21.75,374.5862624116162,False,5.8064062093392765
2026-06-24,24,charge,21.75,394.4816790193603,False,5.51356404030428
2026-06-24,25,discharge,21.75,371.2122892307692,False,5.8591810214771245
2026-06-24,26,charge,21.75,153.48604517091235,False,14.17066937634661
2026-06-24,27,charge,21.75,4.7065057513227515,False,462.12628113515467
2026-06-24,28,charge,21.75,21.111022698412697,False,103.02674726239267
2026-06-24,29,charge,21.75,43.263333333333335,False,50.273518761075586
2026-06-24,30,charge,21.75,68.90184231254857,False,31.566645056222015
2026-06-24,31,discharge,21.75,378.9135325915751,False,5.7400958607208095
2026-06-24,33,charge,21.75,594.4199266269841,False,3.659029421072683
2026-06-24,34,charge,21.75,436.0762070340288,False,4.987660333025865
2026-06-24,35,charge,20.25,1578.209659090909,False,1.283099484492101
2026-06-24,36,charge,5.75,1344.8929098679098,False,0.4275433350722879
2026-06-24,37,discharge,20.25,0.0,True,
2026-06-24,38,discharge,21.75,0.0,True,
2026-06-24,39,discharge,21.75,6.982277777778e-06,True,
2026-06-24,40,discharge,21.75,18.875000484919116,False,115.2317851190413
2026-06-24,41,discharge,21.75,4.027777777778e-06,True,
2026-06-24,42,discharge,21.75,1.1856368564e-08,True,
2026-06-24,43,discharge,21.75,7.800020851504876,False,278.8454084171291
2026-06-24,44,discharge,21.15,1.793913720538e-06,True,
2026-06-24,45,discharge,21.75,0.0042613095238095,True,
2026-06-24,46,discharge,20.25,36.57292015566435,False,55.36883550400259
2026-06-24,47,discharge,21.75,364.88020222222224,False,5.960860542045425
2026-06-24,48,discharge,21.75,350.919462874375,False,6.198003331546829
2026-06-25,2,charge,21.75,87.55,False,24.84294688749286
2026-06-25,3,charge,21.75,87.30833333333334,False,24.911711367757945
2026-06-25,4,charge,21.75,137.73510222222222,False,15.791181513706276
2026-06-25,5,discharge,21.75,192.54724902173913,False,11.295928719056569
2026-06-25,6,charge,21.75,171.83037777777778,False,12.657831683364225
2026-06-25,7,charge,21.75,31.833333333333332,False,68.32460732984293
2026-06-25,8,charge,21.75,33.5,False,64.92537313432835
2026-06-25,9,discharge,21.75,139.35383074755129,False,15.607751780718226
2026-06-25,10,charge,3.76,206.78842180555552,False,1.8182836191552116
2026-06-25,11,discharge,21.75,88.78333295987655,False,24.497841289456186
2026-06-25,12,discharge,21.75,23.384027777777774,False,93.01220562468447
2026-06-25,13,discharge,21.75,121.2560013095238,False,17.937256519353564
2026-06-25,15,charge,21.75,299.3769610185185,False,7.265088110322095
2026-06-25,16,charge,21.75,133.22453703703704,False,16.325821416781054
2026-06-25,17,charge,21.75,255.1698586309524,False,8.523734000831437
2026-06-25,18,discharge,21.75,274.8521827777778,False,7.913344467627972
2026-06-25,19,charge,21.75,434.8164985982553,False,5.002110101644444
2026-06-25,20,charge,21.75,209.36462070420916,False,10.388574691771087
2026-06-25,22,discharge,18.705,487.1365216666667,False,3.839786008243349
2026-06-25,24,discharge,21.75,591.7410106565657,False,3.675594492912923
2026-06-25,26,discharge,21.75,321.29833339285716,False,6.769409529867025
2026-06-25,27,charge,21.75,282.66945097222225,False,7.6944996798176675
2026-06-25,28,discharge,21.75,228.2066667261905,False,9.530834621100851
2026-06-25,30,charge,21.75,346.2893714484127,False,6.280874261034065
2026-06-25,31,charge,21.75,366.1917700793651,False,5.939510873028659
2026-06-25,32,charge,21.75,430.7775771179624,False,5.0490093160174085
2026-06-25,33,charge,21.75,1197.560437738094,False,1.8161922617517794
2026-06-25,34,discharge,10.44,325.0570512820513,False,3.211743895055897
2026-06-25,35,charge,21.75,720.3865476190476,False,3.0192124036582872
2026-06-25,36,charge,21.75,613.4966374356662,False,3.545251705194683
2026-06-25,39,discharge,21.75,315.7010424392531,False,6.889429262554657
2026-06-25,42,charge,21.75,1204.3833333333334,False,1.8059034360599475
2026-06-25,43,discharge,21.75,118.61260541666668,False,18.337005517748985
2026-06-25,44,discharge,21.75,0.0,True,
2026-06-25,45,charge,21.75,1006.7259774206348,False,2.160468736063251
2026-06-25,46,discharge,21.75,1092.0523725180376,False,1.991662721252936
2026-06-25,47,discharge,21.75,1127.180643807533,False,1.9295931064367913
2026-06-25,48,discharge,21.75,1119.1673527929754,False,1.9434090840588818
2026-06-26,5,charge,21.75,483.1341503267974,False,4.501855227018843
2026-06-26,9,discharge,9.115,456.4431944444444,False,1.9969626255670738
2026-06-26,10,discharge,8.504999999999999,392.44166666666666,False,2.16720107022275
2026-06-26,11,charge,21.75,562.5250008333334,False,3.8664948167244493
2026-06-26,12,charge,21.75,687.2657084295929,False,3.1647148596572507
2026-06-26,13,charge,21.75,419.0152797024593,False,5.190741496454394
2026-06-26,14,charge,20.25,379.6476841666667,False,5.333892670634645
2026-06-26,15,charge,21.75,335.51666666666665,False,6.482539367145199
2026-06-26,16,charge,21.75,327.9429726388889,False,6.632250669981514
2026-06-26,17,charge,21.75,359.0855569444444,False,6.057052303934639
2026-06-26,18,charge,21.75,310.2252790277778,False,7.011034067940186
2026-06-26,19,charge,21.75,481.439881850176,False,4.517698017957016
2026-06-26,20,charge,21.75,632.1503345782758,False,3.4406372677964336
2026-06-26,21,charge,21.75,391.723283902753,False,5.552388865758496
2026-06-26,22,charge,21.75,324.8183129078066,False,6.696051033973974
2026-06-26,26,discharge,0.18,1055.404574179293,False,0.017055071050831115
2026-06-26,30,charge,21.75,242.3373725,False,8.975091120128408
2026-06-26,31,discharge,21.75,490.9215652257024,False,4.430442975142146
2026-06-26,32,discharge,21.75,394.30297840241866,False,5.5160628225847015
2026-06-26,33,discharge,21.75,308.9717107622739,False,7.0394794223522545
2026-06-26,34,discharge,21.75,256.1198684957265,False,8.492117432257276
2026-06-26,35,charge,0.74,892.0292439999821,False,0.0829569215333948
2026-06-26,36,discharge,10.735,238.15,False,4.507663237455385
2026-06-26,37,discharge,21.75,260.98079839130247,False,8.333946456623625
2026-06-26,38,discharge,21.75,261.2833263888889,False,8.324296961692738
2026-06-26,39,discharge,21.75,238.02500224941073,False,9.13769553385388
2026-06-26,40,discharge,21.75,238.2,False,9.130982367758186
2026-06-26,41,discharge,21.75,238.0,False,9.138655462184873
2026-06-26,42,discharge,21.75,337.2166686111111,False,6.449859103816361
2026-06-26,45,charge,5.1,1414.9560798760367,False,0.36043521580166693
2026-06-26,47,charge,21.75,1321.8192304530564,False,1.6454594924107089
2026-06-26,48,discharge,21.75,1675.5124303601644,False,1.298110333644297
2026-06-27,1,charge,21.75,1448.9671917477117,False,1.5010691838899153
2026-06-27,2,charge,21.75,1521.0941665657965,False,1.4298917501672754
2026-06-27,7,charge,21.75,1842.0333333333333,False,1.1807603915962432
2026-06-27,8,charge,21.75,1972.5165608476348,False,1.1026523392358
2026-06-27,11,charge,21.75,2321.2634355631867,False,0.9369897301088965
2026-06-27,12,discharge,21.75,2298.8699130843647,False,0.9461170410820811
2026-06-27,13,discharge,21.75,2568.8413086778123,False,0.8466852322300427
2026-06-27,14,discharge,21.75,2953.9424357828284,False,0.7363041248376935
2026-06-27,15,discharge,21.75,2392.725137999917,False,0.9090053702608257
2026-06-27,16,discharge,1.0899999999999999,2474.2291127250683,False,0.04405412556153682
2026-06-27,17,charge,21.75,2046.7256457479823,False,1.0626729598656781
2026-06-27,18,charge,21.75,2026.582464954557,False,1.0732353790738887
2026-06-27,19,discharge,21.75,2180.0102124302107,False,0.9977017481837273
2026-06-27,20,charge,21.75,2042.9213868001443,False,1.0646518334250406
2026-06-27,21,charge,21.75,2081.1685944147366,False,1.0450859223212767
2026-06-27,22,charge,21.75,2024.560979027778,False,1.074306984344065
2026-06-27,23,charge,21.75,1979.2868879656864,False,1.0988806186835642
2026-06-27,24,charge,21.75,1937.1238851190476,False,1.1227986071042295
2026-06-27,25,charge,21.75,1866.056078921143,False,1.165559826721538
2026-06-27,26,charge,21.75,1803.7903137373737,False,1.2057942563697974
2026-06-27,27,charge,21.75,1776.8912837573314,False,1.2240478750060872
2026-06-27,28,charge,21.75,1859.2040729353453,False,1.1698554406488957
2026-06-27,29,charge,21.75,2179.500461470701,False,0.9979350949677412
2026-06-27,30,charge,21.75,2622.0401855301866,False,0.8295067375407926
2026-06-27,31,charge,20.38,2939.9958023413433,False,0.6931982686427596
2026-06-27,32,discharge,21.75,3563.3898522415366,False,0.6103738547248274
2026-06-27,33,discharge,21.75,3616.449732151864,False,0.6014185627034361
2026-06-27,34,discharge,21.75,3500.1855371165557,False,0.6213956308704023
2026-06-27,35,discharge,21.75,3924.010394224029,False,0.5542798773421967
2026-06-27,36,discharge,21.75,3624.315553626226,False,0.600113309069861
2026-06-27,37,charge,18.0,4104.990635441277,False,0.4384906470819523
2026-06-27,38,discharge,21.75,3359.339398698437,False,0.6474487218655832
2026-06-27,39,discharge,20.865000000000002,3667.678393972241,False,0.5688884836328951
2026-06-27,40,discharge,21.75,3860.671572906857,False,0.5633734853965715
2026-06-27,41,discharge,21.75,3449.0651003032995,False,0.6306056675499507
2026-06-27,42,discharge,21.75,3495.739964334184,False,0.6221858668524451
2026-06-27,43,discharge,21.75,3308.5248064945868,False,0.6573926832074846
2026-06-27,46,charge,11.99,3744.7257206465974,False,0.3201836634895039
2026-06-27,47,charge,14.86,3646.5423407621265,False,0.4075093228423686
2026-06-27,48,discharge,21.75,2897.207784900285,False,0.750722820550083
2026-06-28,1,charge,21.75,3260.8140226388887,False,0.6670113612428075
2026-06-28,2,charge,21.75,3211.574947166114,False,0.6772378150225686
2026-06-28,6,charge,21.75,2949.316205137264,False,0.7374590748226582
2026-06-28,8,discharge,15.34,2561.810682069904,False,0.5987952235254759
2026-06-28,9,discharge,21.75,2303.748978084329,False,0.9441132782655037
2026-06-28,10,discharge,15.765,2211.1691884259258,False,0.7129712227594261
2026-06-28,17,charge,5.75,1209.2629290868788,False,0.47549625988633065
2026-06-28,18,charge,20.25,1214.5226275,False,1.6673217560123226
2026-06-28,19,charge,21.75,1279.0307596866007,False,1.7005064057512873
2026-06-28,20,charge,21.75,1581.502236555774,False,1.3752746911928224
2026-06-28,21,charge,21.75,1837.6681803174604,False,1.1835651415721118
2026-06-28,22,charge,21.75,1848.621997305126,False,1.176552049673032
2026-06-28,23,charge,21.75,2318.21271755291,False,0.9382227884143073
2026-06-28,24,charge,21.75,2615.4537813474612,False,0.8315956548387013
2026-06-28,25,charge,21.75,2346.694921423139,False,0.92683543145906
2026-06-28,26,charge,21.75,2542.4149361948553,False,0.8554858489209662
2026-06-28,27,charge,21.75,2903.600942138789,False,0.7490698767985307
2026-06-28,28,charge,21.75,3008.759684054626,False,0.7228892395516795
2026-06-28,29,charge,21.75,3248.9839132267475,False,0.6694400643676582
2026-06-28,30,charge,21.75,3467.2532721014027,False,0.6272976991616752
2026-06-28,31,charge,21.75,3354.9935047843273,False,0.6482873951613858
2026-06-28,32,charge,21.75,3326.979166388889,False,0.6537462037553875
2026-06-28,33,charge,21.75,3463.137361111111,False,0.6280432374481889
2026-06-28,34,charge,21.75,3431.5680555555555,False,0.6338210301494013
2026-06-28,35,discharge,20.25,3014.309687706729,False,0.6717956048970566
2026-06-28,36,discharge,21.75,3603.100390512821,False,0.6036467942239148
2026-06-28,37,discharge,21.75,3880.1823482406344,False,0.560540666596815
2026-06-28,38,discharge,21.75,3770.2319917200953,False,0.5768875774160779
2026-06-28,39,discharge,20.25,3295.7674764062544,False,0.6144244138873792
2026-06-28,39,charge,1.5,3487.438217311177,False,0.043011514657211716
2026-06-28,40,discharge,21.75,3273.3257509340015,False,0.664461824301902
2026-06-28,41,discharge,21.75,3477.3303156648276,False,0.6254798372768805
2026-06-28,42,discharge,21.75,3298.6328242227596,False,0.6593640807877683
2026-06-28,43,discharge,21.75,3006.501690786676,False,0.7234321559389821
2026-06-28,44,discharge,21.75,2842.5694528240692,False,0.765152808435043
2026-06-28,45,discharge,21.75,2889.698686170635,False,0.7526736300947218
2026-06-28,46,discharge,21.75,2905.3500031590775,False,0.7486189263376375
2026-06-28,47,discharge,20.25,2695.9860601712458,False,0.7511166433373081
2026-06-28,48,discharge,20.865000000000002,2744.997664511086,False,0.7601099363309034
2026-06-29,1,charge,21.75,2714.356925652409,False,0.8012947668911407
2026-06-29,6,discharge,1.215,2812.8514917827397,False,0.04319460176086128
2026-06-29,8,charge,21.75,2592.635,False,0.8389148491785384
2026-06-29,9,charge,10.5,2595.85,False,0.4044917849644625
2026-06-29,10,charge,21.75,2620.6916666666666,False,0.8299335735158975
2026-06-29,11,charge,21.75,2635.957444166667,False,0.8251271297316433
2026-06-29,12,charge,21.75,2704.463600738304,False,0.8042260207925286
2026-06-29,14,discharge,21.75,2480.4326554385902,False,0.8768631533821732
2026-06-29,15,discharge,21.75,3076.2193951346694,False,0.7070366968753813
2026-06-29,16,discharge,1.5,2940.9124357636347,False,0.05100457877490362
2026-06-29,19,discharge,0.36,2821.596076747141,False,0.012758736197812683
2026-06-29,22,charge,21.75,2487.8657734018725,False,0.8742433065534463
2026-06-29,23,charge,21.75,2303.206686434434,False,0.9443355704073138
2026-06-29,24,charge,21.75,2240.748823742186,False,0.9706576555812351
2026-06-29,25,charge,21.75,2197.116581349206,False,0.989933815284565
2026-06-29,26,charge,21.75,2174.9583381944444,False,1.0000191552200444
2026-06-29,27,charge,21.75,2084.3664879447183,False,1.043482522185746
2026-06-29,28,charge,21.75,2082.007433888889,False,1.0446648578662443
2026-06-29,29,charge,21.53,2030.0287458192763,False,1.0605761147146195
2026-06-29,30,charge,21.75,1973.041673176913,False,1.1023588754199507
2026-06-29,31,charge,21.75,1717.1752082142857,False,1.2666150720064335
2026-06-29,32,charge,21.75,1631.6006973397407,False,1.3330467457793136
2026-06-29,33,charge,21.75,1571.917221388889,False,1.3836606472688484
2026-06-29,34,charge,20.25,1307.8672462996033,False,1.5483222825018417
2026-06-29,35,discharge,20.25,539.4016685809179,False,3.7541596883218045
2026-06-29,36,discharge,20.25,574.5600004166666,False,3.524436087669669
2026-06-29,37,discharge,21.75,533.0583333333333,False,4.080228868010068
2026-06-29,38,discharge,21.75,427.63242319444447,False,5.086143804888779
2026-06-29,39,discharge,21.15,604.303820971158,False,3.4998951299051013
2026-06-29,40,discharge,21.75,515.2738167460318,False,4.221056706772303
2026-06-29,41,discharge,21.75,1081.3410750576786,False,2.0113912716059414
2026-06-29,42,discharge,21.75,769.780571424717,False,2.8254805080030665
2026-06-29,43,discharge,21.75,817.6264143095353,False,2.660139107463562
2026-06-29,44,discharge,21.75,1041.3326791477623,False,2.0886696860219955
2026-06-29,45,discharge,21.75,848.4438878571297,False,2.5635166109726875
2026-06-29,46,discharge,21.75,497.9879119444444,False,4.367575894578427
2026-06-29,48,discharge,20.25,503.9444549890351,False,4.018299993089636
2026-06-30,5,charge,21.75,231.26666722222225,False,9.404727564608608
2026-06-30,6,charge,21.75,206.0750013888889,False,10.554409731122638
2026-06-30,7,discharge,21.75,352.745064484127,False,6.165926100711954
2026-06-30,8,charge,21.75,215.26687333333336,False,10.103737590093981
2026-06-30,9,discharge,9.355,263.10039222222224,False,3.5556769493899103
2026-06-30,12,discharge,21.75,237.50643652777777,False,9.157646553909798
2026-06-30,14,charge,21.75,200.96271950403548,False,10.822902901432544
2026-06-30,15,charge,21.75,41.083333333333336,False,52.94117647058824
2026-06-30,16,discharge,21.75,120.93098319444444,False,17.98546528396967
2026-06-30,18,discharge,13.485000000000001,127.37302833333334,False,10.587013731596265
2026-06-30,19,charge,21.75,160.54892131613758,False,13.547272583147402
2026-06-30,20,charge,21.75,310.3004518915344,False,7.009335586659963
2026-06-30,21,charge,21.75,485.3695238095238,False,4.481121894364235
2026-06-30,22,charge,21.53,340.7557495150522,False,6.318308650885715
2026-06-30,23,charge,21.75,67.03180826805178,False,32.44728221119216
2026-06-30,24,charge,21.75,46.578425277777775,False,46.69543865059939
2026-06-30,25,charge,16.5,74.25,False,22.22222222222222
2026-06-30,26,charge,21.75,113.1327657070707,False,19.2251995821584
2026-06-30,27,charge,21.75,107.43214944444443,False,20.245336347149426
2026-06-30,28,charge,21.75,334.0874882946683,False,6.51027074106298
2026-06-30,29,charge,21.75,269.45019490980025,False,8.071992676524475
2026-06-30,30,charge,21.75,623.2267331747466,False,3.4899016428907768
2026-06-30,31,charge,21.75,950.47833,False,2.2883215022903256
2026-06-30,32,charge,20.25,696.8520502645503,False,2.9059252953783186
2026-06-30,33,charge,20.25,399.10147074314574,False,5.073897613630325
2026-06-30,37,discharge,21.75,494.1459203983516,False,4.401533859161767
2026-06-30,38,discharge,21.75,768.8098671626984,False,2.829047977787879
2026-06-30,39,discharge,21.75,480.2585422222222,False,4.528810648397791
2026-06-30,40,discharge,21.75,422.6250120208459,False,5.1464062422616825
2026-06-30,41,discharge,21.75,445.6293287578789,False,4.880738002730807
2026-06-30,42,discharge,21.75,385.46666666666664,False,5.64251124178485
2026-06-30,43,discharge,20.25,444.66760025268536,False,4.553963452361449
2026-06-30,44,discharge,21.75,305.3282838888889,False,7.123480249839867
2026-06-30,45,discharge,21.15,234.33125,False,9.025684794494971
2026-06-30,46,discharge,21.75,197.6199414549774,False,11.005974316086505
2026-06-30,47,discharge,20.25,40.150000416666664,False,50.435864980947855
2026-06-30,48,discharge,21.75,83.45833333333333,False,26.060908637044434
2026-07-01,8,charge,21.75,89.44305645201852,False,24.317147538073822
2026-07-01,9,charge,13.96,158.79833597354707,False,8.791024108921068
2026-07-01,10,charge,21.75,107.49372375,False,20.233739460532924
2026-07-01,11,charge,21.75,155.89583221021954,False,13.951623780853206
2026-07-01,13,charge,21.75,404.5328653743889,False,5.376571809529175
2026-07-01,14,discharge,21.75,276.1750009722222,False,7.87544126855552
2026-07-01,16,charge,21.75,627.401764497872,False,3.4666781687181194
2026-07-01,17,charge,21.75,651.225,False,3.3398594955660483
2026-07-01,18,charge,21.75,595.0938371945647,False,3.6548857744075214
2026-07-01,19,discharge,21.75,712.3689420833333,False,3.0531931861588193
2026-07-01,21,charge,21.75,388.0023717948718,False,5.605635836550695
2026-07-01,22,discharge,21.75,759.9583333333334,False,2.8619990131037882
2026-07-01,23,discharge,21.75,655.1416666666667,False,3.3198926440846126
2026-07-01,24,discharge,21.75,574.14,False,3.7882746368481555
2026-07-01,26,discharge,21.75,666.5,False,3.2633158289572397
2026-07-01,27,discharge,21.75,889.65,False,2.4447816557073008
2026-07-01,29,charge,21.75,463.1368443910257,False,4.696236169376434
2026-07-01,30,charge,5.1,435.68143758838386,False,1.1705800523037881
2026-07-01,31,discharge,21.75,1082.9504357738094,False,2.0084021651885475
2026-07-01,32,charge,21.75,1007.9138760946656,False,2.1579224689587657
2026-07-01,33,charge,21.75,1165.4493588257576,False,1.866232954292763
2026-07-01,34,charge,21.75,1454.2110944895994,False,1.4956563103126261
2026-07-01,35,charge,13.96,1765.072175363643,False,0.7909025021667422
2026-07-01,36,charge,21.75,2051.229233234087,False,1.0603398024757908
2026-07-01,37,charge,21.75,2754.2685113269526,False,0.7896833555099273
2026-07-01,38,charge,21.75,2784.2113916666667,False,0.7811906834768086
2026-07-01,39,charge,21.75,2690.194537356875,False,0.8084917167874948
2026-07-01,40,discharge,21.75,2666.137685963062,False,0.8157868258084153
2026-07-01,41,charge,21.75,2939.4061712028424,False,0.7399453744461462
2026-07-01,42,discharge,21.75,2686.2595826849383,False,0.8096760320631671
2026-07-01,43,discharge,21.75,2669.705047206815,False,0.8146967404791023
2026-07-01,44,discharge,21.75,2399.4563693036102,False,0.9064553237245344
2026-07-01,45,discharge,21.75,2713.083806040344,False,0.8016707759478837
2026-07-01,46,discharge,21.75,3160.4309984790143,False,0.6881972746902996
2026-07-01,47,discharge,21.75,3187.7128669652416,False,0.6823073754665483
2026-07-02,1,charge,21.75,3043.459721800003,False,0.7146472103509991
2026-07-02,2,charge,21.75,2976.8448297612285,False,0.7306393595847775
2026-07-02,3,charge,21.75,2982.59166875,False,0.7292315682325833
2026-07-02,4,charge,21.75,2991.6136148347405,False,0.7270323912201305
2026-07-02,5,discharge,21.75,2866.636654549756,False,0.7587288736254625
2026-07-02,6,discharge,21.75,2748.395642833455,False,0.7913707786837002
2026-07-02,7,charge,21.75,2599.70397375,False,0.8366337175161616
2026-07-02,8,discharge,21.75,2810.486307562903,False,0.7738874208876821
2026-07-02,9,charge,8.86,2889.636500368896,False,0.3066129597570115
2026-07-02,10,charge,21.75,3080.3415096416657,False,0.7060905400236016
2026-07-02,11,charge,21.75,3292.8328274007936,False,0.6605254848958858
2026-07-02,12,discharge,21.75,3559.3556350182544,False,0.6110656599193256
2026-07-02,13,discharge,21.75,3590.1166916666666,False,0.6058298898886999
2026-07-02,14,discharge,21.75,3608.224351173835,False,0.6027895685844548
2026-07-02,18,charge,21.75,3343.5394684241223,False,0.6505082474845502
2026-07-02,19,charge,20.6,3144.07224588599,False,0.655201229136991
2026-07-02,20,charge,21.75,2917.2060635915345,False,0.7455764017308522
2026-07-02,21,charge,21.75,2708.1191181929507,False,0.8031404473268938
2026-07-02,22,charge,21.75,2603.492410214254,False,0.8354163013753548
2026-07-02,23,charge,21.75,2556.5017175231483,False,0.8507719690121062
2026-07-02,24,charge,21.75,2587.775823026956,False,0.840490115351597
2026-07-02,25,charge,21.75,2743.92930980817,False,0.7926589042310481
2026-07-02,26,charge,21.75,2663.7141389827148,False,0.816529059244564
2026-07-02,27,charge,21.75,2647.506970147701,False,0.8215275821837249
2026-07-02,28,discharge,1.5,2551.9115374932976,False,0.05877946699803812
2026-07-02,28,charge,20.25,2635.830089448341,False,0.7682589284136356
2026-07-02,29,charge,21.75,2649.642525421507,False,0.8208654485019633
2026-07-02,30,charge,21.75,2585.083522020696,False,0.8413654651668107
2026-07-02,31,charge,21.75,2383.077506035844,False,0.9126853803500614
2026-07-02,32,charge,21.085,2227.000558611111,False,0.9467891652954884
2026-07-02,33,charge,21.75,2422.8474997685184,False,0.8977040446036335
2026-07-02,34,charge,21.75,2865.200260787037,False,0.7591092426476859
2026-07-02,35,charge,21.75,2899.7183375,False,0.7500728508256365
2026-07-02,36,charge,21.75,2736.008844648228,False,0.7949535705099822
2026-07-02,37,discharge,20.25,3122.8516753767612,False,0.6484457830536222
2026-07-02,38,discharge,20.25,3111.131771654512,False,0.6508885346643795
2026-07-02,39,discharge,21.15,3169.9992315016684,False,0.6671925907685781
2026-07-02,40,discharge,21.75,3241.429187546277,False,0.6710003131817447
2026-07-02,41,discharge,21.75,3458.9121638050383,False,0.6288104169743797
2026-07-02,42,discharge,21.75,3330.7852235164073,False,0.6529991740817767
2026-07-02,43,discharge,21.75,2979.983896027778,False,0.7298697160408164
2026-07-02,44,discharge,21.75,2452.767242725406,False,0.8867535256151076
2026-07-02,45,discharge,21.75,2219.9684241579607,False,0.9797436649690109
2026-07-02,46,discharge,21.75,1950.7126547221133,False,1.11497713142679
2026-07-02,47,discharge,21.75,1591.9201778055556,False,1.3662745345675644
2026-07-02,48,discharge,21.75,1292.711462888889,False,1.6825100282931007
2026-07-03,6,charge,21.75,1453.8649969444446,False,1.4960123564231538
2026-07-03,9,discharge,17.62,1134.5,False,1.5531070956368445
2026-07-03,11,charge,21.75,1456.7499436462567,False,1.4930496544629737
2026-07-03,12,charge,21.75,1307.378326666667,False,1.6636347380374956
2026-07-03,13,charge,21.75,1412.6980555555556,False,1.5396071307995556
2026-07-03,14,discharge,21.75,1006.5272571869288,False,2.1608952807485338
2026-07-03,15,discharge,21.75,1282.9679815993366,False,1.695287825724742
2026-07-03,16,discharge,9.355,1376.2353677077283,False,0.6797529128743279
2026-07-03,17,charge,21.75,1361.7644067757938,False,1.5971925754394465
2026-07-03,18,charge,21.75,1431.3750749305557,False,1.5195178664861981
2026-07-03,19,charge,21.75,1335.2323541332066,False,1.62892997107754
2026-07-03,22,discharge,18.810000000000002,1703.589657863005,False,1.104139128409326
2026-07-03,23,discharge,18.6,1807.1771131979451,False,1.0292295018658026
2026-07-03,25,charge,21.75,1353.433611111111,False,1.607023781694337
2026-07-03,27,charge,21.75,1537.7151879166668,False,1.4144361823900184
2026-07-03,28,charge,21.75,1431.7111273295454,False,1.5191612040180558
2026-07-03,29,charge,21.75,1727.4366788337963,False,1.2590910142468184
2026-07-03,30,charge,21.75,1490.167768888889,False,1.4595672013640058
2026-07-03,37,charge,21.75,1513.9505208333333,False,1.4366387606926554
2026-07-03,38,charge,21.75,1408.292806111111,False,1.544423141666178
2026-07-03,39,charge,21.75,1343.1391730807215,False,1.6193407530593142
2026-07-03,40,discharge,21.75,1170.5,False,1.8581802648440837
2026-07-03,41,discharge,21.75,1173.6333341666666,False,1.8532193460100974
2026-07-03,42,discharge,21.75,1196.3083333333334,False,1.8180931616013152
2026-07-03,43,discharge,21.75,1146.125,False,1.8976987675864327
2026-07-03,44,discharge,21.75,1171.875,False,1.856
2026-07-03,45,discharge,21.75,1064.261113225924,False,2.0436714007216437
2026-07-03,46,charge,21.75,1037.2333333333331,False,2.096924510717615
2026-07-03,47,discharge,21.75,1302.0715841055555,False,1.6704150728349496
2026-07-03,48,discharge,21.75,1335.24633479576,False,1.628912915407994
2026-07-04,5,charge,21.75,902.2010356927312,False,2.410770896898809
2026-07-04,6,discharge,17.62,1361.7696134848484,False,1.2939046242124161
2026-07-04,11,charge,20.25,1257.809986279976,False,1.6099411056426889
2026-07-04,12,charge,21.085,1379.9364327508329,False,1.5279689338999571
2026-07-04,13,charge,21.75,1836.3732865677769,False,1.1843997165005182
2026-07-04,14,discharge,21.75,1523.885144362745,False,1.4272729201711176
2026-07-04,15,charge,21.75,860.9388109606467,False,2.526311942625872
2026-07-04,16,charge,21.75,754.423412664818,False,2.882996422814265
2026-07-04,17,charge,21.75,860.0431719444445,False,2.5289428146759323
2026-07-04,18,charge,21.75,842.9430613988095,False,2.5802454514433375
2026-07-04,19,charge,21.75,921.5014052973768,False,2.3602785492205602
2026-07-04,20,charge,21.75,1063.7015549396358,False,2.044746470379494
2026-07-04,21,charge,21.75,1002.6194436111113,False,2.169317594885606
2026-07-04,22,charge,21.75,922.8477777777778,False,2.3568350624817143
2026-07-04,23,discharge,21.75,2007.6937496428573,False,1.0833325552698982
2026-07-04,24,discharge,21.75,1640.991925907759,False,1.3254178559086085
2026-07-04,25,charge,21.75,724.6765204893587,False,3.0013391333988144
2026-07-04,26,charge,21.75,1307.8568831673983,False,1.6630259992458305
2026-07-04,27,charge,21.75,1175.583039269945,False,1.8501457807274153
2026-07-04,28,charge,21.75,1176.5033266161574,False,1.848698555112211
2026-07-04,29,charge,21.75,1036.5674302148625,False,2.098271599705926
2026-07-04,30,charge,21.75,1060.1516041666666,False,2.0515933678274827
2026-07-04,31,charge,15.254999999999999,967.5892574214852,False,1.576598735774809
2026-07-04,32,discharge,21.75,1801.2719498884026,False,1.207480081025384
2026-07-04,33,charge,21.75,1219.8091123478569,False,1.7830658731624136
2026-07-04,34,discharge,21.75,1258.8385250153208,False,1.7277831562817234
2026-07-04,35,charge,21.75,1350.213888888889,False,1.6108558932021055
2026-07-04,36,charge,0.705,1181.1681997363914,False,0.059686672919008414
2026-07-04,37,discharge,21.75,1572.7652218055557,False,1.3829146078796621
2026-07-04,38,discharge,21.75,1545.5000274881736,False,1.4073115246299428
2026-07-04,39,discharge,21.75,1494.045328328364,False,1.4557791244751142
2026-07-04,40,discharge,21.75,1751.2448272420636,False,1.2419736898953668
2026-07-04,41,charge,0.74,1703.4569452531675,False,0.043441074461087796
2026-07-04,42,discharge,20.25,1567.3091144444445,False,1.292023367526827
2026-07-04,43,discharge,21.75,1524.347235952381,False,1.4268402557512458
2026-07-04,44,discharge,21.75,1482.409955225863,False,1.467205473312281
2026-07-04,45,discharge,21.75,1485.2796070600796,False,1.4643707418195377
2026-07-04,46,discharge,21.75,1282.341375358423,False,1.6961162150695426
2026-07-04,47,discharge,21.75,1299.08416017188,False,1.67425642362711
2026-07-04,48,discharge,21.75,1180.7327077223852,False,1.8420765222939752
2026-07-05,1,charge,21.75,1112.602821439394,False,1.954875502819743
2026-07-05,2,charge,21.75,1113.4794950883838,False,1.9533363744855998
2026-07-05,3,charge,21.75,676.7780266618774,False,3.2137568217572223
2026-07-05,4,charge,21.75,661.6499976851482,False,3.2872364658194897
2026-07-05,5,discharge,1.5,1277.119548864851,False,0.11745180796373003
2026-07-05,6,charge,21.75,1006.5744449404682,False,2.160793978957648
2026-07-05,7,charge,21.75,1300.141662539676,False,1.6728946257682336
2026-07-05,8,charge,21.75,1188.2166675,False,1.8304742388239557
2026-07-05,9,charge,21.75,1085.9166686111112,False,2.0029161195046647
2026-07-05,10,charge,21.75,831.8369636399362,False,2.614695060535272
2026-07-05,11,charge,21.75,681.6686175925926,False,3.190699914690682
2026-07-05,12,charge,21.75,934.3111114351852,False,2.327918370422681
2026-07-05,13,charge,21.75,560.2666673662055,False,3.8820799570757987
2026-07-05,14,charge,21.75,514.9258492658704,False,4.223909137793134
2026-07-05,17,charge,20.38,499.7698288842895,False,4.0778772190985
2026-07-05,18,discharge,20.37,1632.4031644407085,False,1.2478534986777694
2026-07-05,19,discharge,16.605,1603.900015702979,False,1.0352889729676906
2026-07-05,21,discharge,21.75,1379.01363875,False,1.577214277569813
2026-07-05,22,discharge,21.75,1451.1927868055554,False,1.4987670968153917
2026-07-05,23,discharge,21.75,1525.815148287014,False,1.4254675623333575
2026-07-05,24,discharge,21.75,1241.8636544444444,False,1.7513999964617692
2026-07-05,25,discharge,21.75,1080.0805555555555,False,2.013738687186398
2026-07-05,26,charge,21.75,458.3916725,False,4.744850594989812
2026-07-05,27,charge,21.75,553.6385495436508,False,3.9285559175617255
2026-07-05,28,charge,21.75,754.6817647222222,False,2.8820094795858204
2026-07-05,29,charge,21.75,790.8441373611112,False,2.7502258627819387
2026-07-05,30,charge,21.75,914.1178837463868,False,2.3793430132731466
2026-07-05,32,discharge,21.75,1277.5787851365192,False,1.7024390396147542
2026-07-05,33,discharge,21.75,1387.9489923999072,False,1.5670604697361394
2026-07-05,34,discharge,21.75,1449.7254221724843,False,1.5002840998267495
2026-07-05,35,discharge,21.75,1462.555232967326,False,1.4871233242844581
2026-07-05,36,charge,21.75,1278.5748653978428,False,1.70111274580955
2026-07-05,37,discharge,21.75,1466.3672723232323,False,1.4832573264909605
2026-07-05,38,charge,21.75,1482.690225216462,False,1.4669281303736024
2026-07-05,39,charge,21.75,1643.351148244851,False,1.3235150639125217
2026-07-05,40,discharge,21.75,1365.5926013993426,False,1.5927151317100325
2026-07-05,41,discharge,21.75,1401.8483412009723,False,1.551523040029183
2026-07-05,42,discharge,21.75,1620.5666627777778,False,1.3421231288763402
2026-07-05,43,discharge,21.75,1987.9110765509256,False,1.0941133261220508
2026-07-05,44,discharge,21.75,1940.5982259722225,False,1.120788409929801
2026-07-05,45,discharge,21.75,2256.6369290095877,False,0.9638236315465167
2026-07-05,46,charge,21.75,1923.2001820754317,False,1.130927513563792
2026-07-05,47,charge,5.1,2084.9170686460707,False,0.24461404612663565
2026-07-05,48,discharge,21.75,1128.6589319506645,False,1.927065775522585
2026-07-06,1,charge,21.75,1941.8935027158836,False,1.120040824565353
2026-07-06,2,discharge,17.62,1855.455330851576,False,0.949632131101381
2026-07-06,16,charge,20.25,1604.3555555555556,False,1.2621890409440966
2026-07-06,17,charge,21.75,1602.709999398148,False,1.357076452269443
2026-07-06,18,charge,21.75,1637.2530541505168,False,1.3284446130586034
2026-07-06,19,charge,21.75,1434.846173935185,False,1.5158419344945397
2026-07-06,20,charge,21.53,1385.99259375,False,1.5533993541587063
2026-07-06,21,charge,21.75,1403.2505208333334,False,1.5499727010315707
2026-07-06,22,charge,21.75,1433.254861111111,False,1.5175249420147519
2026-07-06,23,charge,21.75,1354.0083370833331,False,1.606341660115006
2026-07-06,24,charge,21.75,1309.659971083972,False,1.6607364109936171
2026-07-06,25,charge,21.75,1509.0797438775585,False,1.4412757237144864
2026-07-06,26,charge,21.75,1504.2014659722183,False,1.445949927055962
2026-07-06,27,charge,21.75,1743.7063893603802,False,1.247343023614099
2026-07-06,28,charge,21.75,1703.590882022787,False,1.2767149806633606
2026-07-06,29,discharge,1.5,1713.2065607303914,False,0.08755511649222876
2026-07-06,29,charge,5.75,1585.9371001800605,False,0.3625616677576412
2026-07-06,30,discharge,1.5,1669.7713200444043,False,0.08983266043640697
2026-07-06,31,charge,21.75,1570.2472249382715,False,1.3851322043161083
2026-07-06,32,charge,21.75,1724.0250102777777,False,1.2615826261415781
2026-07-06,33,charge,20.955,1851.8666729645488,False,1.1315609436641745
2026-07-06,34,discharge,21.75,1841.1812834722225,False,1.1813068161860956
2026-07-06,35,discharge,21.75,2067.4245784181176,False,1.0520335410079111
2026-07-06,36,charge,21.75,1902.274494449588,False,1.1433681134590008
2026-07-06,37,discharge,20.25,1517.1305663888888,False,1.3347565759089242
2026-07-06,38,discharge,21.75,1550.1500102841292,False,1.4030900142376164
2026-07-06,39,discharge,21.75,2041.518175297619,False,1.0653836082957828
2026-07-06,40,discharge,20.25,2219.262401041666,False,0.912465330395142
2026-07-06,41,discharge,20.25,2215.374434976233,False,0.9140667004319406
2026-07-06,41,charge,1.095,2305.0625150347364,False,0.047504134610574705
2026-07-06,42,discharge,21.75,2302.2564400992064,False,0.9447253408079411
2026-07-06,43,discharge,21.75,2563.0810796149385,False,0.8485880596203217
2026-07-06,44,discharge,21.75,2486.868032361111,False,0.874594056337998
2026-07-06,45,discharge,21.75,2532.0249417735645,False,0.8589962776893164
2026-07-06,46,discharge,21.75,2070.2373000267075,False,1.0506041988384331
2026-07-06,47,discharge,21.75,1874.399562789988,False,1.160371589482542
2026-07-06,48,discharge,21.75,1900.1790049097513,False,1.1446290030466373
2026-07-07,1,charge,21.75,1937.1579782705023,False,1.1227788463292205
2026-07-07,3,charge,21.75,2071.8152665075468,False,1.0498040221831126
2026-07-07,4,charge,21.75,1953.7333333333331,False,1.1132532587183512
2026-07-07,5,charge,21.75,1983.4994047619048,False,1.096546837764785
2026-07-07,7,charge,21.75,1690.273873665459,False,1.2867737198607843
2026-07-07,8,charge,21.75,1579.2833333333333,False,1.3772069609633062
2026-07-07,9,charge,21.75,1422.5951388888889,False,1.5288959877219694
2026-07-07,10,charge,21.75,1432.234311025641,False,1.5186062666257836
2026-07-07,12,charge,21.75,1457.5690270995594,False,1.4922106326093305
2026-07-07,16,discharge,21.75,1311.7083307732112,False,1.6581430101293215
2026-07-07,17,discharge,14.225,1149.8549519444443,False,1.237112557192108
2026-07-07,18,discharge,21.75,1101.5079166666667,False,1.9745659264818416
2026-07-07,19,discharge,21.75,1075.5608870833332,False,2.0222007197547742
2026-07-07,20,discharge,21.75,1032.85743625,False,2.1058085304558407
2026-07-07,21,charge,21.75,931.4388801300488,False,2.335096855411837
2026-07-07,22,charge,21.75,1107.9323818149223,False,1.9631161934603778
2026-07-07,23,charge,21.75,751.3337056901778,False,2.8948521589378684
2026-07-07,24,charge,21.75,583.3467009161038,False,3.728485987122786
2026-07-07,25,charge,21.75,547.5168833928572,False,3.9724802393707783
2026-07-07,26,charge,21.75,565.3779714596344,False,3.8469839820338416
2026-07-07,27,charge,21.75,444.5847344444445,False,4.892205763020387
2026-07-07,28,charge,21.75,414.690882462963,False,5.244870557756365
2026-07-07,29,charge,21.75,469.23333333333335,False,4.635220572565177
2026-07-07,30,discharge,21.465,833.3,False,2.575903036121445
2026-07-07,31,charge,21.75,563.5108091685544,False,3.8597307533624003
2026-07-07,32,discharge,21.75,870.9000003594771,False,2.4974164646942656
2026-07-07,33,discharge,21.509999999999998,758.4749969444445,False,2.8359537343556664
2026-07-07,34,discharge,21.75,782.9166675213676,False,2.7780734402881255
2026-07-07,35,discharge,21.75,697.4486466666667,False,3.118509169664362
2026-07-07,36,discharge,21.75,654.6807641035354,False,3.322229885550802
2026-07-07,37,discharge,21.75,651.0738086904762,False,3.340635072350155
2026-07-07,38,discharge,21.75,948.2111008831348,False,2.2937930150514707
2026-07-07,39,charge,21.75,1153.2367423350065,False,1.8859961013695998
2026-07-07,40,discharge,21.75,996.8293894787156,False,2.1819180122060806
2026-07-07,41,discharge,21.75,983.801085858586,False,2.2108127661821264
2026-07-07,42,discharge,21.75,940.6462602777776,False,2.3122400968858488
2026-07-07,43,charge,21.75,1018.8229854166668,False,2.1348163823674366
2026-07-07,44,charge,21.75,879.5499966666666,False,2.472855446811269
2026-07-07,45,charge,21.75,809.9897222222222,False,2.6852192568972924
2026-07-07,46,discharge,21.75,662.8916680302987,False,3.281079103713501
2026-07-07,47,discharge,21.75,719.6916581944445,False,3.022127567042557
2026-07-07,48,discharge,21.75,726.04999625,False,2.995661471294994
2026-07-08,5,charge,21.75,631.45,False,3.444453242537018
2026-07-08,6,discharge,10.44,604.9916666666667,False,1.7256436039063898
2026-07-08,7,charge,21.75,662.3666666666667,False,3.2836797342861455
2026-07-08,8,charge,21.75,642.0346891666667,False,3.387667421557947
2026-07-08,10,charge,21.75,743.01353375,False,2.927268348697155
2026-07-08,11,charge,21.75,904.8055566666668,False,2.403831391147476
2026-07-08,12,charge,21.75,754.0167638888889,False,2.88455125159592
2026-07-08,13,charge,21.75,734.8433356944445,False,2.9598145541383634
2026-07-08,14,discharge,21.75,814.4881945531401,False,2.6703886128064624
2026-07-08,15,charge,21.75,786.3467410714286,False,2.7659553812564623
2026-07-08,16,discharge,21.75,683.8167497222222,False,3.1806766957427137
2026-07-08,17,discharge,21.75,688.7200165137575,False,3.158032216066067
2026-07-08,18,discharge,21.75,764.7166698611111,False,2.8441906469686695
2026-07-08,19,discharge,21.75,707.00303875,False,3.0763658439791963
2026-07-08,20,discharge,21.75,696.3152280694444,False,3.1235852848289056
2026-07-08,22,charge,21.75,717.7125209722223,False,3.0304612730647618
2026-07-08,23,charge,21.75,569.5422222222222,False,3.818856469523282
2026-07-08,24,discharge,5.4,875.090615964965,False,0.6170789517660871
2026-07-08,25,charge,21.75,590.0364308179012,False,3.6862130648187974
2026-07-08,26,charge,21.75,508.1535714285714,False,4.280202132369995
2026-07-08,28,charge,21.75,516.3416666666667,False,4.212327108987911
2026-07-08,33,discharge,5.04,1103.076764891732,False,0.4569038312120264
2026-07-08,34,charge,21.75,514.8323047488906,False,4.224676617876293
2026-07-08,35,charge,21.75,551.3840520664983,False,3.9446189853486904
2026-07-08,36,discharge,21.75,715.7751449275362,False,3.0386637695001175
2026-07-08,38,discharge,21.75,798.0,False,2.725563909774436
2026-07-08,40,discharge,21.75,798.0166692249701,False,2.725506977332127
2026-07-08,41,discharge,21.75,798.0000019624638,False,2.7255639030716536
2026-07-08,44,charge,21.75,594.73332875,False,3.657101250019696
2026-07-08,45,discharge,21.75,504.99999972222224,False,4.306930695438355
2026-07-08,46,discharge,21.75,478.0293566666667,False,4.549929768260327
2026-07-09,1,charge,21.75,520.8458359722222,False,4.175899757247934
2026-07-09,2,charge,21.75,514.9916616666667,False,4.223369351187261
2026-07-09,3,charge,10.205,428.59583333333336,False,2.3810310801746013
2026-07-09,5,discharge,21.75,568.8694444444444,False,3.823372869189865
2026-07-09,6,discharge,21.75,688.3480571039814,False,3.159738707116661
2026-07-09,7,charge,21.75,699.2721818055555,False,3.110376841223745
2026-07-09,8,charge,21.75,732.6462895833333,False,2.968690391153082
2026-07-09,9,discharge,21.75,478.6092516666667,False,4.5444169589826595
2026-07-09,10,charge,21.75,506.28451375,False,4.296003414937556
2026-07-09,11,discharge,21.75,478.18219027777775,False,4.54847554806785
2026-07-09,12,charge,21.75,595.6603383461222,False,3.6514098051902963
2026-07-09,13,discharge,21.75,478.05536472222224,False,4.5496822345332335
2026-07-09,14,charge,21.75,703.5964054104924,False,3.0912608183821817
2026-07-09,15,charge,21.75,585.4941681944445,False,3.714810698639915
2026-07-09,16,charge,21.75,426.0833333333333,False,5.104635243496968
2026-07-09,19,discharge,12.614999999999998,290.1444497275641,False,4.347834332810798
2026-07-09,20,charge,21.75,186.66369117063493,False,11.651971448543609
2026-07-09,23,charge,21.75,12.988400727124183,False,167.45710620537466
2026-07-09,24,charge,21.75,268.66564902777776,False,8.095564162633694
2026-07-09,25,charge,21.75,228.91210317460315,False,9.501463530484514
2026-07-09,26,charge,21.75,178.8,False,12.16442953020134
2026-07-09,27,charge,21.75,32.43076923076923,False,67.06593927893738
2026-07-09,28,charge,21.75,4.516025641025641,False,481.61816891412343
2026-07-09,30,discharge,21.75,545.6033333333334,False,3.9864125952309677
2026-07-09,31,charge,21.75,276.84444444444443,False,7.856397495585167
2026-07-09,32,discharge,21.75,643.0416666666666,False,3.38236247003175
2026-07-09,34,charge,21.75,838.9612043253968,False,2.5924917490659216
2026-07-09,35,charge,21.75,1190.796962498059,False,1.8265078502025027
2026-07-09,36,charge,21.75,959.939190600711,False,2.26576852085696
2026-07-09,37,discharge,21.75,519.4944452380926,False,4.1867627651016806
2026-07-09,38,discharge,21.75,674.2666807906534,False,3.2257266478740556
2026-07-09,39,discharge,21.75,599.8537317510282,False,3.6258839194864634
2026-07-09,40,discharge,21.75,631.4953224468346,False,3.4442060339775717
2026-07-09,41,discharge,21.75,600.8588036038242,False,3.6198188109333
2026-07-09,44,discharge,21.75,580.9536948217221,False,3.7438439920197846
2026-07-09,46,discharge,21.75,369.4373431289267,False,5.88733120907316
2026-07-09,47,discharge,21.75,190.85833227160683,False,11.395887065097055
2026-07-09,48,discharge,21.75,113.11666666666666,False,19.227935759540298
2026-07-10,5,charge,21.75,293.65889194444446,False,7.406552499052115
2026-07-10,6,charge,21.75,280.0091165277778,False,7.767604237215016
2026-07-10,12,charge,21.75,242.4777806738953,False,8.969894041240524
2026-07-10,13,charge,21.75,270.9943194495882,False,8.02599849479356
2026-07-10,15,charge,21.75,129.42902081673776,False,16.804577414516984
2026-07-10,16,charge,21.75,123.0050444925445,False,17.682201644436052
2026-07-10,17,charge,21.75,290.1892269226789,False,7.495109391430062
2026-07-10,19,discharge,15.66,804.4690559444444,False,1.9466255270210742
2026-07-10,20,discharge,21.75,973.6025102032228,False,2.233971232824786
2026-07-10,24,charge,21.75,314.2628778467909,False,6.920957431887179
2026-07-10,27,charge,21.75,559.256038647343,False,3.8890952438539816
2026-07-10,32,charge,21.75,794.9054632407407,False,2.7361744264944012
2026-07-10,33,charge,21.75,928.9367472115384,False,2.3413865438404353
2026-07-10,35,discharge,21.75,756.965625,False,2.8733140953395337
2026-07-10,36,discharge,21.75,595.0164822132616,False,3.655360926994375
2026-07-10,37,charge,21.75,750.7015341666666,False,2.897289936158727
2026-07-10,38,discharge,21.75,562.4821428571429,False,3.8667894218864087
2026-07-10,39,discharge,21.75,637.7104013067254,False,3.410639054252888
2026-07-10,40,discharge,21.75,699.2333400146199,False,3.1105496198944462
2026-07-10,41,discharge,21.75,702.9416616666666,False,3.094140123723923
2026-07-10,42,discharge,21.75,706.75,False,3.07746727980191
2026-07-10,43,discharge,21.75,688.8500009868421,False,3.1574363023649687
2026-07-11,1,charge,15.305,637.7833352777777,False,2.399717765177122
2026-07-11,3,charge,21.75,556.8111108333334,False,3.90617205311305
2026-07-11,12,charge,21.75,618.5078592261905,False,3.5165276682516575
2026-07-11,15,charge,21.75,214.2038659779826,False,10.153878362884273
2026-07-11,21,discharge,21.75,815.8852430555555,False,2.665816079543798
2026-07-11,22,discharge,21.75,853.5694489917763,False,2.548123064349454
2026-07-11,30,discharge,21.75,780.8333344353199,False,2.7854855883847587
2026-07-11,31,charge,21.75,597.1322972222222,False,3.642408910249542
2026-07-11,32,charge,21.75,757.8091162353347,False,2.870115908350411
2026-07-11,33,charge,21.75,674.2368883730159,False,3.2258691826376307
2026-07-11,34,charge,21.75,443.344982518315,False,4.905886128778166
2026-07-11,35,charge,21.75,515.7291037747041,False,4.217330346650646
2026-07-11,36,charge,21.75,632.25209704302,False,3.440083489121283
2026-07-11,37,discharge,21.75,794.8285770625059,False,2.736439104942947
2026-07-11,39,charge,13.96,884.4255824656689,False,1.5784256218687447
2026-07-11,40,discharge,21.75,798.00625,False,2.725542563106492
2026-07-11,41,charge,21.75,907.1025732494702,False,2.3977442729641933
2026-07-11,42,charge,21.75,835.7365461111111,False,2.602494781544271
2026-07-11,43,discharge,21.75,829.7000040656633,False,2.621429419479511
2026-07-11,44,discharge,21.75,838.1083333333333,False,2.595129905640679
2026-07-11,45,discharge,21.75,589.8255951388888,False,3.687530717428163
2026-07-11,46,discharge,21.75,411.22847093075154,False,5.289030681842691
2026-07-11,47,discharge,21.75,396.1727268560606,False,5.4900296071875525
2026-07-12,17,charge,21.75,1419.6419443209595,False,1.5320764568141454
2026-07-12,18,charge,21.75,1524.638128673212,False,1.426568022336391
2026-07-12,19,charge,21.75,1459.141388888889,False,1.4906026356062898
2026-07-12,20,charge,21.75,1511.7494444444444,False,1.438730477456398
2026-07-12,21,charge,21.75,1307.7055555555555,False,1.6632184445190261
2026-07-12,22,charge,21.75,915.5399375,False,2.3756473212289553
2026-07-12,23,charge,21.75,552.0480158730159,False,3.939874680213146
2026-07-12,24,charge,21.75,464.58416666666665,False,4.6816059522763185
2026-07-12,25,charge,21.75,508.03,False,4.281243233667303
2026-07-12,26,charge,21.75,433.0625791666667,False,5.022368832202743
2026-07-12,27,charge,21.75,481.125,False,4.520654715510522
2026-07-12,28,charge,21.75,482.423055,False,4.5084909965590265
2026-07-12,29,charge,21.75,256.9696078431373,False,8.464035954507475
2026-07-12,30,charge,21.75,263.562059379085,False,8.252325866340524
2026-07-12,31,discharge,1.5,993.0000081331316,False,0.1510574005754585
2026-07-12,31,charge,5.75,284.47717832396626,False,2.0212517692550462
2026-07-12,32,charge,21.75,506.82,False,4.29146442523973
2026-07-12,33,charge,21.75,733.4052071752176,False,2.9656184312860647
2026-07-12,34,charge,21.75,701.9024228070175,False,3.098721316991378
2026-07-12,35,discharge,20.25,857.6322485595293,False,2.3611518846232404
2026-07-12,36,discharge,21.15,801.0313466111111,False,2.6403461099841343
2026-07-12,37,discharge,21.75,659.5019736842105,False,3.297943124945758
2026-07-12,38,discharge,21.75,618.8336805555556,False,3.5146761857683666
2026-07-12,39,discharge,21.75,581.1666782467639,False,3.7424719644309907
2026-07-12,40,discharge,21.75,584.0852499007937,False,3.7237714877570043
2026-07-12,41,discharge,21.75,723.3514286106847,False,3.0068372218154664
2026-07-12,42,discharge,21.75,750.7607291666667,False,2.897061494431412
2026-07-12,43,discharge,21.75,768.0204861111112,False,2.831955708646733
2026-07-12,44,discharge,21.75,721.9098203260869,False,3.012841685707436
2026-07-12,45,discharge,21.75,373.5991666666667,False,5.821747461071245
2026-07-12,46,discharge,20.25,308.36551486111114,False,6.566882165510844
2026-07-12,47,discharge,20.25,329.929162360142,False,6.137681148020384
2026-07-12,48,discharge,20.25,313.3250052777778,False,6.462937735227163
2026-07-13,3,charge,21.75,441.5202984467248,False,4.926160830321241
2026-07-13,4,charge,21.75,276.1023863690476,False,7.877512500354933
2026-07-13,5,charge,3.76,556.9959136748505,False,0.6750498356788522
2026-07-13,6,charge,21.75,452.02731971536184,False,4.811656077268916
2026-07-13,7,charge,21.75,324.90241656491656,False,6.694317706207112
2026-07-13,8,charge,21.75,513.9547831547619,False,4.231889791256335
2026-07-13,11,discharge,21.75,427.632554047839,False,5.086142248554547
2026-07-13,15,charge,21.75,186.3120142947624,False,11.673965354477644
2026-07-13,17,discharge,21.75,757.8722460648148,False,2.8698768312119842
2026-07-13,18,discharge,21.75,715.6312962962963,False,3.0392745695396113
2026-07-13,19,discharge,21.75,662.3166683333334,False,3.2839276195074674
2026-07-13,20,discharge,21.75,763.9877991666667,False,2.846904102882821
2026-07-13,21,charge,21.75,392.5238201272578,False,5.541064996500992
2026-07-13,22,charge,21.75,625.7765155555555,False,3.475681726517119
2026-07-13,23,charge,21.75,734.6910723142091,False,2.9604279702881793
2026-07-13,24,charge,21.75,844.4538050413823,False,2.5756293440982416
2026-07-13,25,discharge,21.75,914.6598909848484,False,2.3779330671842365
2026-07-13,26,charge,21.75,737.815556419204,False,2.9478912189867574
2026-07-13,27,discharge,21.75,806.906942709699,False,2.6954781089081545
2026-07-13,28,charge,21.75,402.46415935183336,False,5.404207926248208
2026-07-13,29,charge,21.75,307.72048484469445,False,7.068102733224651
2026-07-13,30,charge,21.75,339.93333666666666,False,6.398313332042427
2026-07-13,31,charge,21.75,629.3916686111111,False,3.455717812089264
2026-07-13,32,charge,21.75,547.3559552976191,False,3.973648188074187
2026-07-13,33,discharge,21.75,859.7979560563066,False,2.5296640736112233
2026-07-13,34,charge,21.75,614.849834703047,False,3.537449109099063
2026-07-13,35,discharge,21.75,812.1881690047721,False,2.677950853021131
2026-07-13,36,discharge,21.75,790.9833333730159,False,2.7497418823290207
2026-07-13,38,discharge,21.75,966.9750020057994,False,2.249282551760273
2026-07-13,41,discharge,19.795,1004.0037127238704,False,1.971606254950592
2026-07-13,45,discharge,21.75,542.4261729166667,False,4.009762265535344
2026-07-13,46,discharge,21.75,490.8798646879124,False,4.4308193439199295
2026-07-14,5,charge,20.25,408.74445347222223,False,4.954195666260255
2026-07-14,6,charge,21.435000000000002,458.3122127136752,False,4.676942792574295
2026-07-14,7,charge,20.25,417.7613457407407,False,4.847265120734025
2026-07-14,8,charge,20.25,510.1447120833334,False,3.9694619037219603
2026-07-14,9,charge,21.75,471.4963742708333,False,4.612972906448381
2026-07-14,11,charge,21.75,522.8523964671851,False,4.159873828055613
2026-07-14,12,charge,20.25,480.1422373941799,False,4.217500236992368
2026-07-14,13,charge,21.75,573.6268922222222,False,3.791663238754518
2026-07-14,14,discharge,21.75,368.83223720238095,False,5.896989960794998
2026-07-14,15,charge,20.25,525.9834175084175,False,3.849931257514584
2026-07-14,16,discharge,21.75,567.2583541450678,False,3.8342317642514203
2026-07-14,17,charge,21.75,897.5964078703704,False,2.423138039467411
2026-07-14,18,charge,9.25,654.7426450861557,False,1.4127688290080478
2026-07-14,19,charge,21.75,506.28594567096854,False,4.2959912646153455
2026-07-14,20,discharge,21.75,549.0000008835531,False,3.9617486275037974
2026-07-14,21,discharge,21.75,633.0000127420458,False,3.4360188881802367
2026-07-14,22,charge,21.75,538.02613965459,False,4.042554514909515
2026-07-14,23,charge,21.75,639.4754280271546,False,3.401225292909364
2026-07-14,24,charge,21.75,1061.782989615191,False,2.048441179857533
2026-07-14,25,charge,21.75,1144.5847143055555,False,1.900252530735237
2026-07-14,26,charge,21.75,1221.7383280555557,False,1.7802502795026474
2026-07-14,27,charge,21.75,1040.6655538888888,False,2.0900086409819068
2026-07-14,28,charge,21.75,896.2361111111111,False,2.4268158502378774
2026-07-14,29,charge,21.75,766.8422222222222,False,2.8363070485309163
2026-07-14,30,charge,21.75,474.90476884920633,False,4.579865570249969
2026-07-14,31,charge,21.75,550.6761902800821,False,3.9496895605632827
2026-07-14,32,charge,21.75,459.37739100479433,False,4.734669234031372
2026-07-14,33,charge,20.25,392.8120763941273,False,5.155136824174978
2026-07-14,34,discharge,20.865000000000002,428.0658342051282,False,4.874250251423135
2026-07-14,35,discharge,21.75,823.85555046875,False,2.640025910807408
2026-07-14,36,discharge,21.75,711.5880194444444,False,3.0565438716886777
2026-07-14,37,discharge,21.75,443.1464591468254,False,4.908083896659025
2026-07-14,38,discharge,20.25,411.50000297379825,False,4.921020620573214
2026-07-14,39,discharge,21.75,477.11666751214545,False,4.5586334498461705
2026-07-14,40,discharge,21.75,461.5,False,4.712892741061755
2026-07-14,41,discharge,21.75,490.06666854285265,False,4.438171660331583
2026-07-14,42,discharge,21.75,510.0,False,4.264705882352941
2026-07-14,43,discharge,21.75,519.3333333333334,False,4.188061617458279
2026-07-14,44,discharge,20.25,519.54167120725,False,3.8976661781422504
2026-07-14,44,charge,1.5,585.6916755128055,False,0.2561074474358316
2026-07-14,45,discharge,21.75,568.97859125,False,3.8226394339753638
2026-07-14,46,discharge,21.75,502.7892530681481,False,4.325868118158048
2026-07-14,47,discharge,20.25,241.94166666666663,False,8.369786105466195
2026-07-14,48,discharge,20.25,238.0,False,8.508403361344538
2026-07-15,1,charge,21.75,322.955,False,6.7346843987552445
2026-07-15,2,charge,21.75,431.8172222222222,False,5.036853298270487
2026-07-15,3,charge,21.75,473.9488125,False,4.589103174512122
2026-07-15,4,charge,21.75,398.585423567498,False,5.456797643358067
2026-07-15,5,charge,21.75,257.64166707602317,False,8.441957485697435
2026-07-15,6,charge,21.75,413.29631875,False,5.262568044588953
2026-07-15,7,charge,21.75,498.680095,False,4.361513567129645
2026-07-15,8,charge,21.75,721.7378834722222,False,3.013559423451977
2026-07-15,9,charge,21.75,675.7145813888889,False,3.218814659185575
2026-07-15,10,charge,21.75,656.860937275641,False,3.3112031429679862
2026-07-15,11,charge,21.75,408.4660866910867,False,5.324799465285601
2026-07-15,12,discharge,21.75,240.91785714285712,False,9.027973375631886
2026-07-15,13,discharge,21.75,314.06130952380954,False,6.925399385546119
2026-07-15,14,discharge,21.75,360.98750170630734,False,6.025139346152597
2026-07-15,15,discharge,21.75,355.0250012962963,False,6.126329109382332
2026-07-15,16,discharge,21.75,354.18377583333336,False,6.140879815521194
2026-07-15,18,discharge,21.75,542.1399630934343,False,4.011879123592947
2026-07-15,19,discharge,21.75,641.8887514483889,False,3.388437630496288
2026-07-15,20,discharge,21.75,591.3500029166667,False,3.678024840234088
2026-07-15,21,discharge,19.795,778.4808075287638,False,2.5427730277433467
2026-07-15,24,charge,21.75,607.1547907936508,False,3.5822825298914602
2026-07-15,25,charge,21.75,978.9520301493932,False,2.221763613553244
2026-07-15,26,charge,21.75,958.1459903342706,False,2.270008977693684
2026-07-15,27,charge,21.75,613.6160397969188,False,3.5445618415056974
2026-07-15,28,charge,21.75,630.0994096970472,False,3.4518362761929002
2026-07-15,29,charge,21.75,600.7719811153198,False,3.6203419406513615
2026-07-15,30,charge,21.75,436.35647315319864,False,4.9844568233009525
2026-07-15,31,charge,21.75,557.4476104166666,False,3.9017119445077304
2026-07-15,32,charge,21.75,539.5721340537566,False,4.030971695405064
2026-07-15,33,discharge,21.75,464.2933817027417,False,4.684538022108869
2026-07-15,34,charge,2.415,369.465777465167,False,0.6536464666819337
2026-07-15,35,charge,21.75,718.6657531876986,False,3.0264416946996797
2026-07-15,36,charge,21.75,404.8006375467869,False,5.373015253091377
2026-07-15,38,discharge,21.75,308.7872179944781,False,7.043685338163494
2026-07-15,39,discharge,21.75,419.2600553852579,False,5.18771099717905
2026-07-15,40,discharge,21.75,480.4750009636442,False,4.526770374395762
2026-07-15,41,discharge,21.75,660.391650857267,False,3.293500148247772
2026-07-15,42,discharge,21.75,603.30943,False,3.6051152059731604
2026-07-15,43,discharge,21.75,655.4212086385224,False,3.318476685424983
2026-07-15,45,discharge,21.75,579.4438129695718,False,3.7535994885395647
2026-07-15,46,discharge,21.75,559.3714028725196,False,3.8882931605562985
2026-07-16,4,charge,21.75,523.7184255555555,False,4.152994994768001
2026-07-16,5,charge,21.75,439.7857225198221,False,4.945590292331438
2026-07-16,6,charge,21.75,414.2210679776669,False,5.25081935261986
2026-07-16,8,charge,21.75,527.6357781746065,False,4.122161706934597
2026-07-16,9,charge,21.75,538.5024036126263,False,4.038979186367002
2026-07-16,10,charge,21.75,579.0724725859573,False,3.7560065500733057
2026-07-16,11,discharge,21.75,238.17994139619884,False,9.131751344173903
2026-07-16,14,discharge,21.75,238.0,False,9.138655462184873
2026-07-16,16,discharge,21.75,238.0,False,9.138655462184873
2026-07-16,17,discharge,18.705,284.34833125,False,6.5781993225606445
2026-07-16,18,discharge,21.75,253.64448083333335,False,8.574994389210328
2026-07-16,19,charge,20.25,355.4471906746032,False,5.697048825049799
2026-07-16,20,charge,21.75,300.8587837962963,False,7.229305299168651
2026-07-16,21,charge,21.75,248.45842352092353,False,8.753979716919662
2026-07-16,22,charge,21.75,52.225,False,41.64672091910005
2026-07-16,23,charge,21.75,2.57593869949495,False,844.3523910046619
2026-07-16,24,charge,21.75,0.0,True,
2026-07-16,25,charge,21.75,41.15,False,52.8554070473876
2026-07-16,27,charge,21.75,606.6341588257576,False,3.585356954198026
2026-07-16,28,charge,21.75,254.86228412878788,False,8.534020667023928
2026-07-16,29,charge,21.75,367.97857753968253,False,5.910670166024677
2026-07-16,30,charge,21.75,177.8030782936508,False,12.232634107762056
2026-07-16,31,charge,21.75,286.3664820833333,False,7.595162618811897
2026-07-16,33,charge,20.25,317.59546848214285,False,6.376035557679431
2026-07-16,34,charge,21.53,185.68732162695636,False,11.594760380707907
2026-07-16,36,discharge,21.75,228.21000236111112,False,9.530695313513734
2026-07-16,37,discharge,21.15,25.01667587026389,False,84.54360647147361
2026-07-16,38,discharge,21.75,180.8919031721047,False,12.023755413367814
2026-07-16,39,discharge,21.75,143.84828861196604,False,15.120096464040047
2026-07-16,40,discharge,21.75,83.14239216269213,False,26.15994011507371
2026-07-16,41,discharge,21.75,86.31110972222223,False,25.1995369657495
2026-07-16,42,discharge,21.75,6.555555555555555,False,331.7796610169492
2026-07-16,43,discharge,21.75,127.15,False,17.10578057412505
2026-07-16,44,discharge,21.75,270.2033333333333,False,8.0494935912461
2026-07-16,45,discharge,21.75,325.89,False,6.674031114793336
2026-07-16,46,discharge,6.885,355.5,False,1.9367088607594938
2026-07-16,47,discharge,20.25,355.50000049451114,False,5.696202523721981
2026-07-17,15,charge,21.75,654.8423611111111,False,3.3214100509770694
2026-07-17,17,charge,5.1,655.0159939971005,False,0.7786069419279822
2026-07-17,18,discharge,21.75,834.4769287268518,False,2.606423167766139
2026-07-17,22,charge,11.745,708.4316666666666,False,1.6578874932656407
2026-07-17,23,charge,20.25,567.075,False,3.570956222721862
2026-07-17,24,charge,21.53,448.5833333333333,False,4.799554151959875
2026-07-17,25,charge,21.75,604.4583333333334,False,3.5982629075618666
2026-07-17,26,charge,21.75,686.9680603373016,False,3.1660860607290444
2026-07-17,27,charge,21.75,610.9539307936508,False,3.560006557572349
2026-07-17,28,charge,21.75,661.0152754062685,False,3.2903929469152082
2026-07-17,29,charge,21.75,917.6081520833334,False,2.370292804245352
2026-07-17,30,charge,21.75,882.5820176428333,False,2.4643602028159464
2026-07-17,31,charge,21.75,780.3883235185185,False,2.7870739918219543
2026-07-17,32,charge,21.75,1258.8572901521163,False,1.7277574011087309
2026-07-17,33,charge,21.75,890.1104126556413,False,2.443517084033311
2026-07-17,34,charge,21.75,855.0646037037037,False,2.543667449896779
2026-07-17,35,charge,21.75,945.0469444444444,False,2.3014729720951546
2026-07-17,36,discharge,21.75,1080.4586659722222,False,2.0130339720519372
2026-07-17,37,discharge,21.75,1315.582738279172,False,1.653259758367593
2026-07-17,38,discharge,21.75,1405.0122646825396,False,1.5480291913974418
2026-07-17,39,discharge,21.75,1225.1900231349207,False,1.7752348280104173
2026-07-17,40,discharge,21.75,1031.302745,False,2.1089830416382727
2026-07-17,41,discharge,21.75,1135.9283333853243,False,1.914733470480489
2026-07-17,42,discharge,21.75,1216.6871373243405,False,1.7876411554601612
2026-07-17,43,discharge,21.75,1309.186843753368,False,1.6613365849021153
2026-07-17,44,discharge,21.15,1163.1627996485513,False,1.818318124203289
2026-07-17,45,discharge,21.75,1330.9129969642856,False,1.6342165152500685
2026-07-17,46,charge,1.5,1234.7415277777775,False,0.12148291494654923
2026-07-17,47,charge,0.35,1263.2625000539217,False,0.02770603892580207
2026-07-17,48,discharge,21.75,1221.19955358512,False,1.7810356985594806
2026-07-18,2,charge,21.75,972.509924563492,False,2.2364810322899706
2026-07-18,4,discharge,8.504999999999999,964.5460224444444,False,0.8817619690604103
2026-07-18,5,discharge,9.115,760.6683333333333,False,1.198288347308617
2026-07-18,9,charge,21.75,599.2791923140768,False,3.629360117779798
2026-07-18,12,charge,21.435000000000002,591.4337340811966,False,3.6242437258503153
2026-07-18,13,charge,21.75,805.6004497129077,False,2.6998495355546366
2026-07-18,16,discharge,21.75,1149.6655570276962,False,1.8918545369169502
2026-07-18,17,discharge,21.75,1210.5,False,1.7967781908302356
2026-07-18,18,charge,21.75,189.6333348139958,False,11.469502459224143
2026-07-18,19,charge,21.75,293.9833238293651,False,7.398378832067433
2026-07-18,20,charge,21.75,130.04166666666666,False,16.725408522909323
2026-07-18,21,discharge,21.75,1278.8706520833334,False,1.7007192998422744
2026-07-18,22,discharge,21.75,1193.5533433333333,False,1.82228973019815
2026-07-18,23,charge,21.75,0.0,True,
2026-07-18,24,charge,21.75,0.0,True,
2026-07-18,25,charge,21.75,0.0,True,
2026-07-18,26,charge,21.75,0.0,True,
2026-07-18,27,charge,21.75,93.24166666666666,False,23.326481365626954
2026-07-18,28,charge,5.75,18.11431763888889,False,31.742846264634117
2026-07-18,31,charge,21.75,374.1166701388889,False,5.813694426373844
2026-07-18,32,charge,21.75,643.3264220932209,False,3.380865335707963
2026-07-18,33,charge,21.75,955.5466460690944,False,2.276184013566961
2026-07-18,35,charge,21.75,952.0680584523808,False,2.2845005466684145
2026-07-18,36,charge,21.75,1184.9206217860242,False,1.835565994894776
2026-07-18,37,charge,21.75,1100.7791666666667,False,1.9758731504578197
2026-07-18,38,discharge,21.75,1175.5916869444443,False,1.8501321710203498
2026-07-18,39,discharge,21.75,1350.404078870566,False,1.610629021366034
2026-07-18,40,discharge,21.75,1293.0794640495178,False,1.682031197981124
2026-07-18,41,discharge,21.75,1210.3691684679354,False,1.796972408635522
2026-07-18,42,discharge,21.75,1033.006329864072,False,2.105505007201841
2026-07-18,43,discharge,21.75,1109.0469270117844,False,1.9611433448179862
2026-07-18,44,discharge,21.75,1114.7683644387268,False,1.9510779722342477
2026-07-18,45,discharge,21.75,952.9883285040912,False,2.282294478269324
2026-07-18,46,charge,0.74,946.8250329166668,False,0.07815593951085678
2026-07-18,47,discharge,21.75,982.3504088888888,False,2.2140775636873675
2026-07-18,48,discharge,21.75,1202.591667062439,False,1.8085939388827257
2026-07-19,9,charge,21.75,983.2666605555556,False,2.2120143876037686
2026-07-19,10,charge,21.75,888.2416698611111,False,2.4486579202483165
2026-07-19,11,discharge,9.355,1605.500000793648,False,0.5826845216677381
2026-07-19,12,charge,21.75,729.0666695833334,False,2.9832662645832206
2026-07-19,13,discharge,21.75,1605.7624163888888,False,1.3544967660229827
2026-07-19,14,discharge,21.75,1605.5000002491988,False,1.354718156127316
2026-07-19,17,charge,5.75,754.4403622222222,False,0.7621543448528173
2026-07-19,18,charge,20.25,892.5994980725139,False,2.2686546478827294
2026-07-19,19,charge,20.25,745.8354838888889,False,2.7150759701608336
2026-07-19,20,charge,20.38,947.9197810561964,False,2.149970958227297
2026-07-19,21,charge,21.75,1274.5323805311853,False,1.706508232528018
2026-07-19,22,charge,21.75,984.0833333333334,False,2.2101786772800405
2026-07-19,23,charge,21.75,1089.9941120833332,False,1.995423622833033
2026-07-19,24,charge,21.75,937.5179367261904,False,2.319955613430814
2026-07-19,25,charge,21.75,597.7666782599377,False,3.638543396783662
2026-07-19,26,charge,21.75,424.86666268525,False,5.119253146983869
2026-07-19,27,discharge,1.5,1116.75,False,0.1343183344526528
2026-07-19,27,charge,20.25,283.735,False,7.136941159885104
2026-07-19,28,charge,21.75,516.6960603373016,False,4.209437940324434
2026-07-19,29,charge,21.75,714.3171848718235,False,3.044865846802048
2026-07-19,30,charge,21.75,868.9988144450543,False,2.5028802845823934
2026-07-19,31,charge,21.75,818.9695278233683,False,2.6557764679971028
2026-07-19,32,charge,21.75,910.0762495948582,False,2.389909637756454
2026-07-19,33,charge,21.75,774.2458325,False,2.8091852854758503
2026-07-19,34,charge,21.75,336.63186507936507,False,6.461063926575155
2026-07-19,35,discharge,21.75,778.8445752542815,False,2.7925982527257047
2026-07-19,36,discharge,21.75,707.7822379573548,False,3.0729790652517726
2026-07-19,37,discharge,21.75,692.2253200326685,False,3.142040513481007
2026-07-19,38,discharge,21.75,748.1130730555556,False,2.9073145201386987
2026-07-19,39,discharge,21.75,748.0000067438056,False,2.9077539844795086
2026-07-19,40,discharge,21.75,886.8272736622191,False,2.4525632720091886
2026-07-19,41,discharge,21.75,748.0000018055556,False,2.9077540036763216
2026-07-19,42,discharge,21.75,778.0,False,2.795629820051414
2026-07-19,43,discharge,21.75,734.0943068518473,False,2.962834583648327
2026-07-19,44,discharge,20.25,615.7175126262626,False,3.288845872456391
2026-07-19,44,charge,1.5,771.1167080555556,False,0.19452308377319344
2026-07-19,45,discharge,20.58,754.5367865327026,False,2.727501212309419
2026-07-19,46,discharge,20.25,720.3126930750753,False,2.8112790729191586
2026-07-19,46,charge,1.5,795.1361083838384,False,0.18864694788529218
2026-07-19,47,discharge,21.75,765.8562563116535,False,2.8399585197289516
2026-07-19,48,discharge,21.75,742.0500091120504,False,2.9310692989582225
2026-07-20,4,charge,20.955,1029.232968888889,False,2.0359821958115103
2026-07-20,5,charge,21.75,771.6708304375616,False,2.818559305613129
2026-07-20,6,charge,21.75,693.487521871536,False,3.1363217525965874
2026-07-20,7,charge,20.25,769.3203001136363,False,2.632193638593557
2026-07-20,8,charge,5.75,643.3972320206154,False,0.8936936178512749
2026-07-20,10,discharge,21.75,560.8690476190476,False,3.8779105554730116
2026-07-20,17,discharge,21.75,998.9416666666668,False,2.1773043137320327
2026-07-20,22,charge,20.25,963.422506655844,False,2.1018815587244477
2026-07-20,23,charge,21.53,746.2936963888889,False,2.88492320170702
2026-07-20,24,charge,21.75,775.0586119444445,False,2.806239381746141
2026-07-20,25,charge,21.75,822.5371768261946,False,2.6442573798212483
2026-07-20,26,charge,21.75,795.7078659518205,False,2.733415230724506
2026-07-20,27,charge,21.75,769.2083333333334,False,2.8275824711554085
2026-07-20,28,charge,21.75,994.158340515873,False,2.1877802673479394
2026-07-20,29,charge,21.75,799.810530787037,False,2.7193940518134165
2026-07-20,30,charge,21.75,909.4684676434676,False,2.3915067727808785
2026-07-20,31,charge,21.75,514.014467823305,False,4.231398406372613
2026-07-20,32,charge,21.75,300.02166482096715,False,7.24947647130048
2026-07-20,33,charge,21.75,285.5198693233204,False,7.617683508873589
2026-07-20,34,charge,21.75,357.01666666666665,False,6.092152560571402
2026-07-20,36,discharge,21.75,507.96666844964494,False,4.281777004460302
2026-07-20,37,discharge,21.75,604.6750007936481,False,3.5969735761281165
2026-07-20,38,discharge,20.25,631.8819444444445,False,3.204712553988856
2026-07-20,39,discharge,21.15,757.05093147875,False,2.7937354173368014
2026-07-20,40,discharge,21.75,1110.0789216885833,False,1.9593201505812983
2026-07-20,41,discharge,21.75,938.5940493464052,False,2.317295748374468
2026-07-20,42,discharge,21.75,999.9317408333334,False,2.1751484738221993
2026-07-20,43,discharge,21.75,892.2166666666667,False,2.4377486783852946
2026-07-20,44,discharge,21.75,907.6166709722222,False,2.3963861281549406
2026-07-20,45,discharge,21.75,916.4842550925924,False,2.373199526248555
2026-07-20,46,discharge,21.75,822.7943800579287,False,2.6434307923285396
2026-07-20,48,discharge,20.25,613.0,False,3.303425774877651
2026-07-21,4,charge,21.75,183.10256771367523,False,11.878588198725504
2026-07-21,5,charge,21.75,230.03541055555556,False,9.455066047210668
2026-07-21,6,charge,21.75,312.9775789886965,False,6.949379591432497
2026-07-21,7,charge,21.75,168.79589947089949,False,12.885384104813348
2026-07-21,8,charge,21.75,408.04874625374623,False,5.3302455159302715
2026-07-21,9,charge,21.75,237.5611158157037,False,9.155538744342875
2026-07-21,10,charge,21.75,418.90493399249686,False,5.19210881397486
2026-07-21,11,charge,21.75,430.0422619047619,False,5.057642452084582
2026-07-21,12,discharge,21.75,470.1962966666667,False,4.625727627842014
2026-07-21,13,discharge,21.75,471.53333333333336,False,4.612611338894387
2026-07-21,14,discharge,21.75,477.89167586916943,False,4.551240604984803
2026-07-21,15,discharge,21.75,566.4868494606139,False,3.839453646754462
2026-07-21,19,discharge,21.75,816.1261091384079,False,2.665029308149654
2026-07-21,20,discharge,21.75,908.8233216395464,False,2.393204430621598
2026-07-21,21,discharge,10.44,897.8792857142857,False,1.1627398210545323
2026-07-21,28,charge,21.75,531.9333341666667,False,4.088858246508243
2026-07-21,30,charge,21.75,708.3416670833333,False,3.070552109345448
2026-07-21,31,charge,21.75,818.1128963968381,False,2.6585572841831637
2026-07-21,32,charge,21.75,888.4138888888889,False,2.448183247923109
2026-07-21,33,charge,21.75,777.9837359505934,False,2.795688263768698
2026-07-21,34,charge,21.75,776.4670566761114,False,2.801149103879188
2026-07-21,35,charge,21.75,812.3540784312988,False,2.677403927361387
2026-07-21,36,charge,21.75,826.1744281214097,False,2.6326159778941682
2026-07-21,39,discharge,21.75,1059.7898093582,False,2.052293748056666
2026-07-21,40,discharge,21.75,1341.1370308708886,False,1.621758217046344
2026-07-21,41,discharge,21.75,1503.0706125492477,False,1.4470378050377435
2026-07-21,42,discharge,21.75,1352.3083360978835,False,1.6083610090550888
2026-07-21,43,discharge,21.75,961.487023809524,False,2.2621210127021745
2026-07-21,44,discharge,21.75,936.3107196362485,False,2.322946810696534
2026-07-21,45,discharge,10.44,835.9333333333333,False,1.2489034213254646
2026-07-21,46,charge,21.75,715.6514433333333,False,3.0391890078071664
2026-07-21,47,discharge,17.62,637.2346182291667,False,2.765072627247532
2026-07-22,2,charge,5.1,543.7285714285714,False,0.9379679987388666
2026-07-22,3,charge,21.75,376.7792645833333,False,5.772610662121374
2026-07-22,4,discharge,21.75,632.375,False,3.4394149041312514
2026-07-22,5,charge,21.75,397.8125,False,5.467399842890809
2026-07-22,6,charge,21.75,326.55,False,6.66054203031695
2026-07-22,7,charge,21.75,434.945005,False,5.000632206363653
2026-07-22,9,charge,21.75,632.8356344444444,False,3.436911389968416
2026-07-22,10,charge,21.75,667.3642080555555,False,3.2590899747787185
2026-07-22,11,discharge,21.75,582.5,False,3.7339055793991416
2026-07-22,13,discharge,21.75,592.6932555555555,False,3.669689134493835
2026-07-22,14,discharge,21.75,679.7575147162577,False,3.19967040144879
2026-07-22,15,charge,21.75,577.9288164423077,False,3.7634392646989965
2026-07-22,16,charge,21.75,597.0500002777778,False,3.6429109772851187
2026-07-22,17,charge,21.75,358.48182213127313,False,6.06725324890681
2026-07-22,18,discharge,21.75,582.7666666666667,False,3.7321969913630384
2026-07-22,19,discharge,21.75,555.5093022727273,False,3.9153259740233546
2026-07-22,20,discharge,20.88,555.55,False,3.758437584375844
2026-07-22,23,charge,21.75,513.7750016666666,False,4.233370625165456
2026-07-22,24,charge,21.75,630.9333329629584,False,3.4472738819898305
2026-07-22,31,charge,21.75,630.786431940584,False,3.4480767021394514
2026-07-22,33,charge,21.75,959.4149084722222,False,2.267006673331231
2026-07-22,34,charge,21.75,895.643603448872,False,2.428421295730451
2026-07-22,36,charge,21.75,577.5367298207885,False,3.7659942436473424
2026-07-22,37,charge,21.75,716.124749923141,False,3.037180324005607
2026-07-22,38,charge,21.75,783.1234511915114,False,2.7773398902698774
2026-07-22,40,discharge,21.75,685.8583333333333,False,3.1712088259237206
2026-07-22,41,discharge,21.75,660.275,False,3.2940820112831775
2026-07-22,42,discharge,21.75,509.6094494047592,False,4.267974235054849
2026-07-22,43,discharge,21.75,555.5676388829787,False,3.914914850643646
2026-07-22,44,discharge,21.75,581.1714286111111,False,3.7424413743081546
2026-07-22,45,discharge,21.75,558.4229166666667,False,3.894897460482087
2026-07-22,46,discharge,21.75,512.3900005958812,False,4.2448135160143545
2026-07-23,7,charge,18.085,742.7003398412699,False,2.4350332199747116
2026-07-23,8,charge,19.53,836.0704498484848,False,2.335927552939981
2026-07-23,9,charge,21.75,815.8968905808359,False,2.6657780230681114
2026-07-23,10,charge,21.75,1153.0349833531743,False,1.886326114472971
2026-07-23,11,charge,21.75,614.9304481523523,False,3.5369853721426594
2026-07-23,12,charge,21.75,653.1047619047619,False,3.330246733551097
2026-07-23,13,charge,21.75,768.8888888888889,False,2.8287572254335256
2026-07-23,14,charge,21.75,707.8340277777778,False,3.072754225772873
2026-07-23,15,discharge,21.75,626.4745370370371,False,3.471809102229185
2026-07-23,16,discharge,21.75,616.2976634234893,False,3.5291388059432696
2026-07-23,17,discharge,21.75,721.0343780555555,False,3.0164997206727038
2026-07-23,18,discharge,21.75,728.8887140277777,False,2.983994618302063
2026-07-23,19,discharge,21.75,531.5035386111111,False,4.092164664949479
2026-07-23,20,discharge,21.75,524.5523783333333,False,4.146392409678237
2026-07-23,24,charge,21.75,570.4083333333333,False,3.8130578971204843
2026-07-23,25,charge,21.75,638.9550829166667,False,3.403995144809993
2026-07-23,26,charge,21.75,719.4120838888889,False,3.023302011057021
2026-07-23,27,charge,21.75,759.5993960884866,False,2.863351407597264
2026-07-23,28,charge,21.75,702.4576923076924,False,3.0962718805950535
2026-07-23,29,charge,21.75,580.7615079365079,False,3.7450829131702426
2026-07-23,30,charge,21.75,577.5627777777778,False,3.7658243981173762
2026-07-23,31,charge,21.75,656.0731512756533,False,3.3151791012495795
2026-07-23,32,charge,21.75,623.6067550505051,False,3.4877749196668812
2026-07-23,33,charge,21.75,701.962137718254,False,3.098457713217829
2026-07-23,34,charge,21.75,822.6176740811145,False,2.643998626007558
2026-07-23,35,charge,21.53,784.7593398232323,False,2.743516248541834
2026-07-23,37,discharge,21.75,760.4647743589744,False,2.860093029073428
2026-07-23,38,discharge,21.75,920.2726388888888,False,2.363430040282447
2026-07-23,40,discharge,21.75,882.0833330555555,False,2.4657534254340274
2026-07-23,41,discharge,21.75,988.1844230555556,False,2.201006157610442
2026-07-23,42,discharge,21.75,888.3652374553282,False,2.448317322985492
2026-07-23,43,discharge,21.75,1007.11574317165,False,2.1596326090091704
2026-07-23,45,discharge,21.75,783.8416666666667,False,2.774795079788648
2026-07-23,46,discharge,21.75,843.2611989174793,False,2.5792720011214976
2026-07-23,47,discharge,21.15,639.5630623188406,False,3.3069452015126095
2026-07-23,48,discharge,21.75,698.0,False,3.116045845272206
2026-07-24,2,charge,21.75,782.425,False,2.7798191519953988
2026-07-24,3,discharge,17.62,614.1172594047619,False,2.869158899243172
2026-07-24,5,charge,21.75,788.9416666666667,False,2.756857815850348
2026-07-24,6,charge,21.75,754.25,False,2.883659264169705
2026-07-24,7,charge,21.75,914.4416666666668,False,2.378500542225219
2026-07-24,8,charge,21.75,841.5421165277778,False,2.584540877138865
2026-07-24,11,discharge,21.75,1110.8832036019537,False,1.957901598428826
2026-07-24,12,discharge,21.75,1287.547330808081,False,1.6892582881865341
2026-07-24,13,discharge,21.75,1172.25990375,False,1.8553905947326914
2026-07-24,14,discharge,5.22,1224.3142753097588,False,0.4263611153826748
2026-07-24,15,charge,21.75,1445.525,False,1.5046436415835076
2026-07-24,17,charge,21.75,1336.1888866203703,False,1.6277638751368746
2026-07-24,18,discharge,21.75,1328.451509988176,False,1.6372445540141385
2026-07-24,19,charge,21.75,1312.9921100402576,False,1.656521759245996
2026-07-24,20,charge,21.75,1304.175,False,1.6677209730289264
2026-07-24,21,charge,21.75,1316.1006409722222,False,1.6526091791835136
2026-07-24,22,charge,21.75,1318.0408854306777,False,1.6501764277891167
2026-07-24,23,charge,21.75,1341.9090870367916,False,1.6208251520248982
2026-07-24,24,charge,21.75,1305.9671924167192,False,1.6654323421211814
2026-07-24,25,charge,21.75,1182.3941705802315,False,1.8394880946788421
2026-07-24,26,charge,21.75,1149.5279124252136,False,1.89208106779356
2026-07-24,27,charge,21.75,1133.9334153087823,False,1.9181020425328272
2026-07-24,29,charge,21.75,1379.214172289972,False,1.576984955417583
2026-07-24,31,discharge,21.75,1661.6947502657006,False,1.3089046587240065
2026-07-24,32,discharge,21.75,1473.2472698135532,False,1.476330582492956
2026-07-24,33,discharge,21.75,1828.368238523974,False,1.1895853111930335
2026-07-24,34,discharge,21.75,1695.56984375,False,1.2827545901557615
2026-07-24,37,charge,12.614999999999998,1624.5453684722222,False,0.7765249432131017
2026-07-24,38,charge,21.75,1650.8352881219807,False,1.317514845756852
2026-07-24,39,discharge,21.75,1269.5700138173602,False,1.7131784591069388
2026-07-24,40,discharge,21.75,1329.2837641123515,False,1.6362194880582084
2026-07-24,41,discharge,21.75,1353.5656778180555,False,1.6068669852105695
2026-07-24,43,discharge,21.75,1321.5241891744888,False,1.6458268549428885
2026-07-24,44,discharge,21.75,1136.431805575459,False,1.9138851881205818
2026-07-24,48,discharge,21.75,2075.8005694808708,False,1.047788516863129
2026-07-25,4,charge,21.75,2890.902822998366,False,0.7523601217920389
2026-07-25,5,charge,21.75,3012.183333691756,False,0.7220676031476154
2026-07-25,10,charge,15.305,3340.194027753883,False,0.4582069147130313
2026-07-25,11,discharge,21.75,3451.4916207205324,False,0.6301623295107255
2026-07-25,12,discharge,21.75,3489.6915948041046,False,0.6232642458257388
2026-07-25,13,charge,21.75,3319.1430539572116,False,0.6552896228461381
2026-07-25,14,discharge,21.75,3228.6627151061953,False,0.6736535190943477
2026-07-25,15,charge,21.75,3326.366805277778,False,0.6538665539077162
2026-07-25,16,charge,21.75,3150.0444976986087,False,0.6904664367722531
2026-07-25,17,discharge,1.5,2108.696299933126,False,0.07113399876727484
2026-07-25,17,charge,10.5,2731.3708338626884,False,0.38442235194958724
2026-07-25,18,charge,21.75,2582.956390794773,False,0.8420583513338971
2026-07-25,19,charge,21.75,2302.1024255415346,False,0.9447885445359211
2026-07-25,20,discharge,21.75,2061.857108716474,False,1.0548742639852275
2026-07-25,21,charge,21.75,1947.204728366612,False,1.1169857839367878
2026-07-25,22,charge,21.75,1912.4783394641713,False,1.1372677823945345
2026-07-25,23,charge,21.75,2256.5318400925926,False,0.9638685177651882
2026-07-25,24,charge,21.75,1812.741661312612,False,1.1998400248742978
2026-07-25,25,charge,21.75,1418.359297083333,False,1.533461940477704
2026-07-25,26,charge,21.75,1506.456482638889,False,1.4437854827309784
2026-07-25,27,charge,21.75,1432.7583288888889,False,1.5180508506879338
2026-07-25,28,charge,21.75,1350.7341666666666,False,1.6102354213541896
2026-07-25,29,charge,21.75,1247.48874495672,False,1.743502703966647
2026-07-25,30,charge,21.75,1159.8022408333334,False,1.8753197083299593
2026-07-25,31,charge,21.435000000000002,1225.4043248446565,False,1.749218569366262
2026-07-25,32,discharge,1.5,1297.3888851675829,False,0.11561683756881005
2026-07-25,32,charge,20.25,1067.2405418055555,False,1.897416674758353
2026-07-25,33,charge,21.75,1321.1136510678157,False,1.6463382981789751
2026-07-25,34,charge,21.75,1153.1899092008548,False,1.8860726950925593
2026-07-25,35,discharge,20.25,1117.7036825268165,False,1.8117503159889743
2026-07-25,36,discharge,20.25,942.9115207646488,False,2.1476034128396666
2026-07-25,37,discharge,21.75,839.5416666666666,False,2.5906992902873593
2026-07-25,38,discharge,21.75,996.9533556944444,False,2.1816467014998584
2026-07-25,39,discharge,21.75,761.4183318055556,False,2.856511209603281
2026-07-25,40,discharge,21.75,735.8665294841244,False,2.955699047114934
2026-07-25,41,discharge,21.75,728.7907983193277,False,2.9843955288894852
2026-07-25,42,discharge,21.75,731.3706914209166,False,2.9738681430812894
2026-07-25,43,discharge,21.75,762.5628508333333,False,2.852223915213214
2026-07-25,44,discharge,21.75,760.5068540597886,False,2.8599347769047307
2026-07-25,45,discharge,21.75,762.8500987365592,False,2.8511499226417603
2026-07-25,46,discharge,21.15,774.2267855555556,False,2.731757721973358
2026-07-25,47,discharge,20.25,802.4498130908333,False,2.523522302535299
2026-07-25,48,discharge,20.25,887.451616,False,2.2818145389460875
2026-07-26,13,charge,20.25,1659.941047140461,False,1.2199228421325063
2026-07-26,14,charge,21.75,1700.295203373525,False,1.27918963464969
2026-07-26,15,discharge,1.215,1353.1760172916668,False,0.08978876247243717
2026-07-26,15,charge,20.25,1371.184349537028,False,1.4768254908129084
2026-07-26,16,charge,21.75,1554.7121971076806,False,1.3989727513852892
2026-07-26,17,charge,21.75,1644.2948734722222,False,1.32275544678133
2026-07-26,18,charge,21.75,1198.9414734126983,False,1.81410022776927
2026-07-26,19,charge,21.75,1133.268240513468,False,1.9192278776069271
2026-07-26,20,charge,21.75,982.254751574074,False,2.214293182613307
2026-07-26,21,charge,21.75,815.6438532837302,False,2.666605027725751
2026-07-26,22,charge,21.75,617.4995536666667,False,3.522269752399028
2026-07-26,23,charge,21.75,610.2350457222223,False,3.5642004097386035
2026-07-26,24,discharge,1.5,1190.9865277777778,False,0.12594600904502254
2026-07-26,24,charge,15.254999999999999,359.99819916666667,False,4.237521197415064
2026-07-26,25,charge,21.75,521.2226393055555,False,4.172880907279534
2026-07-26,26,discharge,21.75,1162.215,False,1.8714265432815786
2026-07-26,27,charge,21.085,148.43541694444446,False,14.204830918413206
2026-07-26,28,charge,21.75,327.95069595238095,False,6.6320944789695275
2026-07-26,29,charge,21.75,433.31975439814585,False,5.019388056796394
2026-07-26,30,charge,21.75,737.7495020833334,False,2.948155158164133
2026-07-26,31,charge,21.75,925.6957155555556,False,2.349584170533484
2026-07-26,32,charge,21.75,716.3641343055556,False,3.0361654022621445
2026-07-26,33,charge,21.75,532.8858333333334,False,4.08154967527441
2026-07-26,34,discharge,21.15,1196.783335,False,1.7672371749728615
2026-07-26,35,discharge,21.75,1345.6583283333334,False,1.6163092474549972
2026-07-26,36,discharge,21.75,1413.4037388413485,False,1.5388384367675279
2026-07-26,37,discharge,21.75,1222.7749988888888,False,1.7787409801282974
2026-07-26,38,discharge,20.25,1146.421053819283,False,1.7663667229886832
2026-07-26,39,discharge,21.75,1034.5258771929823,False,2.102412368747613
2026-07-26,40,discharge,21.75,1036.5197368421052,False,2.098368147457014
2026-07-26,41,discharge,21.75,918.0,False,2.369281045751634
2026-07-26,42,discharge,21.75,936.4,False,2.322725331055105
2026-07-26,43,discharge,21.75,934.439388238573,False,2.3275988013517876
2026-07-26,44,discharge,21.75,992.6905235790598,False,2.191015173750451
2026-07-26,45,discharge,20.25,1023.19015125,False,1.9791042725793635
2026-07-26,46,discharge,20.25,1023.0868983333334,False,1.9793040095605174
2026-07-26,47,discharge,20.25,1023.9371761270492,False,1.9776603948099447
2026-07-26,48,discharge,20.25,1030.330500906565,False,1.9653887740081917
2026-07-27,1,charge,21.75,400.3441715491453,False,5.432825440130086
2026-07-27,2,charge,21.75,312.43542462961113,False,6.96143851990676
2026-07-27,3,charge,21.75,329.74166541666665,False,6.596072708165759
2026-07-27,4,charge,21.75,512.6630294444444,False,4.242552856516636
2026-07-27,5,charge,21.75,355.77853112373737,False,6.1133537010515955
2026-07-27,6,charge,21.75,354.17979950757575,False,6.1409487582972035
2026-07-27,7,charge,21.75,448.5187427777778,False,4.849295676095349
2026-07-27,8,charge,21.75,538.17500125,False,4.041436326377488
2026-07-27,9,charge,21.75,688.9216723611111,False,3.157107821192093
2026-07-27,10,charge,21.75,767.0333293849075,False,2.8356003796395086
2026-07-27,11,charge,21.75,657.1,False,3.3099984781616194
2026-07-27,12,charge,21.53,538.3590909090909,False,3.999189456175753
2026-07-27,13,discharge,21.75,1184.2460793055557,False,1.83661152695175
2026-07-27,14,discharge,15.48,1156.0758969785677,False,1.3390124333927689
2026-07-27,16,discharge,21.75,1030.0230081550003,False,2.111603316411259
2026-07-27,17,discharge,21.75,1029.1564852984736,False,2.1133812312023776
2026-07-27,18,discharge,21.75,918.796779437234,False,2.3672264081423906
2026-07-27,19,discharge,21.75,682.6417131370645,False,3.186151619719863
2026-07-27,20,discharge,21.75,705.8166666666667,False,3.0815367541146186
2026-07-27,21,discharge,21.75,716.5833340277778,False,3.0352366524835865
2026-07-27,22,discharge,21.75,756.573994019826,False,2.8748014301202693
2026-07-27,23,discharge,21.75,669.8041666666667,False,3.247217781316678
2026-07-27,27,charge,21.75,1139.4361081944444,False,1.9088389286227858
2026-07-27,28,charge,21.75,1240.3572151234569,False,1.7535271077400998
2026-07-27,29,charge,21.75,1192.4880371974025,False,1.8239176680645846
2026-07-27,30,charge,21.75,900.475132954537,False,2.415391519878663
2026-07-27,31,charge,21.75,1163.0033821928391,False,1.8701579318703654
2026-07-27,32,charge,21.75,1261.9657400885226,False,1.723501622038829
2026-07-27,33,charge,21.75,1086.7146917541554,False,2.001445288725373
2026-07-27,34,charge,21.75,632.5064539267224,False,3.4387000899313818
2026-07-27,35,charge,21.75,793.4670454924243,False,2.741134634835652
2026-07-27,36,discharge,21.75,842.5933373073732,False,2.581316399854907
2026-07-27,37,discharge,21.75,581.8416666666667,False,3.738130361925495
2026-07-27,40,discharge,21.75,449.5119041666667,False,4.838581536638393
2026-07-27,41,charge,21.75,562.2086226388889,False,3.868670654304461
2026-07-27,42,discharge,2.175,353.00000166666666,False,0.61614730587277
2026-07-27,44,discharge,21.75,353.5416666667315,False,6.152032999409597
2026-07-27,45,discharge,21.75,430.54666699074073,False,5.05171719293968
2026-07-27,46,discharge,21.75,389.57402291666665,False,5.583021125782948
2026-07-27,47,discharge,21.75,470.78500541666665,False,4.619943233058206
2026-07-27,48,discharge,21.75,461.2674690359467,False,4.715268571932398
2026-07-28,3,charge,21.75,297.32955069444444,False,7.315115483543626
2026-07-28,5,charge,21.75,279.8049976120319,False,7.773270736985838
2026-07-28,6,charge,21.75,325.56766343434344,False,6.6806389094555385
2026-07-28,11,discharge,21.75,628.4677083333333,False,3.460798337225626
2026-07-28,12,discharge,1.5,628.0018516666667,False,0.23885279892393949
2026-07-28,13,discharge,0.645,628.0,False,0.10270700636942674
2026-07-28,15,charge,20.25,700.5033420480548,False,2.890778499470862
2026-07-28,16,charge,20.25,939.5583345701058,False,2.1552679865551267
2026-07-28,17,charge,21.53,823.7812106018519,False,2.613558032510872
2026-07-28,18,charge,21.75,787.0968214484127,False,2.7633195062299616
2026-07-28,19,charge,21.75,863.5750031461353,False,2.518599996614242
2026-07-28,20,charge,21.75,953.3081956944444,False,2.2815286911654056
2026-07-28,21,charge,21.75,890.8527745833334,False,2.4414808619946027
2026-07-28,22,charge,21.75,1058.6719903373016,False,2.054460701569168
2026-07-28,23,charge,21.75,1757.8634600099206,False,1.2372974633580047
2026-07-28,24,charge,21.75,1374.7451018055556,False,1.5821114744423599
2026-07-28,25,charge,21.75,1057.2922222222223,False,2.0571417762145017
2026-07-28,26,charge,21.75,1103.4927777020184,False,1.9710142594039939
2026-07-28,27,charge,21.75,1011.3344011111112,False,2.1506239653376937
2026-07-28,28,charge,21.75,882.9834768849206,False,2.463239751295446
2026-07-28,29,charge,20.25,876.997741918748,False,2.309013926956738
2026-07-28,30,discharge,20.25,1985.1546727143143,False,1.0200716487401986
2026-07-28,31,discharge,20.25,1932.9492466329968,False,1.0476219194721983
2026-07-28,32,discharge,21.75,1908.5738095238096,False,1.1395943867335494
2026-07-28,33,discharge,20.25,1746.8754697222223,False,1.1592125684391248
2026-07-28,34,charge,21.75,1369.5897016666668,False,1.5880668475772137
2026-07-28,35,discharge,21.75,1805.6659019145136,False,1.2045417691577873
2026-07-28,36,charge,16.755,2021.592064191251,False,0.8288022245824817
2026-07-28,37,discharge,21.75,1527.574121993577,False,1.4238261624656832
2026-07-28,38,discharge,21.75,1716.6066158002643,False,1.2670346135104678
2026-07-28,39,discharge,21.75,2143.284709398148,False,1.014797516383513
2026-07-28,40,discharge,21.75,2368.309446682578,False,0.9183766095459539
2026-07-28,41,discharge,21.75,2086.7088411030945,False,1.0423112018110934
2026-07-28,42,discharge,21.75,2166.8690233725183,False,1.0037524079857982
2026-07-28,43,discharge,21.75,2142.313987343985,False,1.015257339890003
2026-07-28,44,discharge,21.75,2013.0686065630955,False,1.0804400768602564
2026-07-28,45,discharge,21.75,2100.6720684264433,False,1.0353829294399262
2026-07-28,46,discharge,20.58,1894.4909268710871,False,1.0863076570120933
2026-07-28,47,charge,21.75,1913.9871580460456,False,1.1363712608293661
2026-07-28,48,discharge,17.62,1727.8733925258862,False,1.0197506412343245
2026-07-29,4,charge,21.75,1541.4798616456228,False,1.4109817806364697
2026-07-29,6,charge,21.75,1355.2002427777777,False,1.6049288742317993
2026-07-29,7,discharge,7.395,1218.971907268514,False,0.6066587716997349
2026-07-29,10,charge,21.75,903.825,False,2.406439299643183
2026-07-29,11,charge,21.75,989.8906755555556,False,2.197212332340969
2026-07-29,12,charge,21.75,1026.7905984090833,False,2.1182507936574027
2026-07-29,14,discharge,21.75,994.9082740277778,False,2.186131180912537
2026-07-29,15,discharge,21.75,782.5083333333333,False,2.7795231147698107
2026-07-29,16,charge,21.75,637.2527655456349,False,3.41308836555256
2026-07-29,17,charge,21.75,483.92782207381856,False,4.494471904258947
2026-07-29,18,charge,21.75,578.0047585315914,False,3.7629447991493024
2026-07-29,21,charge,21.75,855.2453886110555,False,2.543129760140848
2026-07-29,27,charge,21.75,707.0958333333333,False,3.0759621220603055
2026-07-29,28,discharge,21.75,1041.3007158333332,False,2.0887337989193533
2026-07-29,29,discharge,21.75,1441.1071005753663,False,1.5092563204578098
2026-07-29,30,discharge,21.75,1513.3679917379104,False,1.437191754995617
2026-07-29,31,discharge,21.75,1119.173005,False,1.943399269177333
2026-07-29,32,discharge,21.75,1067.1853873737407,False,2.0380713845347
2026-07-29,33,charge,21.75,773.823096380255,False,2.8107199309171427
2026-07-29,34,charge,21.75,547.978998396164,False,3.969130215511605
2026-07-29,35,charge,21.75,1042.6643141534391,False,2.086002148990711
2026-07-29,36,charge,21.75,847.576207228203,False,2.566140933937754
2026-07-29,37,discharge,21.75,751.9604216702193,False,2.8924394653231773
2026-07-29,38,discharge,21.75,753.9311111111111,False,2.884878960352994
2026-07-29,39,discharge,21.75,743.5541429814722,False,2.925140045994198
2026-07-29,40,discharge,21.75,783.1263835912698,False,2.777329490580895
2026-07-30,14,charge,21.75,661.4716611863308,False,3.2881227233517434
2026-07-30,15,charge,21.75,517.7338880555556,False,4.200999876922507
2026-07-30,16,charge,21.75,438.5622222222222,False,4.959387493476157
2026-07-30,17,charge,21.75,392.7667022286079,False,5.537638470009741
2026-07-30,20,discharge,21.75,812.7919812088522,False,2.675961439438856
2026-07-30,21,discharge,21.75,947.1166726388888,False,2.2964435774738723
2026-07-30,24,charge,21.75,1238.8576473263888,False,1.755649654093773
2026-07-30,25,charge,8.86,1322.654324515873,False,0.6698651216555012
2026-07-30,26,charge,21.75,1325.966667973856,False,1.6403127262041284
2026-07-30,36,discharge,21.75,2167.624138037582,False,1.0034027402781627
2026-07-30,38,charge,21.75,1910.0397240277775,False,1.138719772494307
2026-07-30,41,discharge,21.75,1404.4417617708334,False,1.5486580214316503
2026-07-30,43,discharge,21.75,1347.7701207200453,False,1.6137766868121455
2026-07-30,44,discharge,21.75,1218.6084942787368,False,1.784822615476127
2026-07-31,2,charge,21.75,555.65,False,3.914334563124269
2026-07-31,5,discharge,9.355,639.0338819650185,False,1.4639286372787514
2026-07-31,8,charge,21.75,441.84166666666664,False,4.922577846513645
2026-07-31,9,charge,21.75,416.3333333333333,False,5.2241793434747805
2026-07-31,11,discharge,21.75,449.5526395378788,False,4.838143097626584
2026-07-31,14,discharge,21.75,500.4433348611111,False,4.346146403575604
2026-07-31,15,charge,21.75,483.88253672259714,False,4.494892530595491
2026-07-31,16,charge,21.75,599.6326495075757,False,3.62722076889264
2026-07-31,17,charge,21.75,421.21319292194136,False,5.163655926615451
2026-07-31,18,charge,21.75,485.43333083333334,False,4.480532880315867
2026-07-31,19,charge,21.75,300.09583333333336,False,7.247684767365979
2026-07-31,21,charge,21.75,340.808335,False,6.381886170712344
2026-07-31,22,charge,21.75,240.76494694444443,False,9.033707055794434
2026-07-31,23,discharge,21.75,822.4686352222222,False,2.6444777428045487
2026-07-31,24,discharge,21.75,785.5041666666667,False,2.7689222951289243
2026-07-31,27,charge,21.75,517.1460004166667,False,4.20577554162189
2026-07-31,28,charge,21.75,539.5954988888889,False,4.0307971517158006
2026-07-31,29,charge,21.75,541.4333280547653,False,4.017115104114908
2026-07-31,31,charge,21.75,584.2166655555556,False,3.7229338501182667
2026-07-31,35,discharge,21.75,887.0241218164302,False,2.452018999828413
2026-07-31,36,discharge,21.75,761.6841012794613,False,2.8555145057465157
2026-07-31,39,charge,2.415,948.8583310757468,False,0.2545163931123467
2026-07-31,41,discharge,21.75,957.8064418055556,False,2.2708137104402013
2026-07-31,43,discharge,21.75,774.8892857142857,False,2.8068525918449176
2026-07-31,44,discharge,21.75,790.0145915277777,False,2.7531137061580777
2026-07-31,45,discharge,21.75,1071.786350971243,False,2.029322353311399
2026-07-31,48,discharge,21.75,934.3342667635388,False,2.327860678313802
2026-08-01,2,charge,5.1,831.6417082407407,False,0.6132448564645184
2026-08-01,3,charge,21.75,829.2372276701643,False,2.6228923731643214
2026-08-01,6,discharge,21.75,630.7324074074074,False,3.4483720424961577
2026-08-01,7,charge,21.75,563.9690490498236,False,3.8565946192693463
2026-08-01,8,charge,21.75,530.6079166666667,False,4.099071897878141
2026-08-01,11,discharge,21.75,850.1216056944445,False,2.5584575023514353
2026-08-01,12,discharge,9.355,783.0650038888889,False,1.1946645493721242
2026-08-01,13,charge,21.75,830.0285899154766,False,2.6203916665346245
2026-08-01,14,discharge,21.75,896.2173775,False,2.4268665779134597
2026-08-01,15,charge,21.75,694.7107397123016,False,3.130799447408465
2026-08-01,16,discharge,17.62,992.9186507936508,False,1.7745663238288596
2026-08-01,21,charge,21.75,639.6662855357143,False,3.400210467835519
2026-08-01,22,charge,21.53,473.8847725,False,4.543298550493096
2026-08-01,23,charge,21.75,300.0722156547619,False,7.2482552083474925
2026-08-01,24,charge,21.75,308.1833354166667,False,7.057487378606569
2026-08-01,25,charge,21.75,496.73987210749846,False,4.378549261149934
2026-08-01,26,charge,21.75,430.6433893631773,False,5.050582578816142
2026-08-01,27,charge,21.75,494.8738944252137,False,4.395059073637779
2026-08-01,28,charge,21.75,562.9966665516764,False,3.8632555558841144
2026-08-01,29,charge,21.75,493.9833355555555,False,4.402982536959266
2026-08-01,30,charge,21.75,779.6199940939107,False,2.789820703005221
2026-08-01,31,charge,21.75,714.122561840176,False,3.0456956777774726
2026-08-01,32,charge,21.75,708.2523412698413,False,3.0709393718351774
2026-08-01,33,charge,20.25,925.6840476190476,False,2.187571456166392
2026-08-01,34,charge,20.25,702.0566132679738,False,2.884382771602866
2026-08-01,35,discharge,20.25,1018.0333365098084,False,1.9891293608738223
2026-08-01,36,discharge,6.885,794.0221161265432,False,0.8671043110973924
2026-08-01,39,discharge,21.75,830.3298450985254,False,2.619440952097679
2026-08-01,40,discharge,21.75,835.0006945833334,False,2.604788252404183
2026-08-01,41,discharge,21.75,758.9000022222223,False,2.8659902406524345
2026-08-01,42,discharge,21.15,788.4083315277778,False,2.6826200528621413
2026-08-01,43,discharge,21.75,930.90833376329,False,2.3364276815605947
2026-08-01,44,discharge,21.75,956.3128256565656,False,2.274360378369634
2026-08-01,45,discharge,21.75,757.1875,False,2.8724721419727612
2026-08-01,46,discharge,21.75,584.6090909375,False,3.720434789188947
2026-08-01,47,discharge,21.75,410.75,False,5.295191722458917
2026-08-01,48,discharge,21.75,355.5,False,6.118143459915612
2026-08-02,17,charge,21.75,86.61666666666666,False,25.110640754281317
2026-08-02,18,charge,21.75,68.06666666666666,False,31.9539666993144
2026-08-02,19,charge,21.75,328.2000204574275,False,6.627056259681527
2026-08-02,21,charge,21.75,63.91666722222222,False,34.02868288545256
2026-08-02,22,charge,21.75,4.858333333333333,False,447.6843910806175
2026-08-02,23,charge,21.75,44.96666666666667,False,48.36916234247591
2026-08-02,24,charge,21.75,132.97353444444445,False,16.35663825201775
2026-08-02,25,charge,7.0,1.0271347435897435,False,681.507469559021
2026-08-02,26,charge,21.75,0.0,True,
2026-08-02,27,charge,21.53,0.0741505930588929,True,
2026-08-02,31,charge,21.75,0.0027777777777777,True,
2026-08-02,32,charge,21.75,0.0,True,
2026-08-02,33,charge,21.75,6.275,False,346.61354581673305
2026-08-02,35,discharge,21.15,651.2047731456043,False,3.2478263170333097
2026-08-02,36,discharge,21.75,627.0033426127451,False,3.468881028507277
2026-08-02,37,discharge,21.75,560.7866678240695,False,3.8784802221481183
2026-08-02,39,discharge,21.75,488.9083404022606,False,4.448686635639041
2026-08-02,40,discharge,21.75,465.5,False,4.672395273899033
2026-08-02,41,discharge,21.75,465.5,False,4.672395273899033
2026-08-02,42,discharge,21.75,470.5,False,4.622741764080765
2026-08-02,43,discharge,21.75,465.5,False,4.672395273899033
2026-08-02,44,discharge,21.75,465.5,False,4.672395273899033
2026-08-02,45,discharge,21.75,446.7916666666667,False,4.868040660262986
2026-08-03,1,charge,21.75,335.51896916996384,False,6.482494880634336
2026-08-03,2,charge,21.75,338.22051782051284,False,6.430715717708855
2026-08-03,3,charge,21.75,296.13122668956044,False,7.344716814617092
2026-08-03,7,charge,21.75,633.835184074074,False,3.4314914265564274
2026-08-03,8,charge,21.75,670.9678789267676,False,3.241585876627917
2026-08-03,9,charge,8.86,370.7097402597403,False,2.390010036907091
2026-08-03,10,charge,21.75,418.0529761904762,False,5.202689907436543
2026-08-03,14,discharge,21.75,571.0250005555556,False,3.80894006021439
2026-08-03,15,discharge,21.75,673.0863333333333,False,3.231383393611221
2026-08-03,16,discharge,21.75,625.1533488888889,False,3.479146362833564
2026-08-03,17,charge,21.75,524.2894948393827,False,4.148471448328974
2026-08-03,18,discharge,21.75,804.4113976851852,False,2.7038403561397684
2026-08-03,19,discharge,21.75,875.5083333333333,False,2.4842710425371926
2026-08-03,20,discharge,21.75,875.559525,False,2.484125793731728
2026-08-03,22,charge,21.75,506.5423627777778,False,4.293816588355477
2026-08-03,23,charge,21.75,399.7030555555556,False,5.441539587374238
2026-08-03,24,charge,21.75,542.0704804238817,False,4.012393366816839
2026-08-03,25,charge,21.75,703.1493035660174,False,3.093226415740584
2026-08-03,26,charge,21.75,425.1662674801587,False,5.115645728177391
2026-08-03,27,charge,21.75,732.3878861507936,False,2.9697378139760526
2026-08-03,28,charge,21.75,680.021933478836,False,3.198426246155326
2026-08-03,29,charge,21.75,791.3697389286566,False,2.7483992538613866
2026-08-03,30,charge,21.75,713.1945708756514,False,3.0496586609311427
2026-08-03,33,discharge,15.66,523.337311827957,False,2.9923339395200816
2026-08-03,34,charge,21.75,876.7927943945407,False,2.4806316998783293
2026-08-03,35,charge,21.75,890.7381794570707,False,2.4417949630560596
2026-08-03,36,charge,21.75,583.2335357689533,False,3.7292094274592977
2026-08-03,39,discharge,21.75,408.113892788543,False,5.329394657797002
2026-08-03,40,discharge,21.75,355.5,False,6.118143459915612
2026-08-03,42,discharge,21.75,381.5583367648685,False,5.700307896405162
2026-08-03,43,discharge,21.75,355.85,False,6.112125895742588
2026-08-03,44,discharge,21.75,414.3083344444444,False,5.249713363638961
2026-08-03,45,discharge,21.75,666.8280911111111,False,3.2617102203596096
2026-08-03,46,discharge,21.75,771.6567493055555,False,2.8186107384628833
2026-08-03,47,discharge,21.75,936.4353897664396,False,2.322637550618923
2026-08-03,48,discharge,21.75,983.726838837743,False,2.210979627809816
2026-08-04,3,charge,21.75,1803.5191944444443,False,1.2059755209148115
2026-08-04,6,charge,21.75,1938.5372917594,False,1.1219799635765522
2026-08-04,7,charge,21.75,1756.1422205889724,False,1.2385101699055738
2026-08-04,13,discharge,21.75,1681.2167401527777,False,1.2937058905339895
2026-08-04,14,discharge,21.75,1735.071114084248,False,1.253550924999372
2026-08-04,15,charge,21.75,2096.843381859594,False,1.0372734648741828
2026-08-04,16,discharge,21.75,1227.6262696732026,False,1.7717118423826097
2026-08-04,17,charge,13.96,1754.9937915277778,False,0.795444409398587
2026-08-04,18,charge,21.75,1801.23095240797,False,1.2075075642534112
2026-08-04,20,charge,21.75,1810.0679346186853,False,1.2016123585207825
2026-08-04,22,discharge,21.75,2286.8912251150796,False,0.9510727821742161
2026-08-04,23,discharge,21.75,2322.6015617708335,False,0.9364498998879959
2026-08-04,27,charge,21.75,1438.5193723611112,False,1.5119712961738343
2026-08-04,28,charge,21.75,1396.511872222222,False,1.5574518507594182
2026-08-04,29,discharge,21.75,2135.199386904762,False,1.0186402325419053
2026-08-04,30,discharge,21.75,1975.5657407634096,False,1.1009504544047843
2026-08-04,31,charge,21.75,1394.5845202777778,False,1.559604289574917
2026-08-04,34,charge,15.305,1240.87851010101,False,1.2334003591337996
2026-08-04,35,charge,21.75,1444.32251984127,False,1.5058963424866014
2026-08-04,36,charge,21.75,1750.1439292717089,False,1.2427549321072624
2026-08-04,39,discharge,21.75,837.058334675926,False,2.598385213907546
2026-08-04,40,discharge,21.75,951.8416669444445,False,2.2850439054449874
2026-08-04,41,discharge,21.75,841.8249998809524,False,2.58367237882883
2026-08-04,44,charge,5.1,1789.7109310834282,False,0.2849622199554114
2026-08-04,45,charge,21.75,1189.5383333333334,False,1.8284404453828724
2026-08-04,47,discharge,21.75,1016.1635769046244,False,2.140403424638927
2026-08-05,6,charge,21.75,197.50208333333333,False,11.012542061792598
2026-08-05,8,discharge,17.62,618.2019564009514,False,2.8502012679772366
2026-08-05,10,charge,21.75,995.8085480829822,False,2.184154779738599
2026-08-05,11,charge,21.75,901.8536704274892,False,2.4116994489461074
2026-08-05,12,charge,20.405,627.295497034632,False,3.2528529371658266
2026-08-05,13,charge,21.75,758.4249991666667,False,2.867785215927509
2026-08-05,15,charge,21.75,800.6368993452381,False,2.716587259191673
2026-08-05,17,discharge,21.75,740.1479628636273,False,2.9386016163375497
2026-08-05,18,discharge,21.75,768.208334508547,False,2.831263216366213
2026-08-05,19,discharge,21.75,658.7791666666667,False,3.301561600688142
2026-08-05,20,discharge,21.75,581.7625,False,3.738639049440278
2026-08-05,21,charge,20.25,164.96666666666667,False,12.275207112547989
2026-08-05,22,charge,20.25,156.3944470959596,False,12.948030045833484
2026-08-05,23,charge,21.75,613.2450000462962,False,3.5467064547379934
2026-08-05,24,charge,21.75,594.7833333333333,False,3.6567937904559082
2026-08-05,25,charge,21.75,720.4916665277777,False,3.018771904027491
2026-08-05,26,charge,21.53,523.9166668783068,False,4.109432159943272
2026-08-05,27,charge,21.75,677.1916701388889,False,3.211793788830742
2026-08-05,28,charge,21.75,541.3658321428571,False,4.017615946301641
2026-08-05,29,charge,21.75,733.6567648611111,False,2.964601574159478
2026-08-05,30,charge,21.75,1387.7816674007936,False,1.567249410401569
2026-08-05,31,charge,21.75,1601.4114381944444,False,1.3581768857928629
2026-08-05,32,charge,21.75,1868.529302245301,False,1.1640170680686843
2026-08-05,33,charge,21.75,1968.1971167460315,False,1.1050722417457202
2026-08-05,34,charge,21.75,1996.822321388889,False,1.089230612409811
2026-08-05,35,discharge,6.885,1194.8342976064837,False,0.5762305295213045
2026-08-05,36,discharge,20.25,1342.2319479646003,False,1.5086811210765538
2026-08-05,37,discharge,21.75,1518.6255405406107,False,1.4322161335609622
2026-08-05,38,discharge,21.75,1633.5958333333333,False,1.3314186750598755
2026-08-05,39,discharge,21.75,1895.095103369901,False,1.1476996569366709
2026-08-05,40,discharge,21.75,2351.7127002742764,False,0.9248578704985235
2026-08-05,41,discharge,21.75,2517.1237697222223,False,0.8640814671739494
2026-08-05,42,charge,0.74,3511.7209013888887,False,0.021072289648853625
2026-08-05,43,discharge,21.75,3292.266700367665,False,0.6606390666215182
2026-08-05,44,discharge,21.75,3388.010759920635,False,0.6419696258730153
2026-08-05,45,discharge,21.75,3315.9660511444163,False,0.6559174510394512
2026-08-05,46,discharge,21.75,3092.0106428770273,False,0.7034257805711254
2026-08-05,47,discharge,21.75,3182.3613763020835,False,0.6834547503613051
2026-08-06,2,charge,21.75,3105.2078506715507,False,0.7004362041431854
2026-08-06,5,charge,21.75,2233.7418380555555,False,0.9737024945968289
2026-08-06,6,charge,21.75,2100.016666666667,False,1.0357060658248742
2026-08-06,7,charge,21.75,1957.4452777777776,False,1.1111421732663735
2026-08-06,8,charge,21.75,1662.5590873015874,False,1.3082241807899462
2026-08-06,9,charge,21.75,1624.2609613979075,False,1.3390705383500094
2026-08-06,10,charge,21.75,1478.5613855555555,False,1.4710244845078002
2026-08-06,13,discharge,21.75,1255.661067026973,False,1.7321553220963875
2026-08-06,14,discharge,21.75,1460.3803598611112,False,1.4893380243807528
2026-08-06,16,discharge,21.75,1175.4719856912438,False,1.8503205746081455
2026-08-06,17,discharge,21.75,1219.5833333333333,False,1.7833959685685001
2026-08-06,18,charge,21.75,1150.6183336751444,False,1.8902879750341877
2026-08-06,19,charge,21.75,656.7999989909297,False,3.3115103583153878
2026-08-06,20,charge,21.75,755.4166724074028,False,2.8792057144682714
2026-08-06,21,discharge,21.75,790.5,False,2.7514231499051234
2026-08-06,22,discharge,21.75,913.775,False,2.3802358348608794
2026-08-06,23,discharge,21.75,792.9333333333333,False,2.7429796536068607
2026-08-06,25,charge,21.75,826.4827370039683,False,2.6316339139574274
2026-08-06,26,charge,21.75,616.499318839717,False,3.527984433289335
2026-08-06,27,charge,21.75,642.0663300309561,False,3.3875004781751072
2026-08-06,28,charge,21.75,930.1666209508882,False,2.338290743841729
2026-08-06,29,charge,21.75,893.6000052811737,False,2.4339749184710784
2026-08-06,30,charge,21.75,850.3164279365079,False,2.5578713153621497
2026-08-06,31,charge,21.75,374.83988095238095,False,5.802477565817786
2026-08-06,33,discharge,0.215,703.752380280846,False,0.03055051833916357
2026-08-06,34,discharge,21.75,623.3410277469136,False,3.4892617414605427
2026-08-06,35,charge,21.75,483.272167493895,False,4.500569547133037
2026-08-06,36,charge,21.75,171.400079914011,False,12.689609019384159
2026-08-06,37,charge,21.75,392.4023117857143,False,5.542780800913678
2026-08-06,38,charge,21.75,358.5931542063492,False,6.065369554568841
2026-08-06,40,discharge,21.75,543.0706091666667,False,4.005004069981808
2026-08-06,41,discharge,21.75,543.2961776388889,False,4.003341252007944
2026-08-06,42,discharge,21.75,610.9666686111111,False,3.5599323363160718
2026-08-06,43,discharge,21.75,550.3733333333333,False,3.9518629778574543
2026-08-06,44,discharge,21.75,474.5,False,4.5837723919915705
2026-08-06,45,discharge,21.75,333.0,False,6.531531531531531
2026-08-06,46,discharge,21.75,381.175,False,5.706040532563783
2026-08-06,47,discharge,21.75,449.4333340277778,False,4.839427419652792
2026-08-06,48,discharge,21.75,450.5,False,4.827968923418425
2026-08-07,4,charge,1.5,820.8994334722222,False,0.1827264021434798
2026-08-07,5,charge,19.0,715.5222304166666,False,2.6554031716017854
2026-08-07,7,charge,21.655,794.0001851851852,False,2.72732933871412
2026-08-07,8,charge,21.75,861.7133233888889,False,2.5240412802790426
2026-08-07,11,discharge,21.75,993.228176626984,False,2.189829136126936
2026-08-07,12,charge,21.75,1055.975,False,2.0597078529321244
2026-08-07,13,discharge,21.75,1003.915077281746,False,2.166517914930759
2026-08-07,14,discharge,21.75,992.9259024583332,False,2.190495780818117
2026-08-07,15,charge,21.75,1330.3061684722222,False,1.6349619745790238
2026-08-07,17,discharge,21.75,1919.0073808122895,False,1.13339845471535
2026-08-07,20,charge,21.75,1969.0267541666667,False,1.1046066262926455
2026-08-07,21,charge,21.75,1699.5916666666667,False,1.27971914822678
2026-08-07,22,charge,16.5,1661.7619194444444,False,0.9929220189084749
2026-08-07,23,charge,21.75,1776.72109375,False,1.2241651251009695
2026-08-07,24,charge,21.75,1946.6666666666667,False,1.1172945205479452
2026-08-07,25,charge,21.75,2067.681528039361,False,1.051902805391119
2026-08-07,26,charge,21.75,2113.198611111111,False,1.0292454237684712
2026-08-07,27,discharge,0.18,2476.008884145056,False,0.0072697638991773
2026-08-07,28,charge,21.75,2230.2316675,False,0.9752350088536261
2026-08-07,29,charge,21.75,2265.881727110886,False,0.9598912308513275
2026-08-07,30,charge,21.75,2312.7008333333333,False,0.9404588646535561
2026-08-07,31,charge,21.75,2463.8513333333335,False,0.8827643009846102
2026-08-07,32,charge,21.75,2568.6683333333335,False,0.8467422484153591
2026-08-07,33,charge,21.75,2774.3199501797385,False,0.7839759072702084
2026-08-07,35,discharge,21.75,2609.3682561986993,False,0.8335350883621606
2026-08-07,36,discharge,21.18,2194.509010535971,False,0.9651361602214223
2026-08-07,37,charge,21.75,2619.418388194445,False,0.8303369976337454
2026-08-07,38,charge,21.75,2663.1355119444443,False,0.8167064688390414
2026-08-07,39,discharge,21.75,2350.437223221362,False,0.9253597494593289
2026-08-07,40,discharge,21.75,2168.4480978434417,False,1.0030214705913756
2026-08-07,41,discharge,21.75,2095.9140164675805,False,1.0377334102978661
2026-08-07,42,discharge,21.75,1860.4490093881943,False,1.1690726211922602
2026-08-07,43,discharge,21.75,1781.0243295833334,False,1.221207348980368
2026-08-07,44,discharge,21.75,1586.6,False,1.3708559183158957
2026-08-07,45,discharge,21.75,1516.533335416667,False,1.4341920149103875
2026-08-07,46,discharge,21.15,1473.2900516666666,False,1.4355625340762979
2026-08-07,47,discharge,21.75,2008.9599363893533,False,1.0826497634935746
2026-08-07,48,discharge,21.75,2249.5945723822565,False,0.966840881775749
2026-08-08,1,charge,21.75,2535.372437395598,False,0.8578621302021481
2026-08-08,3,charge,5.1,2359.661240962222,False,0.21613271903047926
2026-08-08,8,discharge,21.75,2033.34375125,False,1.0696666506403143
2026-08-08,17,charge,20.25,1566.8041666666666,False,1.2924397592764465
2026-08-08,18,charge,20.25,1528.2166666666667,False,1.3250738878649406
2026-08-08,19,charge,21.75,1506.0743055555556,False,1.4441518535818147
2026-08-08,20,charge,21.75,1358.033888888889,False,1.6015800620259435
2026-08-08,21,charge,21.75,1315.6426666666666,False,1.6531844512998464
2026-08-08,22,charge,21.75,1371.2214260820374,False,1.5861770817092484
2026-08-08,23,charge,21.75,1425.7833338888888,False,1.5254772224525788
2026-08-08,24,charge,21.75,1649.4410968730317,False,1.3186284761082463
2026-08-08,25,charge,21.75,820.7310047432361,False,2.650076562759371
2026-08-08,26,charge,21.75,994.5172919444444,False,2.1869906311508354
2026-08-08,27,charge,21.75,1236.0122046329366,False,1.7596913621463133
2026-08-08,28,charge,21.75,1515.3806659984764,False,1.43528292844287
2026-08-08,29,charge,21.75,1406.3928014480289,False,1.546509622177111
2026-08-08,30,charge,21.75,1483.4757848611112,False,1.4661513333725444
2026-08-08,31,charge,21.75,1579.7200182752774,False,1.3768262570823424
2026-08-08,32,charge,21.75,2007.515983611111,False,1.0834284846328444
2026-08-08,33,charge,20.25,2142.042613654771,False,0.9453593439697862
2026-08-08,34,discharge,21.75,2707.323177233364,False,0.8033765670423767
2026-08-08,35,charge,1.5,2241.1278322995377,False,0.06693058639412397
2026-08-08,36,discharge,21.75,2647.588994243511,False,0.8215021307041871
2026-08-08,37,discharge,21.75,2392.1443951161023,False,0.9092260502503807
2026-08-08,38,discharge,21.75,2706.560442384259,False,0.8036029663109989
2026-08-08,39,discharge,20.25,2368.3527104261334,False,0.8550246722480984
2026-08-08,40,discharge,21.75,2355.612609527417,False,0.9233266926841371
2026-08-08,41,discharge,21.75,2158.4468154806914,False,1.007669025894262
2026-08-08,42,discharge,21.75,2261.4342695737537,False,0.9617790042643842
2026-08-08,43,discharge,21.75,2561.4004828240695,False,0.8491448387649073
2026-08-08,44,discharge,21.75,2375.5021682717397,False,0.9155958807574518
2026-08-08,45,discharge,21.75,2317.8990248152686,False,0.9383497627440189
2026-08-08,46,discharge,15.595,2099.0850896969696,False,0.7429427266453187
2026-08-08,46,charge,1.5,2135.1575984974747,False,0.07025242544417144
2026-08-08,47,discharge,20.58,1885.4111289166667,False,1.0915391176154245
2026-08-08,48,discharge,21.75,2027.3138888888889,False,1.072848172116087
2026-08-09,1,charge,21.75,1968.549653535352,False,1.1048743404027834
2026-08-09,3,charge,21.75,1601.0375000925926,False,1.3584941014025051
2026-08-09,4,charge,21.75,1402.0266666666666,False,1.5513256999391358
2026-08-09,5,charge,21.75,1299.676671111111,False,1.6734931451378312
2026-08-09,6,discharge,5.22,1227.5416673809525,False,0.4252401477448209
2026-08-09,10,discharge,21.75,1001.2479166666668,False,2.1722891641472413
2026-08-09,11,discharge,21.75,1209.2708877777775,False,1.7986044499896123
2026-08-09,12,discharge,21.75,1048.7555555555557,False,2.0738865109971605
2026-08-09,15,charge,21.75,1426.2766216691034,False,1.524949625448324
2026-08-09,16,charge,21.53,1323.2196597883358,False,1.6270919072834795
2026-08-09,17,charge,21.75,1025.0541415277778,False,2.1218391418411335
2026-08-09,18,charge,21.75,1157.2600005555555,False,1.8794393644953313
2026-08-09,19,charge,21.75,1217.391388888889,False,1.7866070187872107
2026-08-09,20,charge,21.75,1162.683631111111,False,1.8706722463457024
2026-08-09,21,charge,21.75,1239.2583559325371,False,1.755081972687867
2026-08-09,22,charge,21.75,1237.1496031746033,False,1.758073554256344
2026-08-09,23,charge,21.75,916.893509073529,False,2.3721402523589887
2026-08-09,24,charge,21.75,844.3750026149426,False,2.5758697181515897
2026-08-09,25,charge,21.75,795.0291491666667,False,2.735748748683983
2026-08-09,26,charge,21.75,588.0341070310245,False,3.6987650443977524
2026-08-09,27,charge,20.25,482.2396027312534,False,4.199157407502488
2026-08-09,28,discharge,21.75,1000.5654556505376,False,2.173770829001767
2026-08-09,29,discharge,21.75,1225.9113196656488,False,1.7741903228311837
2026-08-09,30,discharge,3.035,1128.964423966194,False,0.26883043748514796
2026-08-09,31,discharge,21.75,1275.4123886783154,False,1.7053307771723227
2026-08-09,33,discharge,21.75,1323.6258392438851,False,1.6432136148403225
2026-08-09,34,charge,21.75,1125.063437056261,False,1.9332243217243892
2026-08-09,35,discharge,21.75,1388.5711160762537,False,1.566358377197124
2026-08-09,36,discharge,20.58,1286.1193785515873,False,1.6001624999365887
2026-08-09,37,discharge,21.75,1544.8069636469534,False,1.4079429023709849
2026-08-09,40,discharge,21.75,1743.652380952381,False,1.2473816591882938
2026-08-09,41,discharge,21.75,1663.9497602976192,False,1.307130811215702
2026-08-09,42,discharge,21.75,1699.4595113658472,False,1.2798186632007273
2026-08-09,43,charge,21.75,1552.6286128571528,False,1.4008501337596484
2026-08-09,44,discharge,21.75,1588.394157588384,False,1.3693074792608428
2026-08-09,45,discharge,21.75,1324.9938759761906,False,1.6415170208975995
2026-08-09,46,charge,21.75,1204.6639606666668,False,1.8054827495597565
2026-08-09,47,discharge,17.62,854.1272073611111,False,2.062924567692708
2026-08-10,1,charge,21.75,809.8051783333333,False,2.6858311828486765
2026-08-10,2,charge,19.065,713.6652781944445,False,2.671420423904324
2026-08-10,3,discharge,21.75,535.3208347688945,False,4.062984025157507
2026-08-10,4,charge,21.75,702.9083333333333,False,3.0942868320904813
2026-08-10,5,charge,21.75,538.2527777777777,False,4.040852346326334
2026-08-10,6,charge,21.75,448.0661644444445,False,4.854193805722363
2026-08-10,7,charge,21.75,399.621875,False,5.442645000351895
2026-08-10,8,charge,21.75,407.87083277777776,False,5.332570571882535
2026-08-10,9,charge,21.75,671.0467465277778,False,3.24120489556679
2026-08-10,10,charge,21.75,760.6716666666666,False,2.859315122819088
2026-08-10,11,charge,21.75,816.1504061111111,False,2.6649499696553414
2026-08-10,12,discharge,21.75,738.1190066023097,False,2.9466793031274237
2026-08-10,13,discharge,21.75,637.8894545445703,False,3.4096817003392386
2026-08-10,14,discharge,21.75,905.783471854228,False,2.4012361315751996
2026-08-10,15,discharge,21.75,747.4209702777778,False,2.9100066582178776
2026-08-10,16,discharge,21.75,689.9611662203871,False,3.152351330024366
2026-08-10,17,discharge,21.75,763.8643047222222,False,2.8473643637411943
2026-08-10,18,discharge,21.75,674.1621635833334,False,3.226226741114265
2026-08-10,20,charge,20.25,981.7194798214284,False,2.062707363582457
2026-08-10,21,charge,21.75,1168.1711436237374,False,1.861884717724681
2026-08-10,22,charge,21.75,915.7083376515152,False,2.375210436085081
2026-08-10,23,charge,21.75,664.4221260317461,False,3.2735213274581385
2026-08-10,24,charge,21.75,623.0870520238095,False,3.4906839950140522
2026-08-10,25,charge,21.75,527.3354166035354,False,4.12450962237422
2026-08-10,26,charge,21.75,418.81135083333334,False,5.1932689877489615
2026-08-10,27,charge,21.75,335.375,False,6.485277674245247
2026-08-10,28,charge,21.75,537.583472880955,False,4.045883308770621
2026-08-10,29,charge,21.75,430.4916663888889,False,5.0523626119052265
2026-08-10,30,charge,21.75,450.10841013888887,False,4.832169208588805
2026-08-10,31,discharge,21.75,700.7916666666666,False,3.103632796242345
2026-08-10,32,charge,21.75,569.856373265873,False,3.816751206159151
2026-08-10,33,charge,20.38,540.1920751348651,False,3.7727321332716515
2026-08-10,34,charge,21.75,551.3203954166667,False,3.9450744396209374
2026-08-10,35,charge,21.75,486.3305555555556,False,4.472266805270763
2026-08-10,37,discharge,21.75,676.2522582142857,False,3.2162554336503266
2026-08-10,38,discharge,21.75,668.0000019510536,False,3.255988014442205
2026-08-10,39,discharge,21.15,668.0005176114828,False,3.1661652113121703
2026-08-10,40,discharge,21.75,668.0000268438914,False,3.255987893108704
2026-08-10,41,discharge,21.75,669.197288074495,False,3.2501626034053497
2026-08-10,42,discharge,21.75,675.5333336292258,False,3.2196782774804915
2026-08-10,43,discharge,21.75,774.7438489898182,False,2.807379500767852
2026-08-10,44,discharge,21.75,675.4636111111112,False,3.2200106182214765
2026-08-10,45,discharge,21.75,668.8790968055556,False,3.251708732396337
2026-08-10,46,discharge,20.25,705.8831278472222,False,2.868746850736856
2026-08-10,47,discharge,21.75,590.8357986111112,False,3.681225824692433
2026-08-10,48,discharge,3.035,566.5008240476191,False,0.5357450282799383
2026-08-11,1,charge,21.75,310.0175008131471,False,7.01573296441387
2026-08-11,2,discharge,17.62,529.8916666666667,False,3.3252079827637724
2026-08-11,4,charge,21.75,336.94249875,False,6.455107349381227
2026-08-11,5,discharge,17.62,523.3154386111111,False,3.3669941110019246
2026-08-11,6,charge,21.75,457.44285492063494,False,4.754692256319877
2026-08-11,7,discharge,17.62,523.331277824074,False,3.3668922051173937
2026-08-11,10,charge,21.75,580.6799694264805,False,3.7456087940284553
2026-08-11,11,discharge,17.62,576.649298094611,False,3.0555833603232934
2026-08-11,13,charge,21.75,882.4198511998746,False,2.4648130898715994
2026-08-11,14,charge,5.1,782.9416653308159,False,0.651389525660906
2026-08-11,15,discharge,21.75,778.0250001388889,False,2.795539988575856
2026-08-11,20,charge,21.75,631.6350931619769,False,3.44344388642485
2026-08-11,21,charge,21.75,739.5757002777777,False,2.9408754224660036
2026-08-11,22,charge,21.75,777.9384272222222,False,2.7958510903828895
2026-08-11,23,charge,21.75,703.9625,False,3.0896532130617755
2026-08-11,24,charge,21.75,444.5074266600529,False,4.893056605021316
2026-08-11,25,charge,21.75,354.37142857142857,False,6.137627993227445
2026-08-11,26,charge,21.75,277.72583333333336,False,7.831464483858482
2026-08-11,27,charge,21.75,337.52500097222224,False,6.44396709498565
2026-08-11,28,charge,21.75,339.87142857142857,False,6.399478794502123
2026-08-11,29,discharge,21.75,486.7916666666667,False,4.468030471625439
2026-08-11,31,charge,21.75,287.44789900917,False,7.56658861483143
2026-08-11,32,charge,21.75,700.2434003560655,False,3.1060628331435014
2026-08-11,33,charge,21.75,1333.1615467285103,False,1.6314601972561429
2026-08-11,34,charge,21.75,1387.2796384656083,False,1.5678165668211241
2026-08-11,35,discharge,21.75,656.9933344444445,False,3.310535869955494
2026-08-11,36,charge,12.614999999999998,1495.404117400793,False,0.8435846774266283
2026-08-11,37,discharge,21.75,862.6796820199759,False,2.5212138935592048
2026-08-11,38,discharge,21.75,1046.1691231765,False,2.079013757733561
2026-08-11,39,discharge,21.75,1145.1753596385415,False,1.8992724404116659
2026-08-11,40,discharge,21.75,1288.0594714972528,False,1.68858662828026
2026-08-11,41,discharge,21.75,1374.258071764629,False,1.582672166667481
2026-08-11,42,discharge,21.75,1282.8691938793104,False,1.6954183718629536
2026-08-11,43,discharge,21.75,1345.5159859722223,False,1.6164802370805142
2026-08-11,44,discharge,21.75,1212.9183333333333,False,1.7931957496451396
2026-08-11,48,discharge,21.75,868.542775,False,2.5041944537504213
2026-08-12,6,charge,21.75,479.5026896749084,False,4.535949530282299
2026-08-12,8,charge,21.75,538.2059455753969,False,4.041203962685146
2026-08-12,9,charge,21.75,604.4852564102564,False,3.598102645077344
2026-08-12,10,charge,21.75,539.1750907738095,False,4.033940063660023
2026-08-12,11,charge,21.75,625.022020157563,False,3.479877396082301
2026-08-12,12,charge,21.75,766.6930005555555,False,2.8368590797411315
2026-08-12,13,charge,21.75,879.9766608333333,False,2.471656461820574
2026-08-12,15,charge,21.75,966.1252189131808,False,2.25126097261669
2026-08-12,16,charge,21.75,707.2446667530716,False,3.075314812885514
2026-08-12,19,discharge,21.75,794.5378923302469,False,2.737440241674426
2026-08-12,20,discharge,21.75,715.625,False,3.039301310043668
2026-08-12,21,discharge,21.75,619.2104477430555,False,3.5125376322825344
2026-08-12,22,discharge,21.75,600.9186689814815,False,3.619458193379955
2026-08-12,23,discharge,21.75,522.9268518518519,False,4.159281536791669
2026-08-12,24,charge,21.75,419.81111111111113,False,5.180901463621205
2026-08-12,30,discharge,21.75,492.5000005896032,False,4.416243649535368
2026-08-12,31,discharge,21.75,494.26666666666665,False,4.40045859185325
2026-08-12,32,charge,21.75,769.9298326851851,False,2.8249327505787543
2026-08-12,33,charge,21.75,835.8104588425925,False,2.6022646366640116
2026-08-12,34,charge,21.75,1321.5995158565818,False,1.6457330484040733
2026-08-12,35,charge,21.75,1111.4687319582713,False,1.9568701641906896
2026-08-12,37,discharge,21.75,564.4566837708018,False,3.8532629031338765
2026-08-12,38,discharge,21.75,590.2250019571887,False,3.6850353556485924
2026-08-12,39,discharge,21.75,593.0820225983534,False,3.6672836422710993
2026-08-12,40,discharge,21.75,482.7404220684524,False,4.505526988356459
2026-08-12,42,discharge,7.395,470.8000051199976,False,1.5707306541161061
2026-08-13,1,charge,21.75,319.44537037037037,False,6.8086759168814
2026-08-13,2,charge,21.75,289.8601851851852,False,7.5036176445221034
2026-08-13,3,charge,21.75,628.0695379292929,False,3.4629923418525324
2026-08-13,4,charge,21.75,363.2006455355755,False,5.9884254797861
2026-08-13,5,charge,21.75,385.3281931264569,False,5.644538963922137
2026-08-13,6,charge,21.75,304.36046296296297,False,7.146131855715673
2026-08-13,7,charge,21.75,307.0294475,False,7.084011054021129
2026-08-13,8,charge,20.25,164.6499986111111,False,12.29881577334764
2026-08-13,9,charge,15.254999999999999,132.025,False,11.55462980496118
2026-08-13,13,discharge,21.75,297.64936131915744,False,7.3072557265387
2026-08-13,14,charge,21.75,381.7202259325397,False,5.69789037163669
2026-08-13,15,charge,21.75,350.7802380952381,False,6.200463320882632
2026-08-13,17,charge,21.75,129.59444444444443,False,16.783126848716083
2026-08-13,21,charge,21.75,146.8875,False,14.807250446770489
2026-08-13,22,charge,21.75,168.89,False,12.878204748652971
2026-08-13,23,charge,21.75,199.5425267874396,False,10.899932134852106
2026-08-13,24,charge,20.38,185.75555555555556,False,10.97140806316545
2026-08-13,26,charge,20.25,169.43541666666667,False,11.9514564300557
2026-08-13,27,discharge,21.225,771.164621506162,False,2.7523306189209564
2026-08-13,28,discharge,21.75,733.9005817438272,False,2.963616672481666
2026-08-13,29,charge,1.5,156.01579,False,0.961441146437806
2026-08-13,30,discharge,21.75,529.8898148148148,False,4.104626922787931
2026-08-13,33,charge,21.75,405.9124290404041,False,5.358298599384605
2026-08-13,34,charge,21.75,162.81925235042735,False,13.358371129962329
2026-08-13,35,discharge,21.75,89.29250186585048,False,24.35814827170633
2026-08-13,36,discharge,21.75,265.51021548694445,False,8.191775205376036
2026-08-13,37,discharge,21.75,113.37501938515553,False,19.18412020386193
2026-08-13,38,discharge,21.75,131.14508579364815,False,16.58468547896854
2026-08-13,39,discharge,21.75,137.45833333333334,False,15.822976659593815
2026-08-13,40,discharge,21.75,135.75,False,16.022099447513813
2026-08-13,41,discharge,21.75,145.32483218915343,False,14.966471780741783
2026-08-13,42,discharge,21.75,187.84166708333333,False,11.578900644206334
2026-08-13,43,charge,1.5,432.32500463338425,False,0.34696119445416174
2026-08-13,44,discharge,21.75,236.1368765277778,False,9.21075958986925
2026-08-13,45,discharge,21.75,323.49833333333333,False,6.723373124024339
2026-08-13,46,charge,21.75,446.68902777777777,False,4.869159224305002
2026-08-13,47,discharge,21.75,291.7083333333333,False,7.45607770318526
2026-08-13,48,discharge,20.25,299.94305555555553,False,6.751281493246404
2026-08-14,5,charge,5.1,262.15462449074073,False,1.9454167592531373
2026-08-14,6,charge,21.75,294.6780175396825,False,7.380937397907891
2026-08-14,7,discharge,21.75,238.15256305555556,False,9.132801142655023
2026-08-14,8,charge,21.75,296.07772435897436,False,7.3460440318804885
2026-08-14,12,charge,5.1,394.4364104863209,False,1.2929840816956903
2026-08-14,13,discharge,21.75,246.1,False,8.837870784234052
2026-08-14,15,charge,16.5,437.8277819444445,False,3.7686050726889846
2026-08-14,16,charge,20.38,468.916666765873,False,4.346188021117108
2026-08-14,17,charge,21.75,632.9834883950617,False,3.436108587152474
2026-08-14,18,charge,21.75,694.2125016666666,False,3.133046429988305
2026-08-14,19,charge,21.75,640.4329946527778,False,3.396139827522808
2026-08-14,20,charge,21.75,434.5652143652616,False,5.00500253610236
2026-08-14,21,charge,21.75,452.99880952380954,False,4.801337121142439
2026-08-14,22,charge,21.75,364.18504713996555,False,5.972238610785391
2026-08-14,23,charge,21.75,362.7896356627667,False,5.995209857708791
2026-08-14,26,charge,21.75,225.113335,False,9.661799910698315
2026-08-14,27,discharge,21.75,423.9666641269814,False,5.130120323206755
2026-08-14,28,charge,21.75,96.78888888888888,False,22.471587647801634
2026-08-14,29,charge,21.75,81.25833333333334,False,26.76648548866783
2026-08-14,30,charge,21.75,52.99731111111111,False,41.039817953028226
2026-08-14,31,charge,21.75,286.8928260479798,False,7.581228258514399
2026-08-14,32,charge,21.75,309.3041666666667,False,7.031913030592863
2026-08-14,34,discharge,21.75,618.9666666666667,False,3.5139210512143895
2026-08-14,35,discharge,21.75,732.025,False,2.9712099996584818
2026-08-14,36,discharge,21.75,605.1250242752327,False,3.5942985544268806
2026-08-14,37,discharge,21.75,867.3333587301587,False,2.5076863216518777
2026-08-14,38,discharge,21.75,733.7583333333333,False,2.9641912073684566
2026-08-14,39,discharge,21.15,749.5631920921832,False,2.8216433548405773
2026-08-14,40,discharge,21.75,737.71666625,False,2.94828638080806
2026-08-14,41,discharge,21.75,707.0206211324722,False,3.076289340070715
2026-08-14,42,discharge,20.25,658.000003989899,False,3.077507580123185
2026-08-14,43,discharge,21.75,672.0000021696358,False,3.2366071324073533
2026-08-14,44,discharge,21.75,673.6166666666667,False,3.2288393497785584
2026-08-15,1,charge,21.75,712.6050863888889,False,3.0521814137221024
2026-08-15,4,charge,21.75,859.2658001767677,False,2.5312307315763762
2026-08-15,8,charge,21.75,550.1638897222222,False,3.9533674249288837
2026-08-15,9,charge,21.75,699.2072222222222,False,3.1106658096113615
2026-08-15,11,discharge,5.22,870.8927777777777,False,0.5993849223689356
2026-08-15,12,discharge,21.75,972.1833338888888,False,2.237232345158245
2026-08-15,13,discharge,21.75,858.5210130434591,False,2.5334266336587614
2026-08-15,14,discharge,21.75,942.9166701041668,False,2.3066725501413834
2026-08-15,16,charge,21.75,1039.6912161514465,False,2.0919672747174376
2026-08-15,18,charge,21.75,835.5369047619048,False,2.603116615919903
2026-08-15,26,charge,21.75,607.3883333333333,False,3.5809051320818917
2026-08-15,30,charge,21.75,539.4712153156565,False,4.031725768217975
2026-08-15,31,charge,21.75,830.3215262103174,False,2.6194671959511266
2026-08-15,32,charge,21.75,882.6557877380926,False,2.464154237943297
2026-08-15,34,charge,21.75,829.0393114312558,False,2.623518535261101
2026-08-15,37,charge,21.75,804.3166666666667,False,2.704158809755693
2026-08-15,38,discharge,21.75,891.5239583333333,False,2.4396427932975255
2026-08-15,42,discharge,10.44,649.2776826587302,False,1.6079406822130702
2026-08-15,43,discharge,21.75,628.0843663888888,False,3.462910583979275
2026-08-15,44,discharge,21.75,697.6763140277777,False,3.1174915304827207
2026-08-15,45,discharge,21.75,646.0729382832369,False,3.3664929625120514
2026-08-15,46,discharge,21.75,554.3000146825397,False,3.923867837610779
2026-08-15,47,discharge,21.75,328.0,False,6.63109756097561
2026-08-16,1,charge,21.75,408.2503731944444,False,5.327613011057985
2026-08-16,2,charge,21.75,382.56805555555553,False,5.685262970640664
2026-08-16,3,charge,20.25,310.72361333333333,False,6.5170457380966775
2026-08-16,4,charge,21.75,338.6152777777778,False,6.423218746282859
2026-08-16,5,charge,21.75,229.83055555555555,False,9.463493636616347
2026-08-16,6,charge,21.75,240.86333333333337,False,9.03001702210105
2026-08-16,9,charge,20.25,232.2861111111111,False,8.717697284239982
2026-08-16,12,discharge,1.5,317.38393541666665,False,0.4726137124838332
2026-08-16,15,charge,21.75,276.1750001388889,False,7.8754412923189605
2026-08-16,16,discharge,1.11,363.77301416666666,False,0.3051353335108693
2026-08-16,17,charge,21.75,293.0227777777778,False,7.422631156849771
2026-08-16,18,charge,20.25,90.20186537698412,False,22.449646595852975
2026-08-16,19,charge,5.75,333.80833375,False,1.72254537069358
2026-08-16,23,charge,21.75,391.0647056045752,False,5.561739448303089
2026-08-16,25,charge,21.75,697.0994047619048,False,3.1200715208512824
2026-08-16,26,charge,21.75,705.9486111111111,False,3.0809608033320024
2026-08-16,28,charge,21.75,861.2430544444444,False,2.5254194954326925
2026-08-16,29,charge,21.75,847.0379241559829,False,2.56777168763399
2026-08-16,30,charge,21.75,550.6994553474254,False,3.9495227004134867
2026-08-16,31,charge,21.75,472.5234822095959,False,4.6029458469013
2026-08-16,33,discharge,20.25,435.2916666666667,False,4.652053221020388
2026-08-16,34,discharge,21.75,362.1458333333333,False,6.005867801875396
2026-08-16,35,discharge,21.75,308.02917074310676,False,7.061019561078935
2026-08-16,36,discharge,21.75,291.81043308334114,False,7.453468942211601
2026-08-16,37,discharge,21.75,240.47327884932596,False,9.044663966023418
2026-08-16,38,discharge,21.75,238.03063138888888,False,9.137479438293536
2026-08-16,39,charge,1.5,286.06667098390943,False,0.5243532896862254
2026-08-16,40,discharge,21.75,238.00000721092064,False,9.138655185302028
2026-08-16,41,discharge,21.75,242.41967861111112,False,8.972043905268631
2026-08-16,42,discharge,21.75,303.9683333333333,False,7.155350612179998
2026-08-16,43,discharge,21.75,243.01666666666668,False,8.950003429120088
2026-08-16,44,discharge,20.865000000000002,238.0000045601852,False,8.766806554713186
2026-08-16,45,discharge,20.25,238.00000380825563,False,8.508403225200947
2026-08-16,47,discharge,20.25,307.62333180555555,False,6.582725660353924
2026-08-16,48,discharge,21.75,368.53130166666665,False,5.9018053287839
2026-08-17,3,charge,21.75,151.4133336111111,False,14.364653020494575
2026-08-17,4,charge,21.75,148.0083314814815,False,14.69511870196396
2026-08-17,5,charge,21.75,185.51666666666668,False,11.724014014913305
2026-08-17,6,charge,3.76,84.81666666666666,False,4.433090980546276
2026-08-17,7,charge,21.75,172.5866690277778,False,12.602363857256751
2026-08-17,9,charge,21.75,154.91398031746033,False,14.04004981050026
2026-08-17,10,charge,21.75,103.46208166666666,False,21.022194459680392
2026-08-17,11,discharge,21.75,169.5553575,False,12.82766898120574
2026-08-17,12,discharge,21.75,220.69603703983796,False,9.855183759404749
2026-08-17,13,discharge,21.75,153.35202547619048,False,14.18305361957995
2026-08-17,14,discharge,21.75,230.49010404000623,False,9.436413806392679
2026-08-17,17,discharge,21.75,442.1704902777778,False,4.918917132243796
2026-08-17,20,charge,21.75,490.08703722222225,False,4.4379872039214545
2026-08-17,21,charge,17.72,467.7097397537699,False,3.7886745761011644
2026-08-17,22,charge,21.75,566.6973069740379,False,3.838027767616766
2026-08-17,23,charge,21.75,540.5277482407361,False,4.023845227333853
2026-08-17,24,charge,21.75,496.209742862887,False,4.383227115717873
2026-08-17,25,charge,21.75,544.145138379625,False,3.9970953456954392
2026-08-17,26,charge,21.75,759.5656580498281,False,2.863478590625431
2026-08-17,27,charge,21.75,869.6078118055556,False,2.5011274858307395
2026-08-17,28,charge,21.75,865.5479111111111,False,2.512859163634205
2026-08-17,29,discharge,21.75,516.0438606944444,False,4.214758018965839
2026-08-17,30,discharge,21.75,661.6095100378703,False,3.287437630507312
2026-08-17,31,discharge,21.75,443.0116319444445,False,4.909577634459842
2026-08-17,32,charge,21.75,545.543657869524,False,3.9868486575279514
2026-08-17,33,charge,21.75,613.179294841136,False,3.547086501939868
2026-08-17,34,charge,21.75,856.0747857387057,False,2.54066588133792
2026-08-17,35,charge,21.75,797.0929643910256,False,2.7286654093875833
2026-08-17,36,charge,21.75,707.7749936111111,False,3.0730105183612344
2026-08-17,37,discharge,21.75,305.77592622354496,False,7.113051792082262
2026-08-17,39,discharge,21.75,397.3879415771339,False,5.473241063551063
2026-08-17,40,discharge,21.75,415.7668536309524,False,5.231297254712367
2026-08-17,41,discharge,21.75,363.66055652777777,False,5.980852091210682
2026-08-17,42,discharge,21.75,495.88134859126984,False,4.386129880018422
2026-08-17,43,discharge,21.75,816.3623089965992,False,2.6642582295026815
2026-08-17,44,charge,21.75,855.711276209447,False,2.5417451662371677
2026-08-17,45,discharge,21.75,856.1577333226496,False,2.5404197326572935
2026-08-17,46,discharge,21.75,918.126904712409,False,2.368953560598782
2026-08-17,47,discharge,21.75,1001.1519206953972,False,2.1724974552206335
2026-08-18,5,charge,21.75,1165.003563611111,False,1.8669470789069922
2026-08-18,6,charge,21.53,950.40833375,False,2.2653420888103617
2026-08-18,19,charge,21.75,1393.1175396825397,False,1.5612465840431768
2026-08-18,20,charge,21.75,1274.3139418410294,False,1.7068007565370662
2026-08-18,25,charge,21.75,1075.710943788342,False,2.0219186321004416
2026-08-18,26,charge,21.75,1342.3081409126985,False,1.6203432980158454
2026-08-18,27,charge,21.75,1126.3328104409004,False,1.9310455842519594
2026-08-18,28,charge,21.75,1125.3216691142654,False,1.9327806970178854
2026-08-18,30,charge,21.75,1170.751321111111,False,1.8577813757543304
2026-08-18,31,charge,21.75,1362.227493024719,False,1.5966496133260264
2026-08-18,32,charge,21.75,969.4935512103176,False,2.2434393681987115
2026-08-18,33,charge,21.75,595.9021526262626,False,3.6499280803305214
2026-08-18,35,discharge,21.75,356.7845286809594,False,6.096116353590289
2026-08-18,37,discharge,21.75,175.00000002301283,False,12.428571426937047
2026-08-18,38,discharge,21.75,175.07951468253702,False,12.422926828097618
2026-08-18,39,discharge,21.75,270.77013677923253,False,8.032643576840774
2026-08-18,40,discharge,21.75,342.9825413949662,False,6.341430648784392
2026-08-18,41,discharge,21.75,255.27150406362009,False,8.520339972839018
2026-08-18,42,discharge,21.75,280.1526425673401,False,7.7636247870737005
2026-08-18,43,discharge,21.75,189.9892249831574,False,11.448017645173374
2026-08-18,44,discharge,21.75,175.0,False,12.428571428571429
2026-08-18,45,discharge,15.48,175.00000153007886,False,8.845714208373485
2026-08-19,5,charge,21.75,165.97500041666666,False,13.104383157342012
2026-08-19,6,charge,21.75,257.07875083333334,False,8.460442541243223
2026-08-19,7,charge,21.75,165.47555555555556,False,13.143935324452084
2026-08-19,8,charge,21.75,234.99444166666663,False,9.255538065386158
2026-08-19,9,charge,21.75,146.51666666666668,False,14.844727562279603
2026-08-19,13,discharge,21.75,0.4833333333333333,True,
2026-08-19,14,discharge,18.705,40.0,False,46.762499999999996
2026-08-19,15,charge,21.75,164.878764728836,False,13.191510765968333
2026-08-19,16,discharge,21.75,90.225,False,24.10640066500416
2026-08-19,17,discharge,21.75,135.0,False,16.11111111111111
2026-08-19,18,discharge,21.75,95.25,False,22.83464566929134
2026-08-19,19,charge,21.75,323.15657839285717,False,6.730483441856107
2026-08-19,20,charge,21.75,345.88097386904764,False,6.288290378248636
2026-08-19,21,charge,21.75,401.932886965812,False,5.411351174617875
2026-08-19,22,charge,21.75,295.47499958333333,False,7.361028862228938
2026-08-19,24,discharge,21.75,925.2081306481482,False,2.35082240195654
2026-08-19,25,discharge,21.75,741.0339504759213,False,2.9350881948163496
2026-08-19,26,discharge,21.75,431.99694444444447,False,5.0347578332922875
2026-08-19,27,charge,21.75,248.35166666666663,False,8.757742716980626
2026-08-19,28,charge,21.75,334.425,False,6.503700381251401
2026-08-19,29,charge,21.75,475.4750022222222,False,4.574372974046431
2026-08-19,30,discharge,21.75,822.4031566198995,False,2.644688292466328
2026-08-19,31,discharge,21.75,721.3211538191382,False,3.0153004504084637
2026-08-19,32,charge,21.75,714.0674974863834,False,3.0459305424995553
2026-08-19,34,discharge,21.75,811.7038591208791,False,2.6795486747539274
2026-08-19,35,charge,21.75,783.2318181818182,False,2.776955620941205
2026-08-19,36,charge,21.75,858.62499125,False,2.5331198394698484
2026-08-19,37,discharge,21.75,394.1666666666667,False,5.517970401691332
2026-08-19,38,discharge,21.75,504.5370975,False,4.310882214166621
2026-08-19,41,charge,2.415,1346.8750183119548,False,0.17930394187774984
2026-08-19,43,charge,21.75,1150.3500056790622,False,1.8907288992588631
2026-08-19,44,discharge,21.75,485.08333348766206,False,4.483765674574182
2026-08-19,46,charge,21.75,982.9107158766174,False,2.2128154316236217
2026-08-19,48,discharge,17.62,1355.570744861111,False,1.2998215007808618
2026-08-20,4,charge,21.75,1170.475,False,1.858219953437707
2026-08-20,5,charge,21.75,1193.6333325,False,1.8221676127664608
2026-08-20,6,charge,21.75,1200.6089309130116,False,1.8115807270782218
2026-08-20,8,charge,21.75,1351.5445035515872,False,1.6092699828119141
2026-08-20,12,discharge,11.530000000000001,1344.171549698052,False,0.8577774170707632
2026-08-20,13,discharge,21.75,1065.941010909091,False,2.040450623196348
2026-08-20,14,discharge,21.75,1150.3767332683983,False,1.8906849704970026
2026-08-20,15,charge,21.75,1375.3749008333334,False,1.5813870085037742
2026-08-20,16,discharge,21.75,1432.638958974184,False,1.518177337266725
2026-08-20,18,charge,21.75,1535.3744665079364,False,1.416592529994869
2026-08-20,32,charge,21.75,1441.59006075,False,1.5087506907951604
2026-08-20,33,charge,21.75,1900.213389406812,False,1.144608290903038
2026-08-20,34,charge,21.75,1536.199629967567,False,1.4158316130084732
2026-08-20,35,charge,21.75,1449.4894429166666,False,1.5005283485359224
2026-08-20,36,charge,21.75,1408.9409953968254,False,1.5437126232439673
2026-08-20,37,charge,21.75,1461.0351836022928,False,1.4886705155432143
2026-08-20,38,charge,21.75,1366.1189766666666,False,1.5921014473475839
2026-08-20,41,discharge,21.75,1530.577598633041,False,1.4210321658584921
2026-08-20,42,discharge,21.75,1498.3712412720015,False,1.4515761782464491
2026-08-20,43,discharge,21.75,1652.345756381139,False,1.316310458389499
2026-08-20,44,discharge,21.75,1698.9793031944444,False,1.2801803976720227
2026-08-20,45,discharge,21.75,1874.1756944444444,False,1.1605101946670628
2026-08-20,46,discharge,21.75,1536.0659298886949,False,1.415954847821931
2026-08-20,47,discharge,21.75,1312.990904957265,False,1.6565232796268239
2026-08-21,1,charge,21.75,650.9666666666667,False,3.3411849045009983
2026-08-21,2,charge,21.75,610.975,False,3.559883792299194
2026-08-21,5,charge,21.75,554.2333333333333,False,3.924339929031094
2026-08-21,6,charge,21.75,478.81712117063495,False,4.5424440852959815
2026-08-21,9,discharge,5.22,1037.7250007449495,False,0.5030234403385029
2026-08-21,10,discharge,21.75,1113.80112125,False,1.9527723203932805
2026-08-21,11,discharge,21.75,656.8166666666667,False,3.311426323936156
2026-08-21,13,discharge,21.75,646.7083333333334,False,3.3631853617679273
2026-08-21,15,charge,21.75,580.3354309747556,False,3.747832518767257
2026-08-21,16,charge,21.75,540.2906316049383,False,4.025611166973491
2026-08-21,17,charge,21.75,559.0979395036793,False,3.8901949843184616
2026-08-21,18,charge,21.75,495.6710625,False,4.387990674763266
2026-08-21,19,charge,21.75,457.9553949714279,False,4.749370842406386
2026-08-21,20,discharge,21.75,964.3298823529412,False,2.255452246997732
2026-08-21,21,discharge,11.775,767.1024509803922,False,1.5349970509090423
2026-08-21,27,discharge,21.75,532.5,False,4.084507042253521
2026-08-21,28,discharge,21.75,532.5,False,4.084507042253521
2026-08-21,29,discharge,11.065,716.2615184325371,False,1.5448268146827973
2026-08-21,32,charge,21.055,1100.416598156074,False,1.9133662683097525
2026-08-21,33,charge,21.75,928.5392323046398,False,2.3423889097304347
2026-08-21,34,charge,21.75,1174.4926614812516,False,1.8518634226772641
2026-08-21,35,charge,21.1,815.8266076350978,False,2.5863338854765066
2026-08-21,38,discharge,21.75,943.3681448252688,False,2.305568628674498
2026-08-21,39,discharge,21.75,1052.816146245184,False,2.0658877694429636
2026-08-21,40,discharge,21.75,1033.3902451005092,False,2.1047227901676737
2026-08-21,43,charge,21.75,945.8848917730464,False,2.2994341266229514
2026-08-21,44,discharge,21.75,898.6777683840661,False,2.4202223271984566
2026-08-22,1,charge,21.75,1246.530238095238,False,1.7448433527962475
2026-08-22,2,charge,5.1,991.9540273611112,False,0.5141367300627324
2026-08-22,3,discharge,21.75,437.01666666666665,False,4.976926890660159
2026-08-22,11,charge,21.75,1096.902505105273,False,1.9828562610414122
2026-08-22,12,charge,21.75,1136.74166757202,False,1.9133634862225186
2026-08-22,13,discharge,13.485000000000001,633.925,False,2.127223251961983
2026-08-22,14,discharge,21.75,539.741672656616,False,4.02970552430132
2026-08-22,20,charge,20.25,851.0746914651219,False,2.3793446336818804
2026-08-22,21,charge,21.53,807.4190706672114,False,2.6665211142720064
2026-08-22,22,charge,21.75,800.5106263888889,False,2.717015775057785
2026-08-22,23,charge,21.75,604.5000018055556,False,3.59801487759071
2026-08-22,24,charge,21.75,679.2291656944444,False,3.202159315076346
2026-08-22,25,charge,21.75,756.0940835984815,False,2.8766261331506713
2026-08-22,26,charge,21.75,765.5043988888889,False,2.841263881901867
2026-08-22,27,charge,21.75,660.2545647327842,False,3.294183965059383
2026-08-22,28,charge,21.75,663.5402738888889,False,3.2778718724226343
2026-08-22,29,charge,21.75,710.9166779166667,False,3.0594302645618234
2026-08-22,30,charge,21.75,856.1877782522002,False,2.540330585470385
2026-08-22,31,charge,21.75,428.8627758333334,False,5.071552306617673
2026-08-22,32,charge,21.75,394.7804569444445,False,5.509391262258144
2026-08-22,33,charge,20.25,858.6861111111111,False,2.358254050924054
2026-08-22,34,charge,20.25,707.1558862433862,False,2.863583602135277
2026-08-22,36,discharge,3.035,423.4634596842378,False,0.7167088282571289
2026-08-22,37,discharge,20.25,422.65833479336266,False,4.791103909000212
2026-08-22,38,discharge,20.25,422.6501276157361,False,4.791196944440731
2026-08-22,39,discharge,21.75,422.651595,False,5.146082555301843
2026-08-22,40,discharge,21.75,422.87500250573856,False,5.143363847737688
2026-08-22,41,discharge,21.75,535.0916690277778,False,4.064724094755231
2026-08-22,42,discharge,21.75,461.3805552777778,False,4.714112840517356
2026-08-22,43,discharge,21.75,503.2766272222222,False,4.321678938290188
2026-08-22,44,discharge,21.75,368.1464015151515,False,5.907975715771013
2026-08-22,45,discharge,21.75,297.51,False,7.310678632651004
2026-08-22,46,discharge,21.75,327.9333410660846,False,6.63244546263351
2026-08-22,47,discharge,21.15,320.5685183459596,False,6.597653477992116
2026-08-22,48,discharge,21.75,320.53333333333336,False,6.785565723793677
2026-08-23,5,charge,21.75,684.7146913733873,False,3.176505524713407
2026-08-23,7,discharge,17.62,530.4666666666667,False,3.321603619454568
2026-08-23,11,charge,21.75,535.9650791666667,False,4.058100209404968
2026-08-23,12,charge,5.1,544.1905554166667,False,0.9371717221544054
2026-08-23,15,discharge,21.75,844.5177315873016,False,2.575434379467686
2026-08-23,18,charge,20.25,1116.5648250282957,False,1.813598238641167
2026-08-23,19,charge,20.25,896.1654462167006,False,2.2596274031194206
2026-08-23,20,charge,20.25,1087.29283,False,1.8624237593841206
2026-08-23,21,charge,21.75,1145.5566069311171,False,1.8986403525066344
2026-08-23,22,charge,21.75,1229.9867236711805,False,1.768311769665455
2026-08-23,23,charge,21.75,968.6845367485718,False,2.2453130172806044
2026-08-23,24,charge,21.75,743.1647486772487,False,2.9266727248180975
2026-08-23,25,charge,21.75,619.2002412742504,False,3.5125955305251075
2026-08-23,26,charge,21.53,467.92270366161614,False,4.601187296859542
2026-08-23,27,charge,21.75,76.00535650920975,False,28.616404157468168
2026-08-23,28,charge,21.75,313.79203125,False,6.931342364991941
2026-08-23,29,charge,21.75,581.5601728676471,False,3.739939737061382
2026-08-23,30,charge,21.75,530.1187572219418,False,4.1028542574082225
2026-08-23,31,charge,21.75,565.628100377766,False,3.845282790136103
2026-08-23,32,charge,21.75,561.1132673715988,False,3.876222728056794
2026-08-23,33,charge,20.25,503.38823612745097,False,4.022740013907075
2026-08-23,34,charge,20.25,364.6447317265795,False,5.553350491070305
2026-08-23,35,discharge,15.595,538.775,False,2.894529256183008
2026-08-23,36,discharge,21.75,611.0183333333333,False,3.5596313258467425
2026-08-23,37,discharge,21.75,435.3222386111111,False,4.996298849650557
2026-08-23,38,discharge,21.75,466.0171640975509,False,4.667210067706239
2026-08-23,39,discharge,21.75,430.0000142187997,False,5.058139367626347
2026-08-23,40,discharge,21.75,430.23333333333335,False,5.0553962965832495
2026-08-23,41,discharge,21.75,430.1263333333333,False,5.056653897808318
2026-08-23,42,discharge,20.25,513.8567150568555,False,3.9407872674699687
2026-08-23,43,discharge,21.75,408.771514245995,False,5.320820860063905
2026-08-23,44,discharge,21.75,183.47221978557505,False,11.85465572140531
2026-08-23,45,discharge,21.75,192.43519033670032,False,11.302506553995881
2026-08-23,46,discharge,20.25,200.21388924603175,False,10.114183424665358
2026-08-23,47,discharge,21.15,242.88333333333333,False,8.707884443834487
2026-08-23,48,discharge,20.25,201.84710958333332,False,10.032345789742267
2026-08-24,3,charge,21.75,354.7446428571429,False,6.131170812002597
2026-08-24,4,charge,3.76,200.20416666666668,False,1.878082790484713
2026-08-24,5,charge,21.75,299.81666666666666,False,7.254433264772916
2026-08-24,6,charge,21.75,289.60375055555556,False,7.5102618520224
2026-08-24,7,charge,21.75,370.9132278703703,False,5.863905184746165
2026-08-24,13,charge,21.75,610.700521742426,False,3.5614837757046254
2026-08-24,14,discharge,21.75,382.766668581978,False,5.682312955978232
2026-08-24,15,discharge,21.75,425.88275180555553,False,5.107039415846161
2026-08-24,16,charge,21.75,416.4322779331811,False,5.222938074817032
2026-08-24,17,discharge,21.75,413.7134920634921,False,5.257261466508338
2026-08-24,18,discharge,21.75,378.1333333333333,False,5.751939351198872
2026-08-24,19,discharge,21.75,411.80833333333334,False,5.281583260821175
2026-08-24,20,charge,5.1,335.7156696545584,False,1.5191426736940075
2026-08-24,21,charge,21.75,313.74761988095236,False,6.932323505195917
2026-08-24,22,discharge,21.75,507.05036416666667,False,4.2895147182757585
2026-08-24,27,charge,21.75,365.9286573232323,False,5.94378154449592
2026-08-24,28,charge,21.75,175.55208194444444,False,12.389485649553873
2026-08-24,29,charge,21.75,334.36041666666665,False,6.504956602468644
2026-08-24,30,charge,21.75,537.7875058333333,False,4.044348327932442
2026-08-24,31,charge,21.75,841.7683938695333,False,2.583846121855112
2026-08-24,32,charge,21.75,1002.9978786111112,False,2.168499102921139
2026-08-24,33,charge,21.75,821.0238235363248,False,2.6491314108667527
2026-08-24,34,charge,21.75,1263.4001804150907,False,1.7215447913624666
2026-08-24,37,discharge,10.44,955.5630835251296,False,1.0925495323120074
2026-08-24,38,discharge,21.75,943.4083355753888,False,2.305470407650636
2026-08-24,39,discharge,21.75,947.5966582259168,False,2.295280361237257
2026-08-24,40,discharge,21.75,960.3876471111112,False,2.2647105119922113
2026-08-24,41,discharge,21.75,949.6416666666668,False,2.2903375834744684
2026-08-24,42,discharge,21.75,1025.7133435732324,False,2.1204754853076673
2026-08-24,43,discharge,21.75,881.6666666666666,False,2.466918714555766
2026-08-24,47,charge,21.75,851.012641244711,False,2.5557787212406082
2026-08-24,48,discharge,17.62,547.5,False,3.2182648401826484
2026-08-25,1,charge,21.75,773.5402777777778,False,2.811747574733055
2026-08-25,2,charge,21.75,705.975,False,3.0808456390098797
2026-08-25,3,charge,10.205,642.4916666666667,False,1.5883474493832606
2026-08-25,4,discharge,21.75,572.5,False,3.7991266375545854
2026-08-25,6,discharge,21.75,548.1000020833334,False,3.9682539531705965
2026-08-25,10,charge,21.75,676.4873737373738,False,3.215137612966564
2026-08-25,11,discharge,9.11,547.5000011574027,False,1.663926937121765
2026-08-25,12,charge,20.25,721.6702481060606,False,2.805990693553429
2026-08-25,13,charge,20.25,768.5155399183403,False,2.6349499714933144
2026-08-25,14,charge,20.25,714.08089267399,False,2.835813170153684
2026-08-25,15,charge,20.25,593.6736502522258,False,3.4109649285254053
2026-08-25,16,charge,21.75,644.8887527245834,False,3.372674730038114
2026-08-25,17,charge,21.75,693.5626745151242,False,3.13598190894653
2026-08-25,18,charge,21.75,710.9632820094324,False,3.059229716973125
2026-08-25,19,charge,20.25,277.05834765242577,False,7.3089297512897735
2026-08-25,20,charge,21.75,425.416679254925,False,5.112634520605295
2026-08-25,21,charge,21.75,236.06665847222223,False,9.213499331401476
2026-08-25,22,charge,21.75,315.3999997222222,False,6.896005078996693
2026-08-25,23,discharge,0.18,346.78333333333336,False,0.051905608689383376
2026-08-25,24,charge,21.75,106.51332984674328,False,20.419979387833422
2026-08-25,25,charge,21.75,167.2958326388889,False,13.000921575224037
2026-08-25,26,charge,21.75,426.57915986263737,False,5.098701963547332
2026-08-25,27,charge,21.75,79.15833611111111,False,27.476575517543054
2026-08-25,30,charge,21.75,67.09167493588889,False,32.41832913067642
2026-08-25,31,charge,21.75,172.17498469816914,False,12.632497129666529
2026-08-25,32,discharge,21.75,122.82738095238096,False,17.707778047007512
2026-08-25,33,discharge,21.75,154.0709524206349,False,14.11687255662541
2026-08-25,34,discharge,20.25,133.87363636363636,False,15.126204494061565
2026-08-25,35,charge,1.5,282.7958341666667,False,0.5304179972877429
2026-08-25,36,discharge,20.25,378.74583333333334,False,5.346593471875378
2026-08-25,37,discharge,20.865000000000002,397.2583338888889,False,5.252249788128003
2026-08-25,38,discharge,21.75,471.2333332725279,False,4.615547853746871
2026-08-25,39,discharge,21.75,391.7086953901908,False,5.552595654874161
2026-08-25,40,discharge,21.75,490.0361145684051,False,4.438448382351598
2026-08-25,41,discharge,21.75,546.1829099116162,False,3.9821824530393313
2026-08-25,42,discharge,21.75,466.82946956989247,False,4.659088900287099
2026-08-25,43,discharge,21.75,488.4183304023542,False,4.453149819762613
2026-08-25,44,discharge,21.75,431.7816663888889,False,5.037268066961098
2026-08-25,45,discharge,21.75,483.25,False,4.500775995861355
2026-08-25,46,charge,21.75,440.2778571428571,False,4.9400622009802255
2026-08-25,47,discharge,20.25,353.83242777777775,False,5.7230480900744025
2026-08-25,48,discharge,21.465,572.9297176388889,False,3.7465328362542976
2026-08-26,1,charge,21.75,531.5620323737373,False,4.091714357941151
2026-08-26,2,charge,21.75,489.7380216853459,False,4.441149969355301
2026-08-26,4,charge,21.75,517.5490335255156,False,4.202500360562978
2026-08-26,6,charge,21.75,435.2431443055556,False,4.997206799133579
2026-08-26,8,charge,21.75,629.1787547684628,False,3.4568872256349437
2026-08-26,9,charge,21.75,636.8206292191007,False,3.4154044329045794
2026-08-26,10,charge,21.75,772.1967592592592,False,2.816639637398116
2026-08-26,13,discharge,14.575,683.0681031273638,False,2.133755028710859
2026-08-26,14,discharge,21.75,790.5247879148576,False,2.7513368755164898
2026-08-26,15,discharge,21.75,785.860976671523,False,2.767665101799697
2026-08-26,16,discharge,21.75,626.4956114616946,False,3.471692315490361
2026-08-26,17,discharge,21.75,625.5047221031666,False,3.4771919749652507
2026-08-26,18,discharge,21.75,412.4692874361291,False,5.273119881287643
2026-08-26,19,charge,21.75,483.4854213888889,False,4.498584453181579
2026-08-26,20,charge,21.75,568.329994011233,False,3.827001958226775
2026-08-26,21,charge,21.75,284.1816684722222,False,7.653554895686732
2026-08-26,22,charge,21.75,341.4499965522876,False,6.3698931672618535
2026-08-26,23,charge,21.75,457.5333419444444,False,4.753751914027935
2026-08-26,27,charge,21.75,203.23845875,False,10.701714692077195
2026-08-26,28,charge,21.75,347.8915230555556,False,6.251948828464755
2026-08-26,29,charge,21.75,531.614022361125,False,4.09131420262373
2026-08-26,30,charge,21.75,242.13809107142856,False,8.982477686083659
2026-08-26,32,discharge,6.305,472.10268817204303,False,1.3355145306231215
2026-08-26,33,discharge,21.75,373.9625,False,5.816091185613531
2026-08-26,34,discharge,21.75,162.02264492753622,False,13.424049465263066
2026-08-26,35,discharge,21.75,329.2959730555556,False,6.605000297507603
2026-08-26,36,discharge,21.75,354.0941091269841,False,6.142434861066859
2026-08-26,37,discharge,21.75,400.08623252591735,False,5.4363280292558045
2026-08-26,38,discharge,21.75,485.925880236569,False,4.475991274515198
2026-08-26,39,discharge,21.75,502.2922353864734,False,4.330148560481953
2026-08-26,40,charge,21.75,729.5545263095238,False,2.9812713396520354
2026-08-26,41,charge,21.75,436.7291704644786,False,4.980203171880647
2026-08-26,42,charge,10.205,349.1453730555556,False,2.9228512784490466
2026-08-26,43,discharge,21.75,352.6999736094104,False,6.166714382600591
2026-08-26,44,discharge,21.75,523.7140535606061,False,4.153029664208354
2026-08-27,1,charge,21.75,662.6060651851852,False,3.282493346015676
2026-08-27,2,charge,21.75,791.4273494551283,False,2.7481991890947617
2026-08-27,3,charge,21.75,589.12560870116,False,3.691912162493162
2026-08-27,4,charge,21.75,277.3544642857143,False,7.841950572533214
2026-08-27,5,charge,21.75,446.5844155844156,False,4.870299822607381
2026-08-27,6,charge,21.75,405.98484501262624,False,5.357342833652712
2026-08-27,7,charge,21.75,536.4004792129583,False,4.054806220887985
2026-08-27,8,charge,21.75,647.9850977614379,False,3.356558673206938
2026-08-27,9,charge,21.75,644.1698919393954,False,3.3764384632317275
2026-08-27,10,charge,21.75,585.9042857142857,False,3.7122104292997635
2026-08-27,11,discharge,21.75,389.71070333333336,False,5.581063033158844
2026-08-27,15,charge,21.75,465.62784550925926,False,4.671112393678245
2026-08-27,23,charge,21.75,107.12916666666666,False,20.302594220372605
2026-08-27,32,charge,21.75,554.9248744008769,False,3.9194494612414568
2026-08-27,33,discharge,11.530000000000001,548.025,False,2.1039186168514212
2026-08-27,34,discharge,21.75,558.6,False,3.8936627282491942
2026-08-27,35,discharge,21.75,493.37500604411576,False,4.408411397730025
2026-08-27,36,discharge,21.75,515.4500535299147,False,4.219613491365699
2026-08-27,37,discharge,21.75,523.5000027314723,False,4.154727772018102
2026-08-27,38,discharge,21.75,523.5000001388889,False,4.154727792593991
2026-08-27,39,discharge,21.75,523.5000023751849,False,4.154727774845757
2026-08-27,40,discharge,21.75,489.75,False,4.44104134762634
2026-08-27,41,discharge,21.75,433.375,False,5.018748197288722
2026-08-27,42,discharge,21.75,415.0000029684028,False,5.240963817934237
2026-08-27,43,charge,10.205,410.2233310890618,False,2.487669331948464
2026-08-27,44,charge,21.75,168.3895929143802,False,12.916475195150012
2026-08-27,45,charge,21.75,147.02800925925925,False,14.79309970228021
2026-08-27,46,discharge,21.75,209.11096583333332,False,10.401176195291113
2026-08-27,47,discharge,21.75,271.42451,False,8.013277798677798
2026-08-28,1,charge,21.75,321.1183372203256,False,6.773203980897827
2026-08-28,2,charge,21.75,246.84999972222224,False,8.811018847265567
2026-08-28,3,charge,21.75,379.48109598665224,False,5.7315107998858075
2026-08-28,4,charge,21.75,782.8697222222222,False,2.7782400292939333
2026-08-28,5,charge,21.75,582.9540945833334,False,3.730997037690561
2026-08-28,6,charge,21.75,809.1663773611111,False,2.6879515274636168
2026-08-28,7,charge,21.75,938.6315427777778,False,2.3172031845033936
2026-08-28,8,charge,21.75,877.6022619047619,False,2.478343657956562
2026-08-28,9,discharge,21.75,500.94287833333334,False,4.341812398324444
2026-08-28,10,discharge,21.75,445.90833333333336,False,4.877684127903717
2026-08-28,11,discharge,21.75,393.0265900462917,False,5.533976720872302
2026-08-28,12,discharge,21.75,323.94374847222224,False,6.714128641956192
2026-08-28,14,discharge,21.75,331.3750030223551,False,6.563560860543458
2026-08-28,16,charge,16.384999999999998,682.6525288888889,False,2.4001961915630554
2026-08-28,17,charge,21.75,302.2625072164505,False,7.195732014630845
2026-08-28,18,charge,21.75,349.77694972222224,False,6.218248520170615
2026-08-28,19,charge,21.75,559.1912715079366,False,3.889545690036992
2026-08-28,20,charge,21.75,539.5712335911369,False,4.030978422485952
2026-08-28,21,charge,21.75,324.09957421507244,False,6.710900516508146
2026-08-28,23,discharge,21.75,773.5273802579366,False,2.811794456809965
2026-08-28,24,charge,21.75,512.534380930682,False,4.243617757018644
2026-08-28,25,discharge,21.75,809.1765240277778,False,2.6879178219032656
2026-08-28,28,charge,21.75,839.8559523809524,False,2.5897298147783276
2026-08-28,29,charge,21.75,842.7416666666667,False,2.5808620672606275
2026-08-28,30,charge,21.75,825.1940490656566,False,2.635743680486656
2026-08-28,33,charge,21.75,813.7684526785714,False,2.6727504523440877
2026-08-28,35,discharge,21.75,805.9700325886433,False,2.6986115017381693
2026-08-28,36,discharge,21.75,1076.7916138888888,False,2.0198894307366255
2026-08-28,37,discharge,21.75,1236.248279876572,False,1.7593553296730604
2026-08-28,38,discharge,21.75,976.2898454166668,False,2.227822004101395
2026-08-28,39,discharge,21.75,1216.6404544101783,False,1.787709747868305
2026-08-28,40,discharge,21.75,934.8124479887168,False,2.326669916173658
2026-08-28,41,charge,21.75,1094.6011359038505,False,1.9870251625529571
2026-08-28,42,discharge,21.75,932.2381582706852,False,2.333094800619034
2026-08-28,43,discharge,21.75,758.25989125,False,2.8684096641515455
2026-08-28,44,discharge,21.75,832.5083333333333,False,2.61258646059599
2026-08-29,1,charge,21.75,802.8390641447369,False,2.709135737331147
2026-08-29,2,charge,21.75,850.6208352777778,False,2.5569559429963107
2026-08-29,3,charge,20.25,850.7125961111111,False,2.3803573724627394
2026-08-29,4,charge,21.75,966.4499915277778,False,2.250504443133917
2026-08-29,5,charge,21.75,709.8916651388889,False,3.063847776793471
2026-08-29,6,charge,21.75,814.3210891666666,False,2.670936598517644
2026-08-29,7,charge,21.75,565.566856875,False,3.8456991840324766
2026-08-29,8,charge,21.75,341.4166666666667,False,6.370515010983646
2026-08-29,9,charge,21.53,337.975,False,6.370293660773725
2026-08-29,10,charge,20.25,310.9635519444444,False,6.512017203745406
2026-08-29,11,charge,21.75,580.8178673214396,False,3.744719510834708
2026-08-29,12,charge,21.75,363.509156489719,False,5.983343091005508
2026-08-29,13,charge,21.75,138.0081034706066,False,15.759944128666605
2026-08-29,14,charge,21.75,135.69568187135775,False,16.028512993228066
2026-08-29,15,discharge,21.75,363.9684210526316,False,5.975793157301096
2026-08-29,16,charge,20.6,395.37777734126985,False,5.210206840284586
2026-08-29,17,charge,20.25,453.7491749825175,False,4.462818031741922
2026-08-29,18,charge,20.25,266.52863136363635,False,7.597682806682057
2026-08-29,19,charge,21.75,144.58357833333332,False,15.043202174631476
2026-08-29,20,discharge,21.75,280.31666707215766,False,7.759081979381992
2026-08-29,21,discharge,21.75,304.1877976190476,False,7.150188196319042
2026-08-29,22,discharge,21.75,369.33373015873013,False,5.8889828423340616
2026-08-29,23,discharge,21.75,317.45,False,6.851472672861868
2026-08-29,24,charge,21.75,113.58333666666668,False,19.1489356082484
2026-08-29,25,discharge,21.75,426.05000069444446,False,5.105034612028722
2026-08-29,26,discharge,20.295,490.40833333333336,False,4.138388077962243
2026-08-29,27,charge,21.75,334.1711177457265,False,6.508641484854399
2026-08-29,28,discharge,0.2,618.325000839372,False,0.03234544935567887
2026-08-29,29,discharge,20.25,579.63,False,3.493607991304798
2026-08-29,31,discharge,20.25,541.6462415277778,False,3.7386025134933942
2026-08-29,32,discharge,20.25,493.68333333333334,False,4.101819654974511
2026-08-29,33,discharge,21.75,691.3195933940677,False,3.146157031832021
2026-08-29,34,discharge,21.75,781.2416674588442,False,2.78402969349376
2026-08-29,35,discharge,21.75,821.6674317473404,False,2.6470563587687677
2026-08-29,36,charge,21.75,660.3400770822294,False,3.2937573766693498
2026-08-29,37,discharge,21.75,882.5250001388889,False,2.4645194183254926
2026-08-29,38,discharge,21.75,877.59375,False,2.478367695759
2026-08-29,39,discharge,21.75,877.5000048131991,False,2.4786324650368643
2026-08-29,40,discharge,21.75,877.5,False,2.4786324786324787
2026-08-29,41,charge,21.75,760.8000244761198,False,2.858832715597881
2026-08-29,42,charge,21.75,436.09166666666664,False,4.987483518373431
2026-08-29,43,charge,21.75,530.1723063973064,False,4.102439855411976
2026-08-29,44,charge,21.75,344.34338827007076,False,6.31636928162574
2026-08-29,45,discharge,21.75,294.93333333333334,False,7.374547920433996
2026-08-29,46,discharge,21.75,295.0,False,7.372881355932204
2026-08-29,47,discharge,5.22,295.0000004166667,False,1.769491522924447
2026-08-29,48,discharge,21.75,385.37303055555554,False,5.643882232403524
2026-08-30,8,charge,21.75,181.57142857142856,False,11.978756884343039
2026-08-30,9,charge,21.75,191.49274180555557,False,11.358132843533703
2026-08-30,11,charge,21.75,207.74166666666667,False,10.469734044686911
2026-08-30,13,charge,21.75,272.11110956195836,False,7.993058436685266
2026-08-30,14,charge,21.75,91.96666666666668,False,23.64987314244291
2026-08-30,29,discharge,14.575,1028.0814210688409,False,1.4176892706462059
2026-08-30,30,discharge,21.75,798.8159722222222,False,2.722779808657779
2026-08-30,33,discharge,21.75,469.2554292929293,False,4.635002312657894
2026-08-30,34,discharge,21.75,448.42859848484846,False,4.850270494230062
2026-08-30,35,charge,21.75,320.7356916468254,False,6.781284579936858
2026-08-30,36,charge,21.75,362.94280121031744,False,5.992679818271516
2026-08-30,37,discharge,21.75,466.03541722222224,False,4.66702726793591
2026-08-30,38,discharge,21.75,381.2416666666667,False,5.705042733174495
2026-08-30,39,charge,5.1,708.6490145663796,False,0.7196792622537797
2026-08-30,40,charge,21.75,543.079976686508,False,4.004934988158319
2026-08-30,42,discharge,21.75,214.2060275,False,10.153775901567476
2026-08-30,43,charge,5.1,648.481433015873,False,0.7864527402552736
2026-08-30,44,charge,21.75,726.5545804736726,False,2.993581017109579
2026-08-30,45,discharge,21.75,147.7313241287879,False,14.722673155653151
2026-08-31,1,charge,21.75,409.96903868118096,False,5.305278679084408
2026-08-31,7,charge,21.75,469.7677459259259,False,4.62994749823237
2026-08-31,8,charge,21.75,416.6168778077538,False,5.220623829367867
2026-08-31,9,charge,21.75,108.16189097222222,False,20.108746069894213
2026-08-31,12,discharge,5.22,671.3044579166667,False,0.777590546054141
2026-08-31,13,discharge,21.75,642.6530679329861,False,3.38440771316259
2026-08-31,14,discharge,21.75,550.4620833333333,False,3.951225826180883
2026-08-31,15,discharge,21.75,550.9767170833334,False,3.9475352271029607
2026-08-31,16,charge,21.75,839.7343793642493,False,2.59010474436769
2026-08-31,17,charge,21.75,385.1812191398879,False,5.646692756351903
2026-08-31,18,charge,21.75,762.9860463888889,False,2.850641909238032
2026-08-31,19,discharge,11.530000000000001,901.8846678560748,False,1.2784339739812487
2026-08-31,20,discharge,21.75,854.350681407952,False,2.545793018407436
2026-08-31,21,charge,21.75,0.5382458333333333,True,
2026-08-31,22,charge,21.75,0.0,True,
2026-08-31,23,charge,21.75,163.56111083333334,False,13.297782027271122
2026-08-31,24,charge,21.75,0.0083333333333333,True,
2026-08-31,25,charge,21.75,0.0741666666666666,True,
2026-08-31,26,charge,21.75,0.510425367234966,True,
2026-08-31,28,discharge,21.75,1490.2378022155922,False,1.4594986093939815
2026-08-31,29,discharge,21.75,1127.7985089239887,False,1.9285359776500561
2026-08-31,30,discharge,21.75,721.4460446124552,False,3.0147784664456254
2026-08-31,31,discharge,21.75,824.0580259358821,False,2.6393772423123405
2026-08-31,32,charge,21.75,978.7295306595718,False,2.2222686982115007
2026-08-31,33,charge,21.75,1080.2918059621466,False,2.013344901809069
2026-08-31,34,charge,21.75,1244.7243827734428,False,1.7473747844111127
2026-08-31,36,discharge,21.75,772.1945886267392,False,2.8166475549485415
2026-08-31,37,discharge,21.75,618.7483410223889,False,3.5151609399164423
2026-08-31,38,discharge,21.75,684.7083516245036,False,3.1765349361369806
2026-08-31,39,charge,21.75,633.8416734307335,False,3.431456294483744
2026-08-31,40,discharge,21.75,593.0000005703366,False,3.667790890232925
2026-08-31,41,discharge,21.75,589.3375,False,3.6905847667932217
2026-08-31,43,charge,10.205,641.5604232189543,False,1.5906529814912225
2026-08-31,44,charge,21.75,601.9858360150737,False,3.613041819052929
2026-08-31,45,charge,21.75,366.0250112213751,False,5.94221687950319
2026-08-31,47,discharge,21.75,504.3818376977543,False,4.3122091983481505
2026-08-31,48,discharge,21.75,555.500006580662,False,3.9153914927707145
2026-09-01,1,charge,21.75,691.8583290956072,False,3.143707184739896
2026-09-01,3,charge,21.75,1059.8358616666667,False,2.0522045711678967
2026-09-01,4,charge,21.75,1198.9551660937757,False,1.8140795098170361
2026-09-01,5,charge,21.75,554.5181318915785,False,3.922324401874138
2026-09-01,6,charge,21.75,759.38802875,False,2.8641483900927245
2026-09-01,7,charge,21.75,598.9873934730092,False,3.631128173481345
2026-09-01,8,discharge,6.305,570.9117496330501,False,1.1043738378221324
2026-09-01,9,charge,21.75,620.015533902445,False,3.507976624892467
2026-09-01,10,discharge,21.75,541.3005556804061,False,4.018100438241856
2026-09-01,11,discharge,21.75,568.6127784432199,False,3.8250987006567767
2026-09-01,12,discharge,21.75,838.1274969063167,False,2.5950705686525337
2026-09-01,13,discharge,21.75,953.4758123167916,False,2.281127609010975
2026-09-01,14,discharge,21.75,989.2851668055556,False,2.198557173381229
2026-09-01,15,charge,21.75,1763.8104160714286,False,1.233125726088194
2026-09-01,16,charge,21.75,1809.1391401647925,False,1.2022292546287412
2026-09-01,17,discharge,21.75,1292.4,False,1.6829155060352832
2026-09-01,18,discharge,21.75,1420.0,False,1.5316901408450705
2026-09-01,19,charge,20.25,1577.833745156396,False,1.2834051789146395
2026-09-01,20,charge,21.75,1859.251605656746,False,1.169825532694227
2026-09-01,21,charge,21.75,1948.821103454581,False,1.1160593428224288
2026-09-01,22,charge,21.75,2087.037589986461,False,1.0421470175887486
2026-09-01,23,charge,21.75,2251.3425144444445,False,0.9660902266293837
2026-09-01,24,charge,21.75,2422.3663919444443,False,0.8978823382098353
2026-09-01,25,charge,21.75,2402.52082940295,False,0.9052991230633821
2026-09-01,26,charge,21.75,2400.516666666667,False,0.9060549465045719
2026-09-01,27,charge,21.75,2413.4527784722222,False,0.901198490146897
2026-09-01,28,charge,21.75,2406.0222222222224,False,0.9039816756102742
2026-09-01,29,charge,21.75,2441.011111111111,False,0.8910242112785686
2026-09-01,30,charge,20.25,2363.366666666667,False,0.8568285355636732
2026-09-01,31,charge,21.75,2279.1402569444444,False,0.9543072188615276
2026-09-01,32,charge,21.53,2049.885184262036,False,1.0503027274549943
2026-09-01,33,discharge,21.75,2056.3631367351677,False,1.057692564676679
2026-09-01,34,discharge,3.035,1558.295084910901,False,0.19476413866591466
2026-09-01,35,charge,0.35,1840.6391666666664,False,0.019015133782784695
2026-09-01,36,charge,21.75,2005.7750068055552,False,1.0843688811657677
2026-09-01,37,discharge,21.75,1262.1642136301562,False,1.723230603840687
2026-09-01,38,discharge,21.75,1188.470616688788,False,1.8300831080366071
2026-09-01,39,discharge,21.75,1211.1205586742408,False,1.7958575506148413
2026-09-01,40,discharge,21.75,1158.5166645833333,False,1.877400702546001
2026-09-01,41,discharge,21.75,1044.9416695436507,False,2.081455896911328
2026-09-01,42,discharge,21.75,1018.675005775862,False,2.135126500275165
2026-09-01,43,discharge,21.75,974.6003788888888,False,2.231683926164331
2026-09-01,44,discharge,21.15,939.176671876114,False,2.2519724598515025
2026-09-01,46,discharge,20.25,739.8689161111112,False,2.736971314653651
2026-09-01,47,discharge,21.75,1133.425628829365,False,1.9189613722131935
2026-09-01,48,discharge,21.75,694.1263888888889,False,3.133435113281883
2026-09-02,5,charge,21.75,601.8544298611112,False,3.6138306741414543
2026-09-02,6,charge,21.75,557.2020761637931,False,3.9034312559895143
2026-09-02,8,charge,21.75,402.84062513888887,False,5.399157543383608
2026-09-02,9,charge,21.75,424.875179351838,False,5.119150531028993
2026-09-02,11,charge,21.75,46.65833242424074,False,46.61546795594449
2026-09-02,12,discharge,7.395,19.45834625,False,38.00425742758072
2026-09-02,14,discharge,21.75,13.400029997768518,False,162.31306947538167
2026-09-02,16,discharge,21.75,2.9085047535744626,False,747.8069263345684
2026-09-02,17,discharge,21.75,164.25832444444444,False,13.241338040895636
2026-09-02,18,charge,21.75,111.85083267911904,False,19.44554142247384
2026-09-02,20,discharge,21.75,522.6441565,False,4.161531269315933
2026-09-02,25,charge,21.75,199.45256142856945,False,10.904848673898526
2026-09-02,26,charge,21.75,351.99701662037035,False,6.179029643156729
2026-09-02,27,charge,21.75,242.75833333333333,False,8.959527650956026
2026-09-02,28,charge,21.75,219.61313180555555,False,9.90377935107148
2026-09-02,29,charge,21.75,262.89970432539684,False,8.273116949983153
2026-09-02,30,charge,21.75,49.76750110042735,False,43.703219006536045
2026-09-02,33,charge,21.75,1249.4753802413766,False,1.7407305773242434
2026-09-02,34,charge,21.75,1128.0278724747477,False,1.9281438456199937
2026-09-02,35,discharge,21.75,735.0000011111111,False,2.959183668995943
2026-09-02,36,discharge,21.75,735.3167155555556,False,2.957909094119691
2026-09-02,38,discharge,21.75,736.7666636309524,False,2.9520879640252846
2026-09-02,39,discharge,21.75,735.0277787962963,False,2.959071837477824
2026-09-02,40,discharge,21.75,735.0824686111112,False,2.958851683824695
2026-09-02,41,discharge,21.75,735.0166666666667,False,2.959116573320333
2026-09-02,42,discharge,21.75,730.22675,False,2.97852687538494
2026-09-03,1,charge,21.75,1952.2245760299384,False,1.1141136254022066
2026-09-03,2,discharge,1.005,1508.238918559533,False,0.06663400523836374
2026-09-03,3,charge,21.75,1646.255559821426,False,1.3211800482763005
2026-09-03,4,charge,20.25,1662.605304861111,False,1.2179679651444166
2026-09-03,5,charge,21.75,1697.5682811111112,False,1.2812444861283547
2026-09-03,6,charge,21.75,1594.5691620833334,False,1.364004805635601
2026-09-03,7,charge,21.75,1636.9270826388888,False,1.3287091545297696
2026-09-03,8,charge,21.75,1612.036564721768,False,1.3492249788858837
2026-09-03,9,charge,20.25,1670.7416666666666,False,1.2120365705849199
2026-09-03,10,discharge,1.5,1766.8683993975617,False,0.08489596624804914
2026-09-03,12,discharge,21.75,1990.379559232906,False,1.0927563991052274
2026-09-03,13,charge,21.75,2367.8314243653335,False,0.9185620131648438
2026-09-03,14,discharge,21.75,2461.114370676207,False,0.8837460078713876
2026-09-03,15,discharge,21.75,2539.4948832751656,False,0.8564695342858579
2026-09-03,16,discharge,21.75,2450.8735118480035,False,0.8874386986866614
2026-09-03,17,charge,20.25,1939.461497524572,False,1.0441042539821517
2026-09-03,18,charge,21.75,1867.8740034722225,False,1.1644254355255523
2026-09-03,19,charge,21.53,1970.1104720648148,False,1.0928321180606204
2026-09-03,20,charge,21.75,1726.0179365545637,False,1.2601259546245989
2026-09-03,21,charge,21.75,1525.3969598060717,False,1.4258583551107342
2026-09-03,22,charge,21.75,1465.07377,False,1.4845668829358676
2026-09-03,23,charge,21.75,1527.2788147619049,False,1.4241014665937546
2026-09-03,24,charge,21.75,1439.4557621904191,False,1.5109877337878752
2026-09-03,25,charge,21.75,1545.4856366748363,False,1.407324628832905
2026-09-03,26,charge,21.75,1302.408105130719,False,1.669983464807831
2026-09-03,27,charge,21.75,1002.3053400762418,False,2.1699974179869734
2026-09-03,28,charge,21.75,954.1009482096172,False,2.279632992799573
2026-09-03,29,charge,21.75,625.1180555622757,False,3.4793427907687775
2026-09-03,30,charge,20.25,523.1856207706174,False,3.870519218432094
2026-09-03,31,charge,9.25,395.99583333333334,False,2.3358831637538273
2026-09-03,33,discharge,20.25,1183.198015873016,False,1.7114633162276436
2026-09-03,34,discharge,21.75,1294.865851282373,False,1.679710680334943
2026-09-03,35,discharge,21.75,1524.8733405937537,False,1.426347974024584
2026-09-03,36,discharge,21.75,1257.8575757575757,False,1.7291305803759642
2026-09-03,38,discharge,20.25,1704.4545762254793,False,1.1880633419309827
2026-09-03,39,discharge,20.25,1849.225674401616,False,1.0950529337936334
2026-09-03,40,discharge,21.75,1852.792686666667,False,1.1739035973382492
2026-09-03,41,discharge,21.75,1722.1674337037036,False,1.262943403431124
2026-09-03,42,discharge,21.75,1666.9176269871575,False,1.3048035276531136
2026-09-03,43,discharge,21.75,1661.4333465277778,False,1.3091105969105068
2026-09-03,44,discharge,21.75,1549.3583257905982,False,1.403806959174633
2026-09-03,45,discharge,21.75,1480.203277638889,False,1.4693927738556285
2026-09-03,46,discharge,21.15,1539.7511067625564,False,1.3735986229923536
2026-09-03,47,discharge,20.25,1752.4261315275148,False,1.155540860506853
2026-09-03,48,discharge,20.25,1663.9377072466425,False,1.2169926741733716
2026-09-04,3,charge,21.75,1475.0793204166666,False,1.4744969778205732
2026-09-04,6,discharge,17.62,1371.0,False,1.2851932895696572
2026-09-04,8,charge,21.75,1434.9255930982906,False,1.5157580368357226
2026-09-04,9,charge,21.75,1661.854720972222,False,1.3087786631117653
2026-09-04,10,charge,21.75,1550.0055541666666,False,1.4032207782438242
2026-09-04,13,discharge,15.34,2648.569322962136,False,0.5791806114723054
2026-09-04,14,discharge,15.765,3067.981190015378,False,0.5138558232138632
2026-09-04,16,discharge,21.75,3626.568181240194,False,0.5997405512051356
2026-09-04,20,charge,21.75,2824.4291934722223,False,0.7700671006470359
2026-09-04,21,charge,21.75,2859.013380343109,False,0.7607519485407163
2026-09-04,22,charge,21.75,2967.931130964916,False,0.7328337161559665
2026-09-04,23,charge,21.75,2928.579425832744,False,0.7426808987369489
2026-09-04,24,charge,21.75,2937.5590944737205,False,0.740410636875941
2026-09-04,25,charge,21.75,3021.7132048099415,False,0.7197903482494138
2026-09-04,26,charge,21.75,3143.6080857891416,False,0.6918801392044417
2026-09-04,27,charge,21.75,3121.8325385785843,False,0.6967061727757854
2026-09-04,28,charge,21.75,2974.7722631758193,False,0.7311484065264225
2026-09-04,29,charge,21.75,2724.0807840987654,False,0.7984344710685872
2026-09-04,30,charge,21.75,2848.710625822619,False,0.7635033127915293
2026-09-04,31,charge,21.53,2725.818888691199,False,0.7898543842851432
2026-09-04,32,discharge,21.75,2635.976056675606,False,0.8251213035459164
2026-09-04,33,charge,21.75,3400.0707452843917,False,0.639692571990315
2026-09-04,34,discharge,21.75,3095.033996786304,False,0.7027386459271169
2026-09-04,35,discharge,21.75,2808.810555913037,False,0.7743491263308039
2026-09-04,36,charge,21.75,4197.926615910527,False,0.5181129159706009
2026-09-04,37,discharge,21.75,3330.1182079714604,False,0.6531299684178179
2026-09-04,38,discharge,21.75,3647.869667322127,False,0.5962384071678335
2026-09-04,39,discharge,1.5,3911.599114781432,False,0.03834748797062797
2026-09-04,40,discharge,21.75,3945.373165327381,False,0.5512786519445803
2026-09-04,41,discharge,21.75,3911.793670634921,False,0.5560109205982168
2026-09-04,42,discharge,21.75,3883.425059366219,False,0.5600726077497588
2026-09-04,43,discharge,7.215,3602.521662067425,False,0.20027638073547172
2026-09-04,44,discharge,20.25,3382.4563338335506,False,0.5986773516466775
2026-09-04,45,discharge,21.75,3341.480607576581,False,0.6509090596151702
2026-09-04,46,discharge,21.75,3013.9354622135643,False,0.7216478346230367
2026-09-05,1,charge,21.75,4271.547999592122,False,0.5091830877723215
2026-09-05,2,charge,21.75,4385.220521319445,False,0.4959841789998685
2026-09-05,3,discharge,21.75,3146.5375768720173,False,0.6912359845904571
2026-09-05,4,discharge,13.485000000000001,2901.665535148148,False,0.46473309334431984
2026-09-05,6,charge,21.75,4151.5109671296295,False,0.5239056375428061
2026-09-05,7,discharge,17.62,2969.7930990294667,False,0.5933073252058618
2026-09-05,9,charge,21.75,3703.8380645925927,False,0.5872286968461838
2026-09-05,11,charge,21.75,3363.802789777778,False,0.6465896296327427
2026-09-05,12,discharge,1.1300000000000001,2197.294436142512,False,0.05142688123234799
2026-09-05,13,discharge,21.75,2267.9130455539994,False,0.9590314779765716
2026-09-05,14,charge,21.75,3363.7689772777776,False,0.6465961291313705
2026-09-05,15,charge,20.6,2948.2982185648148,False,0.6987081520548406
2026-09-05,16,discharge,21.75,2384.055941150794,False,0.912310807165925
2026-09-05,17,charge,21.75,2302.8642682833856,False,0.9444759858214749
2026-09-05,18,discharge,1.215,1926.6120011776632,False,0.06306407305971923
2026-09-05,18,charge,20.25,2145.686605908493,False,0.9437538522279241
2026-09-05,19,charge,21.75,2041.325950363274,False,1.0654839319575287
2026-09-05,20,charge,21.75,1860.4169180555557,False,1.1690927871550618
2026-09-05,21,charge,21.75,1686.6138895608967,False,1.289566043219443
2026-09-05,22,discharge,1.5,1097.2266694044706,False,0.13670830666321102
2026-09-05,22,charge,20.25,1700.6266454705433,False,1.1907375468880217
2026-09-05,23,charge,21.75,1707.2431284379436,False,1.2739837482843082
2026-09-05,24,charge,21.75,1718.98026122975,False,1.2652850350032616
2026-09-05,25,charge,21.75,1677.4540610489007,False,1.2966077882573948
2026-09-05,26,charge,21.75,1765.8004205291722,False,1.2317360301387852
2026-09-05,27,charge,21.75,2235.774857222222,False,0.9728170942499414
2026-09-05,28,charge,21.75,2296.6676422898395,False,0.9470242711441985
2026-09-05,29,charge,21.75,2131.1652777777776,False,1.0205684292435215
2026-09-05,30,charge,21.75,2032.1652086531765,False,1.0702869977000973
2026-09-05,31,charge,21.75,1400.8150786516626,False,1.552667467067473
2026-09-05,32,charge,21.75,1228.1778534907496,False,1.7709161534041469
2026-09-05,33,charge,21.75,1662.6886546702672,False,1.3081222355675068
2026-09-05,34,discharge,20.25,1026.441605138889,False,1.9728350739699363
2026-09-05,35,discharge,21.75,870.9037575378386,False,2.4974056905541615
2026-09-05,36,discharge,21.75,852.6658333333334,False,2.550823446856379
2026-09-05,37,discharge,21.75,858.0000498302763,False,2.534964887741258
2026-09-05,38,discharge,21.75,867.3249995833334,False,2.5077104903523812
2026-09-05,39,discharge,21.75,859.5578807407408,False,2.530370611139824
2026-09-05,40,discharge,21.15,562.7864076258936,False,3.758086498432144
2026-09-05,41,discharge,21.75,513.758334682537,False,4.23350796117786
2026-09-05,42,discharge,20.25,510.0000000524109,False,3.9705882348860744
2026-09-05,43,discharge,21.75,469.91683301172225,False,4.628478588562806
2026-09-05,44,discharge,21.75,617.1736111111111,False,3.5241299382264577
2026-09-05,45,discharge,21.75,356.65972222222223,False,6.098249576510446
2026-09-05,46,discharge,20.25,240.0,False,8.4375
2026-09-05,47,discharge,20.25,279.8044574242424,False,7.237197071988293
2026-09-05,48,discharge,20.25,332.5893844444444,False,6.08858879661042
2026-09-06,1,charge,5.1,464.66774,False,1.097558440359987
2026-09-06,2,charge,21.75,551.340274469697,False,3.944932196531461
2026-09-06,4,discharge,21.75,767.2154201954219,False,2.834927378605077
2026-09-06,8,charge,5.1,1208.2201272009725,False,0.42210851194930293
2026-09-06,10,charge,21.75,1109.2743804166666,False,1.9607412182214328
2026-09-06,11,discharge,21.75,977.3000077777778,False,2.225519270122179
2026-09-06,12,charge,20.25,1145.560914475223,False,1.7676929916272892
2026-09-06,13,charge,20.25,1458.1948276709402,False,1.3887033211017303
2026-09-06,14,charge,21.75,1594.937449225146,False,1.3636898431701259
2026-09-06,15,charge,21.75,1770.855486468254,False,1.2282199290794535
2026-09-06,16,charge,21.75,1722.1333350991915,False,1.2629684099778047
2026-09-06,17,charge,21.75,1620.1754035912593,False,1.3424472406993242
2026-09-06,18,charge,21.75,1701.408587495297,False,1.2783525462287064
2026-09-06,19,charge,21.75,1684.3418401276567,False,1.2913055700350924
2026-09-06,20,charge,21.75,1604.754164048148,False,1.3553477839330552
2026-09-06,21,charge,21.75,1505.2727777777775,False,1.4449208356846364
2026-09-06,22,charge,21.75,1587.679783866479,False,1.3699235967489736
2026-09-06,23,charge,21.75,1566.0540277777775,False,1.3888409731855254
2026-09-06,24,charge,21.75,1403.525,False,1.5496695819454587
2026-09-06,25,charge,21.75,1186.3738975477477,False,1.8333174764682172
2026-09-06,26,discharge,1.215,1177.9916752314814,False,0.10314164569637102
2026-09-06,26,charge,20.25,1156.8436127314817,False,1.7504526780579015
2026-09-06,27,charge,21.75,1236.6916668055555,False,1.7587245538883172
2026-09-06,28,discharge,5.55,1437.6150698611111,False,0.3860560532755259
2026-09-06,29,discharge,21.75,1610.7568911130495,False,1.350296877201036
2026-09-06,30,charge,21.75,1785.3953835105842,False,1.2182175556673305
2026-09-06,31,charge,21.75,1812.816489137443,False,1.1997904989461385
2026-09-06,32,charge,20.955,1954.025,False,1.0724018372334028
2026-09-06,33,discharge,21.15,2178.7111228592316,False,0.9707574252544227
2026-09-06,34,discharge,21.75,2622.5718656034533,False,0.8293385697171479
2026-09-06,35,discharge,21.75,2553.5966466114405,False,0.8517398403096164
2026-09-06,36,discharge,21.75,2818.2795041181657,False,0.7717474426584787
2026-09-06,37,discharge,21.75,2987.0201393404236,False,0.72815043037516
2026-09-06,38,discharge,21.75,3422.1787157413,False,0.6355600278838328
2026-09-06,39,discharge,21.75,3560.902634844711,False,0.610800188333386
2026-09-06,40,discharge,21.75,3605.555720878896,False,0.6032357196437443
2026-09-06,41,discharge,21.75,3894.394507954986,False,0.5584950357641425
2026-09-06,42,discharge,21.75,3529.222686752734,False,0.6162830155671574
2026-09-06,43,discharge,20.25,2886.9427625152625,False,0.7014340659236725
2026-09-06,44,discharge,20.25,2569.3780750330025,False,0.7881284656692612
2026-09-06,45,discharge,20.25,2384.656436432824,False,0.8491789295355144
2026-09-06,45,charge,1.5,2571.678059191919,False,0.05832767420628595
2026-09-06,46,charge,21.75,2364.2203419086654,False,0.9199650140240714
2026-09-06,47,discharge,21.18,2006.4805070601851,False,1.0555796542988642
2026-09-06,48,discharge,21.75,1747.3928785648147,False,1.2447114937233759
2026-09-07,1,charge,21.75,2126.1313161729545,False,1.0229847909465015
2026-09-07,5,discharge,2.175,790.1833333333333,False,0.27525257851553436
2026-09-07,6,charge,21.75,1140.297249942507,False,1.9073973914342612
2026-09-07,7,charge,21.75,1094.467628845995,False,1.987267546956429
2026-09-07,8,charge,21.75,1138.8363428408938,False,1.90984421394064
2026-09-07,9,charge,21.75,988.4070757677894,False,2.2005103497569274
2026-09-07,10,charge,21.75,1030.9289273295788,False,2.109747764701797
2026-09-07,11,discharge,21.75,669.4232782327973,False,3.249065383178423
2026-09-07,12,discharge,21.75,830.7835585416667,False,2.618010404319907
2026-09-07,13,charge,21.75,1351.9095865383654,False,1.6088353996876377
2026-09-07,14,charge,21.75,1794.816760692096,False,1.2118228710775478
2026-09-07,15,discharge,21.75,1500.7502287777158,False,1.4492751413880682
2026-09-07,16,charge,21.75,1500.5588458691757,False,1.4494599835171174
2026-09-07,17,discharge,21.75,1352.2785821730167,False,1.6083963975122109
2026-09-07,18,discharge,21.75,1322.491395277778,False,1.6446231769569732
2026-09-07,19,charge,21.75,1487.3500008333333,False,1.4623323352145694
2026-09-07,20,discharge,21.75,1452.1358333333333,False,1.4977937669972334
2026-09-07,21,discharge,21.75,1595.6818656018518,False,1.3630536555478392
2026-09-07,22,discharge,21.75,2002.8647040175151,False,1.085944545149356
2026-09-07,23,charge,21.75,1768.557232272898,False,1.2298160106499656
2026-09-07,24,charge,21.75,1923.569246031746,False,1.1307105291306496
2026-09-07,25,charge,21.75,1875.0891386574071,False,1.1599448555055543
2026-09-07,26,charge,21.75,1785.1406385119049,False,1.2183913990177728
2026-09-07,27,charge,21.75,1617.3019716666668,False,1.3448323430649212
2026-09-07,28,charge,21.75,1535.907222222222,False,1.4161011606242133
2026-09-07,29,charge,21.75,1663.376425451389,False,1.3075813548396131
2026-09-07,30,discharge,21.75,1672.4744946485034,False,1.3004682624216102
2026-09-07,31,charge,21.75,2364.816812357006,False,0.9197329740869796
2026-09-07,32,charge,21.75,2226.2116239976135,False,0.9769960665708624
2026-09-07,33,charge,21.75,2128.683379262538,False,1.0217583418880773
2026-09-07,34,charge,21.75,2090.366666666667,False,1.0404873148251501
2026-09-07,35,discharge,19.795,1620.250500851852,False,1.2217246647720656
2026-09-07,36,discharge,21.75,2028.2842765476191,False,1.0723348916859468
2026-09-07,37,discharge,21.75,2314.6543276704783,False,0.9396651474040921
2026-09-07,38,discharge,21.75,2314.7196464583335,False,0.9396386311093383
2026-09-07,39,discharge,21.75,2408.65803843254,False,0.9029924403114543
2026-09-07,40,discharge,21.75,2396.19713044863,False,0.907688258349923
2026-09-07,41,discharge,21.75,2447.0544577404626,False,0.8888237011318214
2026-09-07,42,discharge,21.75,2450.001352462098,False,0.8877546119777693
2026-09-08,2,charge,21.75,2854.5013957424244,False,0.7619544356307125
2026-09-08,4,discharge,17.62,3564.257136002342,False,0.4943526610923063
2026-09-08,6,charge,21.75,2782.4454441399835,False,0.7816864853830991
2026-09-08,7,charge,21.75,2734.0873037558836,False,0.7955122709549723
2026-09-08,8,charge,21.75,2719.0933284212856,False,0.7998989873815078
2026-09-08,9,charge,21.75,2644.088889922897,False,0.8225895915562143
2026-09-08,10,charge,21.75,2639.746428333334,False,0.8239427759632344
2026-09-08,11,charge,21.75,2785.804409956197,False,0.780743971912299
2026-09-08,12,charge,21.75,2801.6137703668833,False,0.7763382743921816
2026-09-08,14,discharge,14.575,3099.1033562301586,False,0.4702973190842354
2026-09-08,16,discharge,21.75,4009.3415534273367,False,0.5424830913047873
2026-09-08,17,discharge,21.75,3228.786501224138,False,0.673627692377736
2026-09-08,18,discharge,21.75,3164.4808331993177,False,0.6873165345738739
2026-09-08,19,discharge,21.75,2995.865522712963,False,0.726000544253531
2026-09-08,20,discharge,21.75,3178.7702888520284,False,0.6842268557837418
2026-09-08,27,charge,21.75,2968.139581666667,False,0.732782249673951
2026-09-08,28,charge,21.75,2795.1568435555555,False,0.7781316476084791
2026-09-08,29,discharge,9.355,3109.540835739782,False,0.30084827613380993
2026-09-08,31,charge,21.75,2772.7282365972223,False,0.7844259568219448
2026-09-08,32,discharge,21.75,3107.769619883041,False,0.69985882675623
2026-09-08,33,discharge,21.75,3018.1878852765753,False,0.7206310815208548
2026-09-08,34,charge,21.75,3213.8332642680057,False,0.6767619291834625
2026-09-08,35,charge,21.75,3780.4108356637807,False,0.5753342942204598
2026-09-08,36,charge,21.75,3528.4054763469103,False,0.6164257522499537
2026-09-08,37,charge,21.75,3719.802208772096,False,0.5847085081219858
2026-09-08,38,discharge,5.22,2119.081289126176,False,0.246333164602313
2026-09-08,39,discharge,21.75,2483.2944750440665,False,0.875852631195261
2026-09-08,40,discharge,21.75,2767.304801221968,False,0.7859632950586355
2026-09-08,41,discharge,21.75,2581.940619829508,False,0.8423896286753569
2026-09-08,42,charge,21.75,3698.198822223993,False,0.5881241394944839
2026-09-08,43,discharge,17.62,2876.253948130864,False,0.6126023750945347
2026-09-08,44,charge,21.75,3089.9346053252507,False,0.7038983919761811
2026-09-08,46,discharge,17.62,1901.6520816666664,False,0.9265627592907157
2026-09-09,1,charge,21.75,1666.6827777777778,False,1.3049873851219438
2026-09-09,2,charge,21.75,1536.7330555555557,False,1.4153401543208817
2026-09-09,3,charge,21.75,1390.620002409,False,1.564050564663389
2026-09-09,4,charge,20.25,1157.4625008681949,False,1.7495167216916994
2026-09-09,5,charge,21.75,1099.8111111111111,False,1.9776123172666014
2026-09-09,6,charge,21.75,1279.555560972222,False,1.6998089542492458
2026-09-09,7,charge,21.75,1249.6327469444443,False,1.7405113664940595
2026-09-09,8,charge,21.75,1149.7414874359204,False,1.8917295964074023
2026-09-09,9,charge,21.75,1113.3880784796124,False,1.9534967564679442
2026-09-09,10,charge,21.75,1348.382636070099,False,1.6130436137468382
2026-09-09,11,charge,21.75,1402.242498485985,False,1.5510869213765588
2026-09-09,12,charge,21.53,1068.01583625,False,2.0158877115151954
2026-09-09,13,charge,21.75,1449.0708362301586,False,1.5009618202367443
2026-09-09,14,discharge,21.75,1106.445845486111,False,1.9657536867919871
2026-09-09,15,discharge,21.75,996.3720238888887,False,2.18291958008904
2026-09-09,16,discharge,21.75,965.8750090810684,False,2.2518441615642284
2026-09-09,17,discharge,21.75,1034.3166666666666,False,2.1028376222626854
2026-09-09,18,discharge,21.75,1099.0208333333333,False,1.9790343677136846
2026-09-09,19,discharge,21.75,985.5708333333332,False,2.2068429040699766
2026-09-09,21,discharge,21.75,938.5,False,2.317527970165157
2026-09-09,22,discharge,21.75,944.5493909954254,False,2.3026853023618474
2026-09-09,23,charge,21.75,971.1391105,False,2.2396379431986637
2026-09-09,24,discharge,21.75,963.5000072323623,False,2.257394897429893
2026-09-09,25,discharge,21.75,898.9416670616296,False,2.4195118322965516
2026-09-09,26,discharge,20.865000000000002,803.1916714012004,False,2.597761000633904
2026-09-09,27,charge,21.75,903.0343846575176,False,2.4085461605372696
2026-09-09,28,charge,21.75,1021.6148635013716,False,2.1289823373806853
2026-09-09,29,charge,21.75,975.1607160200132,False,2.2304015781900737
2026-09-09,30,charge,21.75,741.4016379620923,False,2.933632580012195
2026-09-09,31,discharge,21.75,450.84166666666664,False,4.82431008668971
2026-09-09,32,discharge,21.75,360.2916672348485,False,6.036775750859296
2026-09-09,33,charge,21.75,400.72400721595653,False,5.427675808871261
2026-09-09,34,discharge,21.75,339.5251516551988,False,6.406005532717643
2026-09-09,35,charge,21.75,701.5010339701385,False,3.10049436091435
2026-09-09,36,charge,0.61,515.2719433407947,False,0.11838408977694974
2026-09-09,37,discharge,0.2,273.2500021779218,False,0.07319304607718673
2026-09-09,40,discharge,21.75,328.0,False,6.63109756097561
2026-09-09,41,discharge,21.75,328.0,False,6.63109756097561
2026-09-09,42,charge,21.75,387.61667067982455,False,5.611213769999518
2026-09-09,43,discharge,21.75,328.0000000265159,False,6.631097560439543
2026-09-09,45,charge,5.1,418.77500121031744,False,1.2178377375106675
2026-09-09,46,charge,21.75,472.26352683150185,False,4.605479518167438
2026-09-09,47,discharge,21.75,311.50000033730157,False,6.98234349163674
2026-09-10,4,charge,21.75,440.8479176388889,False,4.933674205946017
2026-09-10,5,charge,21.75,357.0416666666667,False,6.091725989030225
2026-09-10,6,charge,21.75,357.2966666666667,False,6.087378369049063
2026-09-10,7,charge,21.75,165.535,False,13.139215271694807
2026-09-10,8,discharge,21.75,239.375,False,9.086161879895561
2026-09-10,9,charge,21.75,576.9708281072351,False,3.7696879877534415
2026-09-10,10,charge,21.75,739.2506944444444,False,2.942168355532676
2026-09-10,11,charge,21.75,967.4122638987884,False,2.248265895694238
2026-09-10,13,discharge,21.75,907.5000260583656,False,2.396694146056273
2026-09-10,14,discharge,21.75,1003.2786294802868,False,2.1678922844461286
2026-09-10,15,discharge,14.575,1155.4501041666667,False,1.2614131884571316
2026-09-10,16,discharge,21.75,1268.9291732426304,False,1.7140436565438795
2026-09-10,17,discharge,21.75,1323.8666666666666,False,1.6429146943297415
2026-09-10,18,charge,17.72,1620.6281252777778,False,1.0934032134585328
2026-09-10,19,charge,21.75,1948.247165240076,False,1.1163881250826724
2026-09-10,20,charge,21.75,1947.861908095238,False,1.116608929493813
2026-09-10,21,charge,21.75,2211.613448374067,False,0.9834449151134507
2026-09-10,22,charge,21.75,2181.9043784920636,False,0.9968356182057643
2026-09-10,23,discharge,21.75,1922.5666666666664,False,1.1313001716455435
2026-09-10,24,charge,21.75,1959.4605425396803,False,1.1099993864540678
2026-09-10,25,charge,21.75,2469.9191606944446,False,0.8805956221613646
2026-09-10,26,charge,21.75,2347.8663754539925,False,0.9263729924065348
2026-09-10,27,charge,21.75,2485.026557593275,False,0.8752421552011369
2026-09-10,28,charge,21.75,2403.2072206944445,False,0.9050405563326744
2026-09-10,29,charge,21.75,2357.9580555555553,False,0.9224082654377628
2026-09-10,30,charge,21.75,2337.55868670149,False,0.9304579227780265
2026-09-10,31,charge,21.75,2283.0858381944445,False,0.9526580050621649
2026-09-10,32,discharge,21.75,2129.7007886565343,False,1.021270223303078
2026-09-10,33,discharge,21.75,2409.280750723038,False,0.9027590492918979
2026-09-10,34,charge,21.75,2266.0648863581,False,0.9598136457140666
2026-09-10,35,charge,21.75,2600.7496225719246,False,0.8362973433210023
2026-09-10,39,discharge,21.75,1703.742174967033,False,1.2766016078941556
2026-09-10,40,discharge,21.75,1583.3107448107448,False,1.3737038083828457
2026-09-10,41,discharge,21.75,1496.5950294444444,False,1.4532989601117332
2026-09-10,42,discharge,21.75,1465.8255868055555,False,1.4838054537852174
2026-09-10,43,discharge,21.75,1434.9416666666666,False,1.5157410579988735
2026-09-10,44,discharge,21.75,1431.6577391666667,False,1.5192178552857296
2026-09-10,45,discharge,21.75,1433.912511666667,False,1.5168289434004252
2026-09-10,46,discharge,21.75,1303.665586419753,False,1.668372642997493
2026-09-10,47,discharge,21.75,1247.5111097685185,False,1.7434714472431283
2026-09-11,1,charge,21.75,1235.5467948717949,False,1.7603542083775843
2026-09-11,2,charge,21.75,1133.8867006944445,False,1.9181810657695604
2026-09-11,3,charge,21.75,1175.3564767057778,False,1.8505024161656607
2026-09-11,4,charge,21.75,1261.020478379625,False,1.7247935598911228
2026-09-11,6,charge,21.75,1132.5166666666669,False,1.9205015378728787
2026-09-11,7,charge,21.75,1250.845556089292,False,1.7388237815706298
2026-09-11,8,charge,21.75,1265.0416666666667,False,1.7193109581370836
2026-09-11,9,charge,21.75,1378.142235897436,False,1.5782115541823274
2026-09-11,10,charge,21.75,1493.832454563969,False,1.4559865755727308
2026-09-11,11,charge,21.75,1593.0586183928572,False,1.365298159708793
2026-09-11,12,charge,21.53,1368.418443980977,False,1.573349153155619
2026-09-11,14,charge,21.75,1686.3091821088233,False,1.2897990612136985
2026-09-11,15,discharge,21.75,1740.2802696096053,False,1.2497986893156667
2026-09-11,16,discharge,21.75,1498.478673215071,False,1.451472108931263
2026-09-11,17,discharge,21.75,1473.3442393747282,False,1.4762334163827506
2026-09-11,18,discharge,21.75,1200.9549866666666,False,1.811058719225491
2026-09-11,19,discharge,21.75,970.0884953703704,False,2.2420634925369423
2026-09-11,20,charge,21.75,691.3211156150794,False,3.146150104304087
2026-09-11,21,charge,21.75,814.2359310370371,False,2.6712159425706625
2026-09-11,22,charge,21.75,760.0375,False,2.8617009029159743
2026-09-11,23,charge,21.75,691.7583333333333,False,3.1441616171350786
2026-09-11,25,discharge,21.75,1110.5804409259258,False,1.9584353549272255
2026-09-11,26,discharge,21.75,1310.3097179629628,False,1.659912897067805
2026-09-11,27,discharge,21.75,1170.403326135681,False,1.8583337482312139
2026-09-11,28,discharge,21.75,869.6733333333333,False,2.500939049911461
2026-09-11,30,charge,11.5,856.2156850513136,False,1.3431195200904078
2026-09-11,31,discharge,21.75,912.391681032295,False,2.3838446198228915
2026-09-11,32,charge,21.75,831.6640241789792,False,2.61523877042435
2026-09-11,33,charge,21.75,551.3165684161794,False,3.945101824616542
2026-09-11,34,discharge,21.75,389.4410790097295,False,5.584927007522135
2026-09-11,35,discharge,21.75,415.43333412434646,False,5.2354970613624
2026-09-11,37,discharge,21.75,412.008355605897,False,5.279019151933116
2026-09-11,38,discharge,21.75,412.00001836502594,False,5.279125978273578
2026-09-11,39,discharge,21.75,410.5250011350579,False,5.298093889498463
2026-09-11,46,charge,5.1,2128.3857581651137,False,0.23961821678400635
2026-09-11,47,charge,21.75,1056.7858704425626,False,2.0581274417391198
2026-09-11,48,discharge,21.75,1081.0166659722222,False,2.0119948826541854
2026-09-12,3,charge,21.75,1765.1340937864222,False,1.2322010025506713
2026-09-12,6,charge,21.75,2847.151815576677,False,0.7639213294144148
2026-09-12,10,discharge,13.485000000000001,3971.5274546514697,False,0.33954190557606023
2026-09-12,11,discharge,21.75,3904.348706111111,False,0.5570711439261755
2026-09-12,13,charge,20.6,3929.239096805555,False,0.5242745349028941
2026-09-12,14,charge,21.75,3908.342259641577,False,0.5565019272901301
2026-09-12,15,discharge,9.395,3181.034730723545,False,0.29534415041935275
2026-09-12,17,charge,20.25,3559.406118839102,False,0.5689151314546969
2026-09-12,18,charge,20.25,3351.9725902645505,False,0.6041218850898119
2026-09-12,19,charge,21.75,3254.2296031415126,False,0.668360953357543
2026-09-12,20,charge,21.75,3100.2734680822346,False,0.7015510155448997
2026-09-12,21,discharge,1.5,3018.9540474382225,False,0.049686082544808746
2026-09-12,21,charge,20.25,2822.744066667762,False,0.7173870362219924
2026-09-12,22,charge,20.38,2705.0584953185175,False,0.7534033010846325
2026-09-12,23,charge,21.75,2401.748159067761,False,0.9055903683274713
2026-09-12,24,charge,21.75,2428.217148964646,False,0.8957189026226036
2026-09-12,25,charge,21.75,2377.198989316998,False,0.9149423375049084
2026-09-12,26,charge,21.75,2207.884086111111,False,0.985106063167912
2026-09-12,27,charge,21.75,2165.762509506803,False,1.0042652370482212
2026-09-12,28,charge,21.75,2338.804418101615,False,0.9299623274037709
2026-09-12,29,charge,21.75,2832.990688169192,False,0.7677399043643114
2026-09-12,30,charge,21.75,2564.5603757570125,False,0.8480985749294278
2026-09-12,31,charge,21.75,2100.4669433546037,False,1.035484041718058
2026-09-12,32,charge,21.75,1802.131134615665,False,1.206904402361294
2026-09-12,33,charge,21.75,1882.7928755,False,1.1551987625948503
2026-09-12,34,discharge,21.75,1490.368426868799,False,1.4593706903531116
2026-09-12,35,discharge,21.75,1561.4256730704433,False,1.3929577548978058
2026-09-12,36,discharge,21.75,1412.2479115025253,False,1.5400978697047347
2026-09-12,37,discharge,20.25,1089.8397772299384,False,1.8580712892926077
2026-09-12,37,charge,1.095,1124.0131054166666,False,0.09741879295918783
2026-09-12,38,discharge,20.25,884.5891630555556,False,2.2891982906564525
2026-09-12,38,charge,1.5,953.7055491666666,False,0.15728124905120633
2026-09-12,39,discharge,21.75,859.6976962251681,False,2.529959088584476
2026-09-12,40,discharge,21.75,660.1220847222222,False,3.294845075385161
2026-09-12,41,discharge,21.75,668.2794444444445,False,3.2546265160199948
2026-09-12,42,discharge,21.75,600.4682556349206,False,3.6221731616773103
2026-09-12,43,discharge,21.75,598.8487373737373,False,3.6319689167894125
2026-09-12,44,discharge,21.75,526.4525,False,4.131426861872629
2026-09-12,45,discharge,21.75,479.4125,False,4.536802857664329
2026-09-12,46,discharge,21.75,480.5,False,4.526534859521332
2026-09-12,47,discharge,20.25,446.98750023809527,False,4.530328026894153
2026-09-12,48,discharge,20.25,441.3958333333333,False,4.587718884221457
2026-09-13,1,charge,21.75,576.1583388888889,False,3.775003941094472
2026-09-13,2,charge,21.75,212.1166815277778,False,10.253790434276485
2026-09-13,3,charge,21.75,83.49166666666666,False,26.050504042319595
2026-09-13,4,charge,21.75,234.59166666666667,False,9.271429078895954
2026-09-13,5,charge,21.75,321.85833333333335,False,6.757631463117832
2026-09-13,6,charge,21.75,359.8666651388889,False,6.043905175714368
2026-09-13,7,charge,21.75,112.28333333333332,False,19.370639750630847
2026-09-13,8,charge,20.25,0.0,True,
2026-09-13,10,charge,21.53,51.641666666666666,False,41.69114087461676
2026-09-13,11,charge,21.75,209.42500074820788,False,10.38557952598509
2026-09-13,12,charge,21.75,233.66666402777776,False,9.308131346204528
2026-09-13,13,charge,21.75,194.6916652777778,False,11.17151058776349
2026-09-13,15,charge,21.75,40.166666666666664,False,54.149377593361
2026-09-13,16,discharge,21.75,335.50000010734317,False,6.482861398819997
2026-09-13,18,discharge,21.75,327.0,False,6.651376146788992
2026-09-13,19,discharge,21.75,349.75000300505053,False,6.218727609184873
2026-09-13,20,discharge,19.485,294.5,False,6.616298811544992
2026-09-13,28,charge,21.75,200.1249995833333,False,10.868207393021462
2026-09-13,29,charge,21.75,142.3650001388889,False,15.277631425407275
2026-09-13,30,charge,21.75,242.49167666666668,False,8.969380021194679
2026-09-13,31,discharge,21.75,482.17964313657126,False,4.5107669536848505
2026-09-13,32,discharge,21.75,618.5401311706349,False,3.516344195620169
2026-09-13,33,discharge,21.75,570.75,False,3.8107752956636007
2026-09-13,34,discharge,21.75,609.5000001388889,False,3.5684987686700165
2026-09-13,35,discharge,21.75,607.0000015872963,False,3.5831960367584945
2026-09-13,36,discharge,21.75,510.6833499229765,False,4.2589992415614155
2026-09-13,37,discharge,21.75,482.1333336463152,False,4.511200218310446
2026-09-13,38,discharge,21.75,498.82930625,False,4.360208938706476
2026-09-13,39,discharge,21.75,392.0,False,5.548469387755102
2026-09-13,46,charge,21.75,351.51531275396826,False,6.18749716181588
2026-09-13,47,discharge,17.62,486.7099216666667,False,3.6202261790067682
2026-09-14,8,charge,21.75,633.8114285714286,False,3.4316200402102472
2026-09-14,9,charge,21.75,598.0801430555556,False,3.636636369313409
2026-09-14,10,charge,21.75,586.4142706417624,False,3.7089820437345677
2026-09-14,13,charge,21.75,781.6299593900143,False,2.782646665306144
2026-09-14,14,charge,21.75,825.2166666946267,False,2.6356714397345824
2026-09-14,15,discharge,21.75,399.6583347175314,False,5.442148482996698
2026-09-14,16,discharge,21.75,332.7500011111111,False,6.536438746017402
2026-09-14,17,discharge,21.75,215.55833333333337,False,10.090076158812385
2026-09-14,19,discharge,21.75,407.44962166666664,False,5.338083248434971
2026-09-14,20,discharge,1.0899999999999999,473.179762191358,False,0.23035642837979076
2026-09-14,22,charge,21.75,665.8177191255629,False,3.2666598342508646
2026-09-14,23,charge,20.25,722.3188920407026,False,2.803470907813237
2026-09-14,24,charge,21.75,794.3020762896825,False,2.7382529454786115
2026-09-14,25,charge,21.75,911.1113756613756,False,2.3871944288053344
2026-09-14,26,charge,21.75,1235.7950473809524,False,1.760000579877323
2026-09-14,27,charge,21.75,1134.281553030303,False,1.9175133318437152
2026-09-14,28,charge,21.75,1008.747924599038,False,2.156138265032396
2026-09-14,29,charge,21.75,1145.9118293993351,False,1.898051790895721
2026-09-14,30,charge,21.75,929.0571918873256,False,2.3410830022009885
2026-09-14,31,charge,21.75,1095.5590782473546,False,1.9852877340759252
2026-09-14,32,charge,21.75,1100.8246677020666,False,1.9757914805272645
2026-09-14,33,charge,21.75,792.0127788877788,False,2.7461678119061994
2026-09-14,34,charge,21.53,689.7711111111112,False,3.12132527054063
2026-09-14,37,discharge,21.75,803.0153781379731,False,2.708540906207022
2026-09-14,38,discharge,21.75,722.3133071194629,False,3.01115870158028
2026-09-14,39,discharge,21.75,701.1,False,3.102267864783911
2026-09-14,40,discharge,21.75,593.3016845833333,False,3.6659258797275607
2026-09-14,41,discharge,21.75,613.141904140176,False,3.5473028108396143
2026-09-14,42,discharge,21.75,583.1333333333333,False,3.7298502343660687
2026-09-14,43,discharge,21.75,509.35,False,4.270148228133896
2026-09-14,44,discharge,10.735,482.6250001190476,False,2.2242942237455643
2026-09-14,45,discharge,21.75,661.0333333333333,False,3.290303060864304
2026-09-14,46,discharge,21.75,710.6026590740507,False,3.0607822419833455
2026-09-14,48,discharge,21.15,877.9397900502737,False,2.4090490304339527
2026-09-15,3,charge,21.75,802.139498644275,False,2.711498440952037
2026-09-15,5,discharge,17.62,782.5358341666666,False,2.251654075210982
2026-09-15,6,charge,21.75,982.3355025330688,False,2.2141111609948987
2026-09-15,7,discharge,17.62,783.0095835237813,False,2.250291742369824
2026-09-15,8,charge,21.75,927.4447120224544,False,2.345153270923325
2026-09-15,9,charge,21.75,946.5241073722576,False,2.2978812510525906
2026-09-15,10,charge,21.75,1023.863472824249,False,2.124306665614732
2026-09-15,11,charge,21.75,1017.6358482726783,False,2.1373067818825526
2026-09-15,12,charge,21.75,997.98541875,False,2.179390559357308
2026-09-15,13,discharge,21.75,1036.9117441666667,False,2.0975748536322913
2026-09-15,14,charge,21.75,1510.8199542742746,False,1.4396156165707819
2026-09-15,15,discharge,18.705,1309.945002101114,False,1.4279225440761039
2026-09-15,16,discharge,21.75,1133.9375756944444,False,1.9180950050693837
2026-09-15,17,discharge,21.75,1281.3025,False,1.6974914198637714
2026-09-15,18,discharge,21.75,1391.5583336574075,False,1.5629959214742275
2026-09-15,19,charge,21.75,1579.049309114114,False,1.377411070981836
2026-09-15,20,charge,21.75,1774.6863255555556,False,1.2255686927204605
2026-09-15,21,charge,21.75,1997.23027625,False,1.0890081258350341
2026-09-15,22,charge,21.75,2156.798540329861,False,1.008439109786932
2026-09-15,23,charge,21.75,1880.6298680555556,False,1.156527415066955
2026-09-15,24,charge,21.75,1449.7183357936508,False,1.5002914333764652
2026-09-15,25,charge,21.75,1048.8484520994468,False,2.0737028267967323
2026-09-15,26,discharge,21.75,989.9083333354968,False,2.197173138922203
2026-09-15,27,charge,21.75,968.1993606018518,False,2.246438170180134
2026-09-15,28,charge,21.75,1141.41666125,False,1.905526766726965
2026-09-15,29,charge,21.75,1133.7351851851852,False,1.918437416798292
2026-09-15,30,charge,21.75,1094.1185653966,False,1.9879015572792136
2026-09-15,31,discharge,21.75,1091.7166666666667,False,1.992275162969635
2026-09-15,32,discharge,21.75,1069.4,False,2.033850757434075
2026-09-15,33,discharge,21.75,1051.1916666666666,False,2.0690803294673503
2026-09-15,34,charge,21.75,1016.6916663888888,False,2.13929165734703
2026-09-15,35,discharge,21.75,732.7813006436946,False,2.9681434257252772
2026-09-15,36,discharge,21.75,754.0333333333333,False,2.884487865257946
2026-09-15,37,discharge,21.75,780.0333423611111,False,2.7883423462597303
2026-09-15,40,discharge,21.75,1112.1083909097847,False,1.9557446178611184
2026-09-15,41,discharge,21.75,1281.048438492572,False,1.6978280716374423
2026-09-15,42,discharge,15.66,1220.7758252579167,False,1.282790802045205
2026-09-15,46,charge,5.1,1213.9531652694743,False,0.42011505434543656
2026-09-15,47,charge,21.75,1098.3773544015523,False,1.9801937751939926
2026-09-15,48,discharge,21.75,780.0,False,2.7884615384615388
2026-09-16,1,charge,21.75,1324.1416666666669,False,1.6425734910036058
2026-09-16,2,discharge,17.62,940.7833333333332,False,1.8729073289988845
2026-09-16,4,charge,21.75,977.0466708333332,False,2.226096321627011
2026-09-16,6,charge,21.75,860.6416666666667,False,2.52718417459841
2026-09-16,7,charge,21.75,783.2988095238095,False,2.776718122835201
2026-09-16,8,charge,21.75,1021.603117997558,False,2.1290068145672976
2026-09-16,9,charge,21.75,1190.730292083333,False,1.8266101185639299
2026-09-16,10,charge,21.75,1425.333535245206,False,1.5259586238710268
2026-09-16,11,charge,21.75,1166.4386198107395,False,1.8646501950980536
2026-09-16,12,charge,21.75,1156.136564804333,False,1.8812656447450928
2026-09-16,14,discharge,21.75,452.4977273376202,False,4.806653975473288
2026-09-16,15,discharge,21.75,441.46666666666664,False,4.926759287224404
2026-09-16,16,discharge,21.75,444.2916666666667,False,4.8954328050267275
2026-09-16,20,charge,21.75,855.61584967664,False,2.542028646175723
2026-09-16,21,charge,21.75,645.2099368121693,False,3.370995819974757
2026-09-16,22,charge,21.75,812.8895512113783,False,2.6756402475081487
2026-09-16,23,charge,21.75,684.1938981216931,False,3.1789234104118638
2026-09-16,24,charge,21.75,747.5010438073039,False,2.9096949335641153
2026-09-16,25,charge,21.75,651.6009860225796,False,3.3379323338295728
2026-09-16,26,charge,21.75,515.5918612962963,False,4.218452933938164
2026-09-16,27,discharge,21.75,555.5,False,3.9153915391539154
2026-09-16,28,discharge,21.75,556.10925810941,False,3.9111019431582386
2026-09-16,29,discharge,21.75,555.5097222222222,False,3.9153230141486675
2026-09-16,30,charge,6.175000000000001,625.6499793055556,False,0.9869735801564293
2026-09-16,31,charge,21.75,778.775760104871,False,2.7928450157553844
2026-09-16,32,charge,21.75,849.327738325284,False,2.5608488947843555
2026-09-16,34,discharge,21.75,606.989503968254,False,3.5832580065729673
2026-09-16,35,discharge,21.75,588.3320833333333,False,3.6968917072769982
2026-09-16,36,discharge,21.75,669.7500036507673,False,3.2474803854336765
2026-09-16,37,discharge,21.75,623.4166833702453,False,3.488838297110945
2026-09-16,38,discharge,21.75,560.0666666666667,False,3.8834662540173785
2026-09-16,39,discharge,21.75,560.0,False,3.8839285714285716
2026-09-16,40,discharge,21.75,560.0000308333333,False,3.883928357581326
2026-09-16,41,discharge,21.75,571.5833333333334,False,3.805219419740487
2026-09-16,46,charge,5.1,2642.3077777777776,False,0.19301309419333354
2026-09-16,47,charge,21.75,2777.2608119444444,False,0.7831457494541958
2026-09-16,48,discharge,21.75,2817.7729220382353,False,0.77188618819813
2026-09-17,2,charge,21.75,2917.868432917388,False,0.7454071525169346
2026-09-17,4,charge,21.75,2528.228564258111,False,0.8602861429335353
2026-09-17,6,charge,21.75,2361.738888055555,False,0.9209316114495201
2026-09-17,7,charge,21.75,2235.6277777777777,False,0.9728810947956452
2026-09-17,9,charge,3.76,2297.760358492797,False,0.16363760416105144
2026-09-17,10,discharge,21.75,2046.7102152319635,False,1.0626809715480394
2026-09-17,12,charge,21.75,1976.49583875,False,1.100432369933822
2026-09-17,13,charge,21.75,2044.5749975,False,1.0637907646623268
2026-09-17,14,discharge,21.75,1836.9961479166664,False,1.1839981278494587
2026-09-17,15,discharge,21.75,2443.4373415410055,False,0.8901394617421579
2026-09-17,16,discharge,21.75,2875.214073907374,False,0.7564654123455256
2026-09-17,17,discharge,21.75,2218.7732626094203,False,0.9802714124299748
2026-09-17,18,charge,21.75,1885.017216468254,False,1.1538356153982796
2026-09-17,19,charge,21.75,2357.2505555555554,False,0.9226851150268993
2026-09-17,20,charge,21.75,2545.934675833333,False,0.8543031447922287
2026-09-17,21,charge,21.75,2317.983939861111,False,0.9383153880394537
2026-09-17,22,charge,21.75,2261.252464520202,False,0.9618563314474913
2026-09-17,23,charge,21.75,2150.586427199408,False,1.011352053789526
2026-09-17,24,charge,21.75,2260.82417935144,False,0.9620385432289299
2026-09-17,25,charge,21.75,2317.666196897365,False,0.9384440274063839
2026-09-17,26,charge,21.75,2124.102187936507,False,1.0239620355143733
2026-09-17,27,discharge,0.18,2360.3026136838625,False,0.0076261407734944395
2026-09-17,27,charge,20.25,2181.610416666667,False,0.9282133897646329
2026-09-17,28,charge,21.75,2293.773824051759,False,0.9482190341496027
2026-09-17,29,charge,21.75,2374.1998031944445,False,0.9160981300198809
2026-09-17,30,charge,21.75,2729.9454525,False,0.7967192157660886
2026-09-17,31,charge,20.25,2742.2363925331174,False,0.7384483721074914
2026-09-17,32,charge,20.25,2865.9927774998987,False,0.7065614456176248
2026-09-17,33,discharge,21.75,2917.42124971968,False,0.7455214087471889
2026-09-17,34,discharge,20.25,2874.2176257437573,False,0.704539552559453
2026-09-17,35,discharge,21.75,2769.5951924931683,False,0.7853133215623767
2026-09-17,36,charge,21.75,3214.0058585218253,False,0.6767255866174179
2026-09-17,37,discharge,21.75,3064.110356976912,False,0.7098308306838795
2026-09-17,38,discharge,21.75,3243.999757708333,False,0.6704686074133651
2026-09-17,39,discharge,21.75,3410.4775694444443,False,0.6377405966503104
2026-09-17,40,discharge,21.75,3513.1640371731605,False,0.6191000411555211
2026-09-17,41,discharge,21.75,3335.838446969697,False,0.6520099922632008
2026-09-17,42,discharge,20.865000000000002,3040.224735667795,False,0.6862979488066345
2026-09-17,43,discharge,19.439999999999998,2619.872952722771,False,0.7420207143936682
2026-09-17,45,discharge,21.75,2628.588017959402,False,0.8274404300482482
2026-09-17,46,discharge,21.75,2668.961096809117,False,0.814923830324963
2026-09-17,48,discharge,21.75,2683.1976692343305,False,0.8105999885653791
2026-09-18,5,charge,21.75,2874.058715194648,False,0.7567695080483755
2026-09-18,7,charge,21.75,2819.597778611111,False,0.7713866199282404
2026-09-18,8,charge,10.205,2741.6350967261665,False,0.3722231310864807
2026-09-18,11,discharge,21.75,2460.816318884587,False,0.8838530463687193
2026-09-18,13,discharge,21.75,2320.068679874552,False,0.9374722476394984
2026-09-18,19,charge,5.1,2685.753393677384,False,0.18989085193026542
2026-09-18,20,charge,21.75,2569.5889395,False,0.8464388862224864
2026-09-18,21,discharge,21.75,2146.2388958677366,False,1.013400700261112
2026-09-18,22,charge,21.75,2538.6700378436835,False,0.856747811876891
2026-09-18,23,charge,21.75,2527.4163705954124,False,0.86056259874886
2026-09-18,24,charge,21.75,2209.8121291726643,False,0.9842465661613968
2026-09-18,25,charge,21.75,2134.9627413728554,False,1.01875314161286
2026-09-18,26,charge,21.75,2283.3863382762743,False,0.9525326325819681
2026-09-18,27,charge,21.75,2035.51082625,False,1.0685278466472121
2026-09-18,28,charge,21.75,1822.1772229020469,False,1.1936270372955482
2026-09-18,29,charge,21.75,1748.742223611111,False,1.243751063269163
2026-09-18,30,charge,21.75,1775.8583333333331,False,1.2247598579090864
2026-09-18,31,charge,21.75,1779.7572228787878,False,1.2220767934189924
2026-09-18,32,charge,21.75,1955.79,False,1.1120825855536638
2026-09-18,33,charge,20.25,2033.671109861111,False,0.9957362280365466
2026-09-18,34,charge,21.53,1901.3333333333333,False,1.1323632538569426
2026-09-18,35,discharge,21.75,1655.1921215727186,False,1.3140468539285783
2026-09-18,36,discharge,21.75,1831.81096124552,False,1.1873495933887919
2026-09-18,37,discharge,21.75,2254.3566865098214,False,0.9647985223524318
2026-09-18,38,discharge,21.75,2544.7508649335514,False,0.8547005641971925
2026-09-18,39,discharge,21.75,2394.2995891413307,False,0.9084076236174028
2026-09-18,40,discharge,21.75,2430.336177508723,False,0.8949379185185559
2026-09-18,41,discharge,21.75,2283.597644964286,False,0.9524444924858976
2026-09-18,42,discharge,21.75,2088.281350374212,False,1.0415263247982598
2026-09-18,43,charge,13.245,3352.5333333333333,False,0.39507437161947184
2026-09-18,44,discharge,21.75,1733.7508771152573,False,1.2545054936721507
2026-09-18,45,discharge,20.865000000000002,2210.8354321659936,False,0.9437608831679616
2026-09-18,46,discharge,21.75,2178.1227597645266,False,0.9985663068114379
2026-09-18,47,charge,21.75,3413.0698923164637,False,0.6372562146753518
2026-09-19,1,charge,21.75,3359.195644654077,False,0.6474764289068304
2026-09-19,2,charge,21.75,3324.8009236764856,False,0.6541745054602959
2026-09-19,3,charge,21.75,3177.574774871557,False,0.6844842856885774
2026-09-19,4,charge,21.75,3067.509675925926,False,0.7090442182039662
2026-09-19,5,charge,21.75,3034.8608370436436,False,0.7166720705779505
2026-09-19,6,charge,21.75,2930.499354103836,False,0.7421943284014569
2026-09-19,7,charge,21.75,2935.4448699216136,False,0.7409439101672108
2026-09-19,8,charge,20.0,2793.2224341168617,False,0.7160188804055427
2026-09-19,9,charge,21.75,2725.1204036517797,False,0.7981298723848699
2026-09-19,10,charge,21.75,2695.644770423595,False,0.8068570547068853
2026-09-19,11,charge,20.25,2496.286898611111,False,0.811204834318793
2026-09-19,14,charge,21.75,2798.780025966523,False,0.7771243112430357
2026-09-19,15,discharge,21.75,2270.9960344708948,False,0.9577295455325353
2026-09-19,16,discharge,21.75,2258.2020717985283,False,0.963155612671871
2026-09-19,17,discharge,21.75,1978.27941003268,False,1.0994402453817533
2026-09-19,18,discharge,21.75,1903.5739815727125,False,1.14258758580165
2026-09-19,19,discharge,1.47,1875.699256388889,False,0.07837077265947505
2026-09-19,24,charge,21.75,2492.89373125,False,0.8724800310318082
2026-09-19,25,charge,21.75,2510.5418961111113,False,0.8663468247110818
2026-09-19,26,charge,21.75,2513.8085666452957,False,0.8652210151795928
2026-09-19,27,charge,21.75,2686.6002242609716,False,0.809573370968618
2026-09-19,28,charge,21.75,2497.651666666666,False,0.8708179883637365
2026-09-19,29,charge,21.75,2476.2583264596133,False,0.8783413171232695
2026-09-19,30,charge,21.75,2392.9083402582073,False,0.9089357763554397
2026-09-19,31,charge,21.75,2553.226949353861,False,0.8518631689009949
2026-09-19,32,discharge,21.75,2744.823950551645,False,0.7924005470598128
2026-09-19,33,charge,21.75,3137.491598955882,False,0.6932289478396731
2026-09-19,34,discharge,21.75,2401.10413909151,False,0.9058332642010855
2026-09-19,35,discharge,21.75,2756.135820757253,False,0.7891483371826049
2026-09-19,36,discharge,21.75,2998.414317187136,False,0.725383409334973
2026-09-19,37,discharge,21.75,3264.884960258244,False,0.6661796744679063
2026-09-19,38,discharge,21.75,3752.655836111111,False,0.5795895213918576
2026-09-19,39,discharge,21.75,3692.1260937270936,False,0.5890914732558338
2026-09-19,40,discharge,21.75,3653.687109051984,False,0.5952890696664892
2026-09-19,41,discharge,20.25,3320.4240957924485,False,0.6098618554678076
2026-09-19,41,charge,1.5,3889.012580274151,False,0.03857020179385121
2026-09-19,42,discharge,21.75,3203.1572877777776,False,0.679017545688157
2026-09-19,43,discharge,21.75,3338.9971010618274,False,0.6513931980678668
2026-09-19,44,discharge,21.75,3084.408021728996,False,0.7051596237195563
2026-09-19,45,discharge,20.58,3170.3159347306396,False,0.649146659944746
2026-09-19,46,charge,21.75,3293.9016512905982,False,0.6603111538402501
2026-09-19,47,charge,21.75,3129.710396825396,False,0.694952479375152
2026-09-19,48,discharge,21.75,2300.7956662409056,False,0.9453251463888432
2026-09-20,2,charge,21.75,2990.19881275456,False,0.7273763840459819
2026-09-20,3,charge,21.75,3172.615525144909,False,0.6855542320718666
2026-09-20,4,charge,21.75,3223.3111118724537,False,0.674771973449538
2026-09-20,5,charge,21.75,3238.0019140476193,False,0.6717105356127389
2026-09-20,6,charge,21.75,3223.109324355961,False,0.674814218544885
2026-09-20,7,charge,21.75,3174.2030425640137,False,0.6852113651315477
2026-09-20,8,charge,21.75,3096.7075408249157,False,0.7023588670632466
2026-09-20,9,charge,21.75,3074.9460285329956,False,0.7073294880032921
2026-09-20,10,charge,21.75,3014.809722120737,False,0.7214385651078564
2026-09-20,11,discharge,21.75,2686.346680975647,False,0.8096497802770817
2026-09-20,12,discharge,21.75,2636.686360422078,False,0.8248990219875179
2026-09-20,13,discharge,21.75,2369.703463339327,False,0.9178363595481455
2026-09-20,14,discharge,10.41,2381.6020780528193,False,0.4371007271084992
2026-09-20,15,discharge,0.435,2464.8864845987623,False,0.017647871523414592
2026-09-20,16,discharge,1.5,2645.928767305055,False,0.05669086857269358
2026-09-20,17,discharge,21.75,2656.1058969647383,False,0.8188679534522619
2026-09-20,18,discharge,21.75,2556.7768037673695,False,0.8506804335815206
2026-09-20,19,charge,20.25,2670.5280094496156,False,0.7582770121993005
2026-09-20,20,charge,20.25,2669.4151616414306,False,0.7585931289739217
2026-09-20,21,charge,20.25,2645.957268361061,False,0.7653184819777193
2026-09-20,22,charge,21.53,2371.693056468251,False,0.9077903205594772
2026-09-20,23,charge,21.75,2399.4333332658234,False,0.9064640262539191
2026-09-20,24,charge,21.75,2402.6122560841104,False,0.9052646736868463
2026-09-20,25,charge,21.75,2305.9000020436483,False,0.9432325764657462
2026-09-20,26,charge,21.75,2248.2166666666667,False,0.967433447250784
2026-09-20,27,charge,21.75,2246.233333333333,False,0.9682876519209938
2026-09-20,28,charge,21.75,2346.87334375,False,0.9267649682895248
2026-09-20,29,charge,21.75,2632.2508883333335,False,0.8262890173729406
2026-09-20,30,charge,21.75,2826.8707413257575,False,0.7694019992509312
2026-09-20,31,charge,21.75,2445.063150341005,False,0.8895475765919011
2026-09-20,32,charge,21.75,2442.664988049919,False,0.8904209175800211
2026-09-20,33,charge,21.75,2370.2250003237505,False,0.9176344016719575
2026-09-20,34,discharge,21.465,1949.055812897816,False,1.1013024797933457
2026-09-20,35,charge,1.5,2099.141944444445,False,0.07145776892171944
2026-09-20,36,discharge,21.15,2099.2217138596575,False,1.00751625520838
2026-09-20,37,discharge,21.75,2241.071406283069,False,0.9705179379390451
2026-09-20,38,discharge,21.75,2235.0511957539684,False,0.9731320714854093
2026-09-20,39,discharge,20.25,2152.7629281250984,False,0.9406516498143292
2026-09-20,40,discharge,21.75,2004.6717745733629,False,1.0849656425490835
2026-09-20,41,discharge,21.75,1875.1520547025857,False,1.159905936452163
2026-09-20,42,discharge,21.75,1624.338095238095,False,1.3390069508165965
2026-09-20,43,discharge,21.75,1509.697776282051,False,1.440685701582204
2026-09-20,44,discharge,21.75,1039.4035042735045,False,2.0925463412981524
2026-09-20,45,discharge,21.75,825.0149180206023,False,2.636315965314079
2026-09-20,46,discharge,21.75,529.9794871794871,False,4.103932421187081
2026-09-20,47,discharge,20.25,301.4175926388889,False,6.7182541744537
2026-09-20,48,discharge,20.25,238.8842598611111,False,8.47690844586139
2026-09-21,2,charge,21.75,552.3766703418803,False,3.9375305236078053
2026-09-21,3,charge,21.75,389.97666833333335,False,5.577256735115534
2026-09-21,4,charge,21.75,554.2982699494908,False,3.923880188545766
2026-09-21,5,charge,21.75,597.3041665277777,False,3.6413608373830946
2026-09-21,6,charge,21.75,431.2269896825397,False,5.043747381399271
2026-09-21,7,charge,21.75,180.20664918650797,False,12.06947695780607
2026-09-21,8,charge,21.75,332.9333315277778,False,6.532839442717473
2026-09-21,9,charge,21.75,624.5402716666666,False,3.48256165162213
2026-09-21,10,charge,21.75,333.4253881227106,False,6.523198525001145
2026-09-21,15,discharge,21.75,344.13282302013045,False,6.320234091337376
2026-09-21,16,discharge,21.75,392.0652033152033,False,5.547546636653177
2026-09-21,17,discharge,21.75,350.0291245791246,False,6.2137686474381875
2026-09-21,18,discharge,21.75,301.53409090909093,False,7.21311475409836
2026-09-21,19,discharge,21.75,335.4583333333333,False,6.483666625263942
2026-09-21,24,charge,21.75,603.4254166666667,False,3.60442225323345
2026-09-21,25,charge,21.75,435.00895136847697,False,4.9998971128243594
2026-09-21,26,charge,1.075,240.67277791666663,False,0.4466645581214094
2026-09-21,29,charge,21.75,680.8995693253968,False,3.1943036799904094
2026-09-21,30,charge,21.75,626.8634674962891,False,3.4696550569249363
2026-09-21,31,charge,21.75,703.6818698168315,False,3.090885374901236
2026-09-21,32,charge,21.75,704.8416626388889,False,3.085799428848911
2026-09-21,33,charge,21.75,829.0657840476191,False,2.6234347645868765
2026-09-21,35,discharge,21.75,956.6002750993102,False,2.2736769543310036
2026-09-21,36,discharge,21.75,827.7516604774497,False,2.6275996821866276
2026-09-21,37,discharge,21.75,1191.031976010101,False,1.8261474450804787
2026-09-21,38,discharge,21.75,1362.471490971491,False,1.5963636776349333
2026-09-21,39,discharge,21.75,1172.0891917353067,False,1.855660827978338
2026-09-21,40,discharge,21.75,1185.0654591082427,False,1.8353416541535852
2026-09-21,41,discharge,21.75,1275.5951583254246,False,1.7050864342063636
2026-09-21,42,discharge,21.75,1236.464434265873,False,1.7590477653256271
