date,sp_1,sp_2,sp_3,sp_4,sp_5,sp_6,sp_7,sp_8,sp_9,sp_10,sp_11,sp_12,sp_13,sp_14,sp_15,sp_16,sp_17,sp_18,sp_19,sp_20,sp_21,sp_22,sp_23,sp_24,sp_25,sp_26,sp_27,sp_28,sp_29,sp_30,sp_31,sp_32,sp_33,sp_34,sp_35,sp_36,sp_37,sp_38,sp_39,sp_40,sp_41,sp_42,sp_43,sp_44,sp_45,sp_46,sp_47,sp_48
2024-09-03,-0.5642,-1.8014,-8.5803,-7.403,-2.4178,-1.1576,-5.2529,-2.5956,0.6549,-3.0655,8.7654,27.2231,28.6331,15.83,19.3838,9.6601,5.8065,6.0705,23.8527,13.6856,17.0649,22.7582,17.333,19.4547,20.6444,15.3276,18.5284,20.6306,21.2504,18.1806,15.2529,17.3411,24.4181,18.4493,18.0763,5.257,19.4867,15.9457,23.3599,23.2854,19.6321,15.4307,20.6589,27.3649,14.5999,20.8748,18.1615,21.3939
2024-09-04,19.6644,20.1007,10.0253,10.4026,17.095,15.7724,18.3426,22.2544,20.6874,22.2056,22.2108,34.7664,23.5077,17.0377,10.6829,15.3592,22.5246,27.7697,29.7595,33.1345,35.8127,31.4537,29.4556,27.4637,29.4999,25.7952,36.1227,30.634,23.4283,24.8651,25.3695,21.2277,26.7972,10.7244,10.4234,-5.0522,-2.4243,1.521,23.3925,24.8906,21.5588,25.0107,8.6311,7.0913,12.3814,14.1629,13.7962,8.9047
2024-09-05,6.5452,3.5118,-3.8837,0.8224,0.9416,3.8716,-3.5018,4.6244,4.4775,9.7461,8.948,26.0119,27.829,28.4523,-2.4081,-4.2433,-12.4992,-7.2169,-3.2484,-3.0764,-11.2138,-11.5213,-13.6188,-17.7278,-16.8698,-12.0876,-14.3728,-18.7588,-20.048,-14.8592,-15.2396,-10.3692,1.1973,-3.5741,-2.3178,-3.6063,0.0022,0.6656,-3.5197,-4.6882,-8.5685,-4.1669,-4.0034,-1.8495,-3.0816,-7.2568,-23.4698,-23.0702
2024-09-06,-21.7648,-22.594,-23.9159,-27.7264,-23.1772,-25.812,-19.5869,-19.1938,-23.3913,-16.237,-32.3179,-21.8608,-22.7476,-16.9274,-20.8439,-16.4392,-21.2852,-23.3704,-28.5724,-29.1529,-26.4121,-29.2929,-27.3012,-25.2313,-13.2735,-11.5971,-5.1951,-1.5428,-2.3708,-5.1344,-8.8245,-10.6159,-11.5813,-14.3733,2.5967,-7.0887,0.5013,0.8543,-1.4397,-1.3395,7.574,10.5716,-0.8866,4.864,6.5932,3.1837,-3.1191,5.6226
2024-09-07,6.093,6.4279,11.3494,10.7136,10.7895,13.9038,13.724,10.9519,9.785,10.647,13.2806,8.836,17.7868,14.5951,9.2505,12.7474,14.7046,5.4379,-3.904,-3.3831,-2.427,-8.6053,-14.0988,-14.7859,-13.4249,-14.513,-18.4126,-21.2889,-19.1396,-17.7765,-18.6934,-18.7841,-4.6952,-11.4733,-11.5776,-15.9758,-8.9905,-20.1594,-19.1207,-13.4544,5.0663,1.1774,2.4262,4.0841,4.4509,2.9786,7.6046,10.5135
2024-09-08,-0.2073,-0.6314,3.2079,0.2334,-7.19,-3.8876,-1.3094,-0.3708,-2.1072,-5.0934,-2.6825,-2.5691,-4.0161,-7.0432,-15.5085,-11.7381,-14.1772,-12.9738,-16.0155,-13.8329,-14.7865,-14.8662,-14.3788,-13.16,-8.1142,-8.0069,-10.665,-5.1165,-3.9403,-7.0344,-7.8296,-7.3507,2.0207,-1.094,-1.2336,-7.3429,2.592,5.7169,12.4907,10.5097,3.0195,0.1703,1.5905,-0.044,3.5405,-7.6937,-12.4119,-7.3459
2024-09-09,-18.6414,-15.7777,-18.4602,-22.6944,-31.5874,-25.422,-29.738,-31.7643,-32.6561,-28.1544,-16.9127,5.683,-18.6688,-20.0724,-31.168,-26.3269,-37.3422,-37.0538,-41.7297,-32.0039,-38.091,-36.0411,-27.3441,-27.314,-19.2152,-18.2901,-8.2323,-0.8711,-12.1142,-15.4322,-14.269,-20.9309,-14.4448,-19.039,-5.5242,-5.8123,13.0507,14.1677,18.5794,23.704,24.2689,26.2546,12.9101,10.8277,-6.5443,1.9442,-20.7097,-25.9654
2024-09-10,-35.7958,-30.0815,-42.6395,-22.2418,-18.6925,-13.1268,-22.6883,-18.995,-38.6105,-32.7188,-48.2752,-30.8772,-32.5455,-34.4205,-53.7308,-60.5206,-56.3981,-53.0838,-50.9489,-39.2046,-12.2537,-5.5121,-6.4147,-1.4511,-3.8242,-9.8703,-9.8597,-16.1845,-23.7589,-21.5468,-16.1937,-30.8045,-27.5599,-33.6934,-29.1779,-24.7474,-15.3693,-17.8614,-10.9502,-13.0273,-20.2293,-17.4525,-9.4725,17.4112,11.6397,31.6311,21.3156,42.4177
2024-09-11,40.1297,40.102,28.0741,27.4713,25.6647,22.3125,19.543,20.2821,23.1571,27.0061,33.1791,41.2257,-2.5164,-18.3898,-16.3102,-23.817,-26.3966,-20.0763,-9.7604,10.7588,-18.2274,-11.7085,-20.0025,-29.1756,-22.77,-18.9,-16.5478,-18.0738,-29.2234,-29.6401,-30.3694,-10.8927,-37.6094,-29.2031,-17.3309,-5.8257,-11.6009,-9.1316,5.5303,1.0753,-1.0978,4.0429,-11.5507,-18.4755,-16.6645,-25.481,-36.9406,-27.5576
2024-09-12,-17.6691,-23.4851,-18.58,-14.7749,-16.4428,-24.5933,-26.6097,-22.3802,-29.5043,-23.0358,-23.4938,-14.7797,-26.6607,-28.9645,-34.4939,-30.257,-13.8714,-5.4726,-5.6766,-11.278,-9.5012,-20.0825,-25.4581,-26.0655,-22.5414,-15.1184,-10.8843,-15.0917,-11.7714,0.9666,2.1942,1.2564,13.2331,18.9088,23.791,25.4956,11.999,13.0091,14.1306,9.0708,2.8434,2.2658,7.4679,5.7123,2.3637,9.2942,7.5284,1.8798
2024-09-13,9.0031,13.6636,9.831,16.7417,16.1723,16.8164,17.1758,15.7744,12.9132,11.416,2.2166,7.7169,6.5978,1.5637,-4.283,-1.5108,9.4479,11.0229,17.6993,17.6947,18.8687,17.9676,38.9133,23.0509,26.6887,20.3069,29.6933,22.5893,26.6529,18.1593,26.2784,26.3707,25.284,24.6532,39.7692,34.6417,39.3065,41.8758,28.4501,25.6193,24.5862,24.1675,27.5379,24.4037,21.0911,27.0095,13.6482,17.6909
2024-09-14,8.2301,11.48,16.3379,15.9372,16.1855,18.7881,15.8238,16.2973,15.6255,16.749,14.0196,18.3867,23.3291,25.111,12.1945,15.5912,11.0525,14.52,33.1512,44.1211,49.4033,53.144,49.7948,56.267,47.4625,47.1479,29.9464,25.7781,31.2517,30.9689,26.5906,22.9043,28.7102,17.4293,22.7663,4.892,24.9861,20.6033,16.0217,7.9991,9.6658,9.7428,7.894,5.8342,4.1938,2.6682,-9.4106,-10.5145
2024-09-15,-2.6951,-9.8235,-2.3619,-14.0638,-10.8324,-10.0525,-4.5088,-12.6161,-18.2432,-24.6354,-16.233,-7.2171,-11.0291,-16.3341,-23.1614,-25.6419,-33.7259,-35.5055,-39.375,-39.6944,-44.1836,-50.0178,-55.2603,-57.2581,-65.0957,-65.196,-66.034,-67.5267,-55.478,-56.0502,-48.766,-40.9309,-25.2556,-13.2085,-8.116,-4.2117,5.2464,4.6536,7.3971,2.3626,11.9218,6.0508,-0.8139,2.9335,2.6639,6.6855,5.8532,11.7721
2024-09-16,4.5025,0.0946,1.1067,0.3558,0.2044,2.5421,3.0928,2.4068,4.5719,3.2428,6.7696,8.7482,8.7049,-3.197,-16.6515,-19.2485,-23.2992,-23.1712,-3.3411,1.5721,8.108,10.0391,14.7643,16.596,17.3697,16.0769,13.4852,10.5758,6.4574,4.3889,6.0872,9.388,14.9656,0.6353,-4.1114,-7.1582,0.0312,4.7727,0.7953,-2.4605,4.3331,7.3762,14.3268,12.2016,11.305,11.9323,10.5111,13.2376
2024-09-17,5.289,8.8922,8.6057,8.482,11.6292,8.8186,12.5657,10.3742,2.7161,1.9386,-3.4742,11.9767,13.054,16.5302,-0.6906,1.4996,20.024,25.5351,23.2114,20.792,27.7932,24.0621,18.3782,15.9384,18.0552,18.3938,15.8651,14.5869,18.7913,19.5809,19.8238,19.51,25.1301,19.9555,6.8629,7.2775,2.2478,2.7157,9.6592,6.4689,-2.5057,10.7864,13.0398,8.5664,7.46,13.788,5.8507,12.7363
2024-09-18,8.2225,7.6273,8.3262,7.2182,2.4193,5.4993,9.6014,5.3521,8.3228,10.1658,4.1219,13.3126,11.3194,6.889,12.8933,8.4088,-2.0735,0.9642,6.6595,2.2182,-6.3705,-9.9735,-1.0125,1.8628,3.6272,2.5287,4.066,1.1447,5.0941,9.2153,10.3147,12.0933,10.1661,3.1544,6.9253,2.3301,1.8805,5.2878,2.396,-0.277,2.5319,6.3609,11.0075,9.4047,4.6274,4.1587,2.4964,6.4009
2024-09-19,3.1311,4.7919,1.0206,-0.9076,-3.903,-2.1654,-2.0545,-3.93,-6.6897,-5.3741,-6.8261,4.614,-1.0349,-4.6233,-4.4586,-3.0013,-1.0085,2.6393,0.4684,3.4279,7.3333,2.2451,0.0812,8.9823,13.9695,5.8372,10.702,13.0133,7.3277,-1.5163,-0.908,4.8467,6.2449,-8.9965,-10.4245,-1.7185,-0.4004,3.6399,9.1553,10.5606,3.9887,6.2068,8.5266,3.3295,3.1988,4.2419,9.5467,14.1104
2024-09-20,11.7868,10.3977,6.9459,4.9984,9.7492,5.7336,3.5783,4.6109,1.8091,3.0978,-1.1769,11.6108,17.6787,21.4315,30.1419,32.7371,20.1642,15.9971,12.6384,14.4952,17.3071,14.9985,7.1902,1.1448,-0.4765,4.356,0.7672,0.4086,0.2341,-2.5638,1.7373,9.9199,12.3523,10.3873,8.423,9.7351,9.1504,12.2446,13.0277,10.0192,9.819,8.2599,11.7259,2.8361,0.9405,1.2851,-10.3177,-8.1986
2024-09-21,-5.9247,-6.6945,-6.8626,-11.7275,-12.8414,-14.0946,-21.1873,-20.8637,-18.4457,-18.6308,-23.644,-17.4075,-13.9596,-4.1984,-3.6481,-7.378,-20.8464,-18.6881,-22.2104,-24.0029,-26.6835,-28.3348,-26.4369,-27.8487,-24.7638,-27.1863,-29.3691,-31.2901,-32.0646,-29.3616,-30.0634,-25.445,-21.7289,-16.7836,-20.9106,-19.8874,-12.1916,-11.283,-8.2183,-5.8536,-4.9682,5.5411,4.3594,3.0536,-0.8702,-9.1625,-9.4431,-5.4565
2024-09-22,-4.2503,-8.1956,-11.2644,-11.8152,-11.2987,-15.0295,-18.0127,-15.2121,-19.2483,-17.6308,-26.6903,-21.2937,-20.3365,-12.5097,-12.6992,-18.7557,-11.1051,-3.8096,-1.4034,-0.4548,-4.0026,-2.3264,-12.7197,-14.9951,-15.137,-18.7267,-20.1288,-17.2407,-7.4558,-6.3445,-7.8076,-6.6643,-12.6371,-13.6081,-5.7968,-5.7216,1.1906,0.2848,-2.1121,-1.1469,-6.3141,3.877,9.8746,7.0166,5.9257,5.9055,3.1307,14.4086
2024-09-23,7.6488,7.5049,8.8772,12.0182,13.7728,10.2456,11.6811,12.4675,15.742,16.7866,15.219,16.8806,30.7519,46.8451,35.2356,29.6198,28.3654,22.2331,23.0799,24.0284,25.6147,29.2339,28.2506,20.7144,21.3032,23.866,22.9456,28.8847,31.2173,35.8606,33.9446,35.3075,23.6237,11.0652,28.7232,20.5492,27.3128,25.9203,16.5635,14.8162,27.4667,18.4218,12.5262,14.0463,16.7092,17.2255,11.6015,-0.7871
2024-09-24,5.1494,3.7708,-8.5462,-8.052,-5.2615,3.3125,-1.529,-1.3706,-8.9194,-7.3781,-10.0596,9.9455,23.6967,20.1786,14.4901,13.4738,5.7693,8.3513,6.6576,11.1355,10.5302,17.6776,21.3401,18.1729,22.7488,21.6009,18.4049,15.2808,17.2471,20.8189,19.1882,19.1338,20.4465,11.7802,25.2696,23.6104,32.1446,35.3848,25.0368,23.3247,12.8698,7.0987,13.8541,12.7143,7.9225,9.0577,1.1597,10.5483
2024-09-25,3.9192,6.0879,3.6901,4.1861,6.4259,8.963,12.1052,9.6946,5.3672,5.1895,14.8479,14.3781,27.5386,43.881,51.8146,51.8265,28.2153,24.1893,27.3569,28.625,37.292,40.2,43.1041,43.8979,40.6591,44.4635,42.5139,42.9378,40.8052,40.0261,38.4972,39.0258,35.7144,28.8283,24.9631,24.8011,26.2813,25.136,24.0094,22.0352,12.5715,12.3187,6.173,-2.291,-0.3257,-7.2005,-28.7225,-35.5965
2024-09-26,-37.5476,-35.1526,-32.8669,-34.5334,-37.6068,-36.7706,-37.3526,-35.5554,-32.8656,-34.3397,-36.2765,-31.5471,-26.9403,-11.4408,-13.4296,-12.6407,-23.5262,-24.6159,-32.477,-30.7285,-26.6066,-25.558,-26.3965,-27.2133,-28.2076,-35.2438,-29.9764,-27.1163,-19.0382,-16.4297,-16.2583,-17.3737,-13.4687,-9.6417,-0.5884,-1.5571,0.4681,1.1019,-2.5312,2.3765,-0.8494,4.1062,-1.0046,-10.4932,-10.2357,-9.7775,31.4745,40.4571
2024-09-27,40.8982,43.0393,28.773,33.6535,22.246,27.7515,25.3891,22.5845,26.7229,30.2173,31.4461,25.0344,43.9221,5.9455,-14.2114,-25.565,-44.9086,-45.0528,-48.3842,-49.5761,-53.7566,-53.6656,-55.8762,-47.397,-52.4643,-47.1436,-38.7711,-40.3666,-40.777,-41.7646,-34.2542,-35.8747,-34.5506,-26.1426,-3.075,-7.0666,-5.5574,-5.3959,-13.8386,-14.7972,-16.9271,-15.4041,-0.5641,-4.5103,-14.7537,-14.9459,4.8083,6.827
2024-09-28,19.4949,16.6327,22.3471,20.6149,26.6701,34.1952,40.3667,38.3908,34.5589,25.4723,46.9173,34.8722,16.1365,19.2109,4.1752,0.1436,-1.1114,-2.6658,-10.6532,-11.5352,-11.4998,-13.47,-21.603,-22.5482,-23.8769,-25.9818,-26.2337,-26.5697,-22.0943,-19.6826,-13.8487,-26.5874,-22.3541,-25.2633,-13.9823,-11.6719,-17.1015,-16.0513,-20.1064,-19.8643,-20.8463,-20.7362,-11.9451,-7.2732,-11.2979,-5.0923,2.6215,2.5383
2024-09-29,9.162,3.3797,10.9186,9.4728,5.46,9.4136,6.4466,7.3786,3.4117,2.344,6.1538,4.0088,4.6953,4.3109,-3.1217,-6.4154,-29.9115,-16.6999,-25.5316,-27.2985,-25.2009,-27.8537,-24.3618,-20.5624,-27.7178,-25.7461,-30.0469,-31.8092,-29.745,-28.4552,-31.5406,-29.7775,-24.8948,-20.6674,-30.9091,-24.3981,-21.8419,-20.7625,-4.2469,-2.8745,2.4774,10.5776,22.258,25.2105,13.0673,27.0846,22.1479,24.5238
2024-09-30,24.1052,14.447,21.4338,14.3895,21.8139,11.7858,-1.0042,-1.2679,13.3414,12.3911,10.7607,-1.4871,2.1319,-6.2106,-9.7099,1.22,-12.1101,4.4823,5.4533,0.0725,-0.4849,-1.7937,-4.4458,-5.4141,-6.8643,-9.6768,-4.5858,-2.3312,4.5405,7.6206,13.7144,16.5773,31.1886,27.1557,30.9758,31.3668,28.8419,19.6827,10.1691,10.9375,6.6733,10.1307,5.347,-0.6125,-2.6699,-3.6586,2.3838,5.4486
2024-10-01,8.2953,10.695,5.8083,3.6235,12.9816,17.8146,6.8594,10.6158,10.3002,8.7048,-33.3667,-27.8542,-35.4163,-20.3452,-27.4116,-27.0549,-30.6491,-32.7232,-34.8996,-33.3835,-35.7047,-27.3607,-22.1108,-24.0626,-22.5668,-24.3898,-18.8217,-22.6243,-16.1916,-16.2512,-16.6702,-13.0034,-5.5405,1.44,5.0507,3.6755,2.1202,-0.3988,-3.8493,-0.9531,-0.4761,2.923,-1.3818,-3.0094,-7.441,-10.6572,-17.3613,-15.7852
2024-10-02,-14.5974,-17.4024,-11.6652,-10.7731,-15.7138,-15.5585,-17.8759,-23.3873,-17.4448,-10.0688,-20.79,-10.9939,-9.4051,4.7855,-3.4562,-5.7832,-6.8038,-10.0787,-18.9633,-8.8802,-7.1241,-0.8582,-2.7338,-5.5718,-4.632,-5.7068,-7.2242,-4.2923,-0.1671,-2.1551,-8.2586,-4.7486,0.4964,0.8493,7.0989,0.0834,2.1185,1.2199,3.7936,9.4135,9.616,15.1043,10.267,1.005,2.8337,1.4121,-1.7918,-7.0527
2024-10-03,-5.6909,-3.3447,2.123,-3.5585,-20.7327,-7.1688,2.4592,0.9332,4.4991,0.4493,15.8813,15.8477,16.4574,29.0925,17.8935,22.076,9.2207,4.9051,9.0911,25.0926,34.9012,32.5363,18.7849,15.3143,19.9287,21.969,22.6401,22.4163,21.6862,21.7018,21.7619,16.9509,21.7446,20.7479,29.6612,25.5871,17.2303,13.62,3.594,10.4071,21.1756,19.2283,9.8533,13.9658,8.1599,10.5717,7.9118,7.8499
2024-10-04,14.7675,19.8321,7.8012,9.3444,7.6981,5.0909,12.8452,12.2518,-6.4981,-1.6713,-6.5648,-7.7343,-2.4595,-3.5613,-19.3632,-12.4649,2.1008,-3.8893,1.9196,-10.855,-7.5702,3.1535,-3.4361,0.3127,0.5912,-3.4543,-5.0733,0.2114,3.0247,-0.7691,-11.0424,-13.5608,-9.1843,-2.7233,-5.7317,-10.5878,-6.7729,-4.7762,-5.1859,-0.3313,2.6016,4.6489,-0.2041,-3.8667,-5.6286,-13.7743,-21.1859,-27.6782
2024-10-05,-21.3012,-27.5572,-21.1086,-19.604,-16.4763,-17.5692,-11.5311,-7.9603,-22.9783,-17.0175,-8.9157,-11.3313,-9.6061,-11.5244,-18.3438,-18.9335,-26.4023,-28.6432,-36.904,-41.1792,-47.6344,-53.0545,-50.6939,-36.2398,-33.3776,-31.4734,-38.4814,-41.8243,-37.4919,-38.8112,-52.0121,-52.2253,-33.6801,-18.843,-36.5654,-30.0985,-19.0304,-18.6397,4.3524,12.0532,2.2954,9.7496,15.0201,14.7811,11.977,7.2809,-16.7787,-0.8105
2024-10-06,-17.1611,-25.3335,-26.7655,-36.9557,-27.758,-28.2023,-34.8263,-34.0413,-32.7948,-34.6083,-32.906,-24.2689,-18.6011,-22.5112,-30.5044,-38.104,-34.7039,-43.4858,-52.5904,-48.7316,-51.354,-50.6329,-46.7997,-43.7286,-40.8173,-39.5776,-37.3725,-42.0571,-36.1354,-37.1577,-31.0687,-33.8889,-27.1096,-29.5852,-18.5981,-16.8935,-10.0864,-14.1885,-11.7185,-9.6172,-11.2778,-1.4047,1.6403,-6.2152,-12.5152,-15.7771,-19.5723,-8.9231
2024-10-07,-5.4655,-2.2579,1.811,3.0143,10.4168,17.5279,36.0921,31.2252,21.0537,15.5918,23.0334,14.1597,9.8225,19.7618,22.7931,20.2287,3.1555,2.9025,7.7276,10.9737,16.2388,14.082,6.5189,10.8825,13.9237,12.7641,17.1978,15.549,16.7015,16.9718,18.706,19.7534,13.7512,-3.401,-12.3159,-12.6623,-12.2224,-19.0461,-0.7404,8.0842,19.252,15.3021,12.4043,5.7901,11.0344,15.7312,4.2183,3.5004
2024-10-08,10.334,13.0301,10.7932,11.3124,13.7175,14.7372,11.3177,12.666,8.35,7.4719,15.582,10.6068,6.7062,11.5136,24.7935,27.8164,14.6841,14.6116,9.6289,5.602,5.7028,0.8669,5.7429,7.0994,7.3123,13.6931,18.7616,20.1073,18.144,17.3441,14.8176,16.0462,13.1074,12.168,8.9849,10.7318,11.752,12.8211,22.6867,18.7631,17.0768,12.3834,12.7435,9.1786,12.3811,14.7647,7.2886,6.5849
2024-10-09,10.3958,16.6905,19.6167,15.4387,5.3769,8.9457,12.7383,13.2723,6.7926,6.2647,9.7478,12.3762,-0.5889,5.1595,7.6542,7.6114,1.2879,1.3272,-0.4642,-2.5241,-5.3339,-7.2429,-5.2493,-5.4286,-8.2954,-9.2947,-16.0366,-14.3058,-14.4531,-14.3924,-19.6377,-18.1604,-21.3959,-17.3889,-15.4147,-10.1985,-5.4996,-2.8184,12.6551,12.4702,8.7563,1.6876,0.8168,3.4719,8.5966,5.623,-28.7517,-35.8613
2024-10-10,-10.4134,-12.5447,-6.1675,-8.5047,1.4709,-3.7851,5.5713,0.8205,-9.4502,-4.8782,-1.7521,-17.3082,-17.2038,2.2873,-9.2283,-4.1967,-16.1183,-16.2541,-19.5072,-24.0875,-25.7831,-30.6966,-34.572,-38.0354,-33.2304,-23.9088,-8.9353,-6.8822,-8.7499,-7.6687,-11.2718,-12.0922,-3.7944,-10.8009,-3.5058,-5.2377,-10.4473,-11.1127,-11.3003,-2.0112,-2.8047,-5.2497,-10.4076,-7.174,0.7864,-0.3115,-6.2081,-13.3793
2024-10-11,-1.6354,-1.1286,-0.1759,2.8858,6.7111,5.8739,-3.4907,-1.904,-0.7539,10.7474,5.9073,24.9835,9.3094,13.1337,6.5395,3.4526,23.7441,14.6476,13.7186,17.401,16.6212,10.3286,2.1582,4.0548,1.7072,6.5982,9.3908,5.7772,0.2942,-2.2636,0.9329,-4.1237,-5.6781,-11.369,-18.0144,-13.4238,-12.656,-14.7713,-10.9715,-5.8298,-0.6177,2.9679,-2.6658,-6.5497,-7.8968,-5.5991,-2.2905,-8.9572
2024-10-12,-12.5953,-15.641,-17.1976,-15.0249,-19.6001,-17.2468,-14.2972,-13.4367,-14.9293,-12.5528,-1.2898,1.7598,5.1994,8.3262,-4.5668,-5.1546,-14.1278,-18.3461,-22.6101,-23.9375,-30.3508,-30.7398,-34.7919,-35.4355,-36.6567,-37.0091,-38.6802,-37.6023,-35.6089,-32.4148,-31.2276,-23.4635,-21.5468,-20.0635,-4.4348,-0.6737,0.5107,2.1621,10.2851,16.0481,27.3342,43.5774,47.9969,54.7987,50.6518,45.4364,24.5371,34.3183
2024-10-13,39.8165,32.5032,23.0273,21.453,25.9552,14.8966,8.8792,12.8597,19.6041,13.7225,37.89,37.9135,54.7148,40.7165,17.2307,17.4785,-14.1529,-18.5676,-13.7363,-10.4033,-10.1972,-13.622,-18.2712,-18.9134,-11.6614,-2.9579,5.3703,3.869,2.1535,-1.5791,-20.3535,-17.7785,-16.2199,-22.0903,-26.2393,-30.0944,-38.1646,-46.9717,-39.4264,-24.0231,-25.0781,-20.5374,0.9798,8.8089,-8.3514,3.5505,-0.8683,10.1962
2024-10-14,9.3676,9.8149,10.3937,14.1352,9.8127,7.3223,7.1207,1.055,-0.6469,0.5844,9.671,9.9276,19.0267,20.6558,14.3634,10.3692,12.8062,7.4078,0.8551,0.3781,4.6017,1.504,2.343,6.0998,2.8798,2.9508,5.0962,5.9571,3.9811,4.1279,-60.5129,-64.0922,-134.9742,-181.9052,-443.6815,-471.9733,-469.9922,-478.4765,-90.3732,-49.7236,-29.2623,-28.617,-11.6131,-4.5651,-7.3211,-5.6069,-6.3287,-2.7205
2024-10-15,4.9196,8.6871,6.1907,6.8402,4.3842,8.7419,6.079,5.383,-2.912,-2.5323,4.2252,2.9266,-1.4663,-3.7912,4.3964,3.3484,-2.3072,-0.2612,19.7691,12.7185,-2.285,5.1422,-4.1635,-5.4639,-8.252,-5.2056,-6.8667,-6.5888,-1.9838,-0.3262,0.0837,2.0642,-3.9928,1.7991,22.7356,28.8341,36.2129,39.8299,5.5924,5.761,-2.8633,-14.7109,-15.2733,-7.2853,-12.3664,-7.8353,2.1364,11.9211
2024-10-16,12.8544,-28.6039,-23.3038,-23.8167,-0.296,14.8919,9.8747,8.5184,0.3409,1.8462,-2.2709,-17.7644,13.5753,-7.3607,-10.7634,-11.7603,-15.7696,-13.7747,-16.3352,-14.5569,-15.8398,-15.0125,-17.786,-19.1592,-17.7975,-20.1204,-19.1201,-17.133,-11.7804,-9.3318,9.0995,7.5155,17.7229,21.7046,38.7656,42.2976,38.4453,45.4353,12.122,8.3543,-2.2947,-2.1262,-7.0499,-13.0419,-14.8952,-13.3171,-18.8838,-23.8716
2024-10-17,-18.4685,-16.5188,-16.8296,-15.5574,-12.4333,-12.5855,-11.0143,-17.5378,-11.6923,-23.0767,-20.0142,-27.0336,-7.5375,1.0203,-1.615,-0.6585,-8.7396,-9.4718,-11.0713,-8.6367,-4.19,1.4568,2.7394,2.0715,5.9336,11.6251,14.3255,8.928,8.3227,10.8188,17.4187,19.8653,30.9091,34.3437,37.3106,38.2702,44.813,49.4117,22.828,21.5451,14.583,9.7553,9.4587,8.3762,7.0699,12.0937,3.6796,0.9015
2024-10-18,-2.986,2.4721,8.5727,15.1115,13.7218,11.576,3.5052,6.1185,5.676,6.4114,8.0788,9.7762,13.9648,15.1034,13.9318,18.0561,9.5813,9.9194,14.1705,16.1245,2.7291,5.7656,-7.8803,-10.1571,-7.288,-10.3192,-11.0544,-11.8585,-10.5343,-7.643,-9.041,-3.2542,-1.3546,5.5313,14.0522,12.1621,9.336,12.3258,12.9311,8.0785,8.0897,-1.5305,-8.9219,-12.4671,-16.1408,-29.2006,-36.0857,-46.8754
2024-10-19,-40.2871,-27.8024,-14.2706,-18.7203,-3.6859,-12.5848,-16.002,-18.6501,-21.3053,-24.0651,-22.7506,-22.8003,-21.097,-12.2523,-23.7873,-21.9179,-25.3057,-21.7085,-23.3864,-29.2211,-30.4435,-31.0081,-21.4414,-17.719,-11.9158,-11.3659,-16.0007,-15.4956,-7.9218,-7.5158,-0.7471,0.685,8.1911,-6.9744,7.6403,3.1733,8.6758,6.6091,-19.2489,-12.9913,-11.7505,-4.4586,0.3842,-4.27,-10.0718,4.5238,7.2242,12.9844
2024-10-20,6.1204,0.1355,-9.2035,-3.7047,3.4987,27.7849,3.5814,16.5846,-6.9614,18.5334,-3.2615,21.7164,6.1737,29.1297,19.4269,23.1236,15.7218,6.3823,29.1302,22.8722,31.8758,27.9828,38.8635,27.1679,22.023,14.5585,23.4701,29.9362,37.1349,38.5629,38.1375,36.1926,18.6515,18.3368,31.4965,16.8137,28.9133,12.8238,32.7436,48.8215,48.8178,62.5849,50.1791,57.0249,47.2901,41.2952,28.0623,21.1836
2024-10-21,0.6456,-1.1714,2.6475,4.6074,-1.8481,-7.2358,-6.7785,-11.2985,-4.6908,-5.7081,6.834,17.8389,13.2384,-4.7889,-26.6868,-28.9298,-21.7114,-22.1792,-8.7931,-9.3363,-12.0583,-13.771,-12.6646,-12.7094,-19.1275,-16.0322,-14.1023,-12.5298,-8.1252,-10.2808,-16.1221,-11.2476,-5.294,-2.2358,-10.4185,-4.0686,0.6379,3.0129,-1.5328,-3.6042,-7.8837,1.9077,-18.2139,-22.2798,-9.7365,-28.3308,-21.7586,-30.4635
2024-10-22,-21.0903,-6.7117,-4.793,-2.0166,-9.7221,-20.7562,-10.0042,-6.7991,-13.9023,-16.4964,-7.0325,6.6484,-0.7856,3.69,6.0004,3.017,21.0424,14.44,8.7313,11.576,15.7857,5.5654,4.6235,4.4718,3.5324,3.574,4.429,2.7428,4.6607,6.5704,8.5454,11.0483,22.245,26.6993,43.9895,44.1768,40.8743,38.2836,-1.6338,-0.7162,-7.0486,-2.4691,3.8165,-5.7058,-10.2168,-7.3408,-5.7972,-14.886
2024-10-23,-15.2745,-14.1013,-9.0618,-8.9275,-15.7491,-17.7748,-23.298,-24.054,-27.2039,-24.9989,-18.5694,0.8735,-17.3551,-16.9491,-19.195,-16.6354,-1.9546,-1.0453,-3.3097,-4.9647,-0.78,0.1298,3.9118,1.4559,-3.5169,0.8315,1.7756,1.8874,3.2443,3.9184,0.894,2.4977,5.9199,3.9334,10.3892,16.6073,17.4198,24.635,3.4901,5.5221,-5.8347,-6.6482,-2.9977,-0.9124,-9.6798,-11.9581,-7.6225,-18.3996
2024-10-24,-31.0319,-29.6113,-23.2602,-15.1998,-26.7557,-20.7755,-10.6615,-12.6675,-19.7296,-26.4626,-14.519,-22.2646,-31.0155,-17.63,-33.1877,-31.0763,-27.5214,-31.8858,-35.7036,-32.5861,-29.2396,-26.1698,-28.26,-30.8514,-34.3888,-31.8951,-25.1621,-23.4695,-28.7622,-28.4631,-38.1195,-36.7201,-27.4223,-24.8874,-12.2978,-8.7572,5.6618,11.0136,-17.3983,-19.1915,-16.8356,-17.7775,-15.7058,-18.6141,-16.7387,-19.0694,-8.439,-16.7306
2024-10-25,-6.1664,-7.2705,4.6901,2.2503,1.9603,0.6446,4.665,3.2735,6.2467,7.924,-4.5346,-1.6313,-0.5571,-0.0021,-6.547,-1.2337,5.0514,10.7066,8.4239,10.6816,13.7962,18.3527,29.3818,31.2729,38.2388,38.6686,32.5789,30.4846,28.6215,30.3611,25.0947,14.9093,16.9011,8.4319,13.8488,9.2884,22.5776,21.4832,-5.7962,2.4832,4.6892,1.7249,-2.5992,-0.6368,1.6743,6.2016,1.6709,7.7555
2024-10-26,6.6334,6.1867,5.3477,1.9743,-0.0221,6.3643,1.0585,0.8649,-2.7902,-5.7662,-10.5626,-14.9224,2.9123,-4.1624,2.5318,-7.8097,-3.4499,-6.5151,-4.8339,0.6999,-4.2812,-7.6952,2.4513,-0.4208,4.8084,5.7258,-3.1281,-7.4578,-12.5491,-11.7851,-12.2088,-6.8769,-6.5865,-18.2955,-7.4887,-7.6994,2.1026,-1.8966,-9.6831,-4.7027,-10.2442,-12.6278,-18.7615,-21.6633,-21.7813,-17.733,-10.424,-24.0305
2024-10-27,-15.5363,-5.7409,-1.6058,8.7382,5.2419,4.5422,2.1322,-5.2727,-1.4211,-2.9492,-2.1783,-2.0921,-8.9857,-15.0743,-21.4291,-16.5431,-21.0801,-21.9637,-32.2122,-38.8463,-34.971,-32.8569,-26.6269,-20.4598,-10.4889,-0.1293,3.7229,12.041,-0.795,5.0626,4.193,6.9695,12.3898,13.8531,11.5888,8.2912,3.1187,11.5865,-12.7298,-1.1157,-5.773,-8.5728,-3.8178,-19.6109,-22.8313,-16.4817,-14.4127,-5.9157
2024-10-28,17.2916,13.8263,18.0176,19.7925,17.7592,18.3247,19.6484,19.4489,24.015,22.1321,31.1284,31.9987,22.2103,14.1785,23.7096,27.7882,27.3827,22.2806,17.1159,13.9139,18.6224,19.7872,21.8663,20.3018,22.8292,12.2272,16.4002,22.9834,19.1853,22.6952,22.1054,15.4405,28.1381,35.2825,67.0407,61.0789,50.6726,53.1167,16.4403,18.399,12.9941,10.7425,2.2246,6.0984,11.0991,13.9833,-1.4761,2.2523
2024-10-29,-0.8574,-10.4724,-6.6304,-6.6611,-5.4253,-2.5245,-10.1474,-5.9725,-10.7931,-4.8862,-6.9631,4.9358,15.666,23.8144,33.9818,30.8683,26.3337,23.349,24.0044,25.5046,27.0964,26.9063,25.5441,23.2369,22.2086,23.9005,11.3994,9.8301,4.7558,9.4669,18.2985,15.4769,24.3325,16.2658,41.0672,34.0874,42.1488,41.0721,17.413,19.424,12.1701,13.5719,8.2639,8.4589,6.1465,8.2493,12.1173,10.8554
2024-10-30,14.3229,20.2647,15.1393,19.0794,18.3641,18.0813,17.6804,16.9419,16.4732,15.5113,23.6552,18.2732,28.8599,29.8637,40.8321,37.7199,29.3242,20.1738,15.1012,10.3986,14.9367,11.567,4.3016,5.5831,10.4297,7.3404,3.2908,7.6557,12.9295,13.042,6.534,12.7605,33.4558,21.9682,51.5408,53.6616,43.8899,43.2933,17.5357,14.7581,7.031,1.4625,-0.7052,5.2584,-0.4653,-1.6159,7.0559,9.0101
2024-10-31,15.7169,19.8084,12.7662,18.8722,5.0063,9.4499,-1.7086,-1.6072,3.2218,3.3515,6.5519,8.5752,9.8409,7.759,16.6716,11.5362,4.9394,-0.6798,-11.0942,-11.5275,-12.9773,-9.8347,-10.9649,-8.8083,-2.1981,-2.6661,-1.8946,0.1716,-1.6134,4.4139,-1.1696,-5.9183,8.8207,15.8035,17.4393,17.8634,17.9243,24.7685,2.5284,1.4434,-4.4066,-12.6385,-14.7078,-15.343,-20.5479,-25.7643,-27.1903,-34.7389
2024-11-01,-21.1167,-21.8748,-18.4406,-13.7537,-16.9934,-20.3521,-16.2906,-20.074,-18.0365,-15.1636,-3.8507,-10.4654,-14.4193,-0.385,17.7567,25.6611,16.9811,16.2448,9.2624,2.1565,0.3449,-1.1951,-2.5614,-4.5407,0.3376,2.2737,5.7608,11.0386,17.4128,14.1121,20.7398,15.8663,27.9812,31.1494,48.9645,47.1749,40.4124,37.0373,14.2201,18.2521,12.0592,10.9134,10.4075,11.4938,14.4632,18.5916,15.9141,24.5892
2024-11-02,26.7334,21.4995,22.9188,24.6137,20.6135,19.6124,14.7694,13.7344,10.5997,11.5669,13.5185,11.0317,11.71,8.9067,10.1047,10.2894,9.9922,14.7901,20.2678,24.813,23.4164,20.2782,20.0821,18.7212,19.4875,17.0278,8.5662,8.3725,0.9293,4.693,-0.2673,0.7415,4.5285,6.1434,21.9492,21.0009,20.4418,19.4325,5.8373,9.4871,13.049,-0.0052,7.6739,6.1976,8.3173,6.955,10.2176,16.6945
2024-11-03,17.3595,15.7302,14.5433,13.284,11.809,11.2998,13.6119,10.9844,12.5608,11.5335,15.3851,9.5926,11.9655,7.8208,5.0272,5.2601,-1.4648,4.4368,2.7344,1.9353,0.0155,1.7758,-1.3173,-2.3029,-3.4498,-4.1056,-5.6518,-6.1562,-2.7852,-2.5176,11.8828,15.3388,16.5237,17.8195,35.6113,36.7878,37.445,39.4333,25.7864,31.278,18.5541,6.6734,9.4945,11.3938,11.2849,14.9469,13.5954,22.2788
2024-11-04,22.3067,20.1756,18.3899,17.2352,16.7953,16.8049,14.54,16.0094,17.2986,17.4373,25.4314,24.5198,35.8099,25.9853,31.4988,26.5788,23.7212,20.2124,32.5452,31.068,33.3695,34.2026,32.225,31.8013,36.0518,32.3966,27.3615,24.5084,10.8735,10.9355,-20.2354,-17.3445,-15.3753,-26.275,-4.4725,0.2147,19.9396,26.4584,18.5646,14.0602,7.1921,12.6512,5.2968,10.6537,6.3919,20.2557,21.5256,29.9152
2024-11-05,32.1378,28.2113,28.3913,28.0428,28.1256,28.125,26.4668,25.7039,24.1818,24.1445,35.4301,28.9522,27.718,15.2361,23.7023,14.7518,18.5169,19.3761,24.3139,19.5106,14.518,12.5331,7.2704,6.4049,9.6628,10.218,10.7418,12.9194,-0.8096,-0.5153,-6.6663,-6.5633,-27.5791,-29.1174,-17.245,-14.2651,-17.1506,-4.9742,0.7459,-4.0948,-9.3329,-9.2686,-3.7746,-3.3792,-4.5458,10.6454,12.5058,12.1144
2024-11-06,6.1723,13.7034,8.0221,12.8311,13.0429,13.9585,11.0603,13.1148,11.8627,11.3666,19.0233,13.0848,12.6719,4.4849,14.0732,5.7034,1.3977,8.108,-0.4898,4.5347,16.3431,11.8806,13.4458,10.8212,13.9708,17.4897,13.8598,15.3276,14.5538,8.7383,12.5118,5.0809,6.2367,2.7301,8.6248,14.8497,17.8671,19.1445,6.8794,4.5412,0.9674,1.9033,3.411,4.9201,6.6813,4.3876,12.0486,19.103
2024-11-07,15.2453,15.1419,16.3224,11.9192,10.7013,10.0478,10.6993,9.6486,5.8313,5.4265,8.2872,10.3381,13.1303,33.2038,23.6649,30.5156,24.3293,24.5499,25.5562,26.0371,22.1161,20.9088,19.1964,19.4295,23.659,25.5439,26.306,22.6961,24.4308,23.7973,31.6259,22.4043,24.2029,22.7399,15.9305,17.1811,14.1381,16.9558,-11.4997,-11.6933,-3.0264,-6.1335,-9.6125,-4.8412,-2.0044,-3.9535,-8.0601,-12.371
2024-11-08,1.369,-1.83,-3.818,-2.8849,-4.7787,-5.1125,-11.5596,-14.6969,-11.3748,-9.3759,-14.6712,-13.7851,-15.5558,-6.3251,-13.7655,-6.644,-9.2585,-8.0467,-10.1777,-12.9284,-14.4501,-16.5458,-21.5164,-20.5571,-21.2807,-16.2869,-16.8427,-31.8285,-30.4891,-22.353,-8.2658,-8.0206,-3.0472,-0.7617,16.0062,15.1565,14.8992,14.5409,7.8872,3.6634,-2.4189,-4.159,-9.1523,-1.2412,-0.2442,3.0924,4.6329,15.1944
2024-11-09,20.4256,19.6458,13.2324,14.4082,15.1283,12.8951,14.8193,14.5718,10.2095,5.2399,7.7688,4.2191,21.3489,4.3465,10.0429,11.7571,10.2761,15.5214,14.3764,17.5008,12.8237,10.0134,22.6571,16.6441,13.5,15.103,20.5631,21.9545,16.0004,17.3554,20.9281,16.3209,16.8671,17.0808,33.3031,32.6174,27.103,28.0477,8.6747,11.9438,4.8902,2.3307,-2.1085,-5.4934,-5.2259,3.3664,5.4917,5.0111
2024-11-10,7.4059,5.9837,4.4466,4.1096,2.222,2.4124,-1.7754,-0.3757,-0.0538,0.8056,7.3647,1.644,10.8244,7.0701,1.406,7.7045,7.8892,10.3571,11.0513,8.58,14.3997,12.3265,13.2119,15.5864,15.3067,15.674,13.1926,16.2195,15.9579,15.5552,19.0273,20.8363,23.9788,24.677,30.864,32.7369,26.5608,29.333,7.0485,9.1469,7.0692,1.0447,-6.0415,-10.1966,-4.9227,-15.0606,-24.6983,-18.0738
2024-11-11,-11.7978,-17.8583,-20.5683,-25.399,-27.7442,-25.8333,-29.1416,-28.0375,-30.5878,-34.6175,-26.692,-26.7033,-23.4319,-13.39,-16.2632,-15.7304,-15.4929,-19.3703,-17.8273,-18.3334,-19.9113,-20.4283,-19.8535,-16.4478,-13.2464,-6.6538,-5.4305,-0.4203,3.596,2.5212,3.8306,-5.2836,3.971,6.4204,9.8683,12.6106,18.9582,25.3053,-3.138,-5.2955,-8.0731,-12.4388,-7.7333,-7.1305,-11.2604,-13.7318,-16.4567,-14.295
2024-11-12,-0.7207,-3.6126,-8.0807,-8.0555,-11.2949,-8.8532,-13.9201,-18.3796,-17.077,-15.6821,-5.0249,-8.5956,-2.4638,10.1075,4.3126,14.5835,4.887,2.7228,-6.2791,-2.7476,6.0861,7.1937,7.1063,9.3131,15.0873,15.5598,17.4228,17.2016,13.4668,11.3203,15.8969,12.3969,13.5677,6.4939,24.2998,21.9022,23.5606,32.1253,-5.8502,-8.1267,-8.7785,-7.5072,-6.4754,-4.1128,-8.9789,-2.8964,2.9794,2.522
2024-11-13,9.922,11.1866,6.683,6.4066,7.6176,5.6737,5.7352,10.0349,2.7412,4.1193,13.7711,13.2715,8.3486,1.5081,-7.114,-5.9862,-7.5647,-9.6143,-2.8109,0.2136,-2.0282,-2.862,-0.7049,-4.5581,5.6067,9.0778,12.8822,11.0061,7.6946,6.0843,21.2429,10.76,17.3524,22.9454,24.3484,25.4025,26.8037,35.3204,4.7898,-1.8468,-3.4638,-5.1448,-6.5498,1.0637,4.5695,4.677,10.0718,8.5864
2024-11-14,6.1298,10.2027,-4.7888,2.2885,4.3894,0.8207,6.6793,6.1782,2.7631,10.7628,6.83,-1.5601,4.1317,22.5339,23.0907,29.7835,24.8111,15.7119,15.7217,15.6421,20.6901,20.5962,19.6429,16.0578,18.4667,16.6207,12.5288,12.2652,10.8941,11.7367,6.111,3.3027,9.8192,14.047,20.0923,20.2155,20.5296,25.015,3.8929,2.1215,2.523,2.3755,-0.1978,0.3091,0.4006,8.6391,10.1788,8.4952
2024-11-15,11.1494,10.7836,3.898,7.162,3.7338,7.2479,2.9584,0.6368,-7.8515,-2.5846,-10.4897,-5.461,-5.2039,-8.3411,-1.2348,7.3462,4.2684,3.542,0.797,-1.8997,-7.0956,-4.5954,-10.1284,-10.9688,-10.2911,-8.3531,-11.6789,-14.0023,-13.7833,-13.4726,-12.3206,-8.298,-12.703,-6.1755,-1.425,8.4755,6.9346,6.1997,-7.2421,-14.4747,-12.2987,-12.5021,-11.2111,-16.7154,-10.5099,-4.74,3.2396,7.6801
2024-11-16,12.0793,-10.0665,-7.2762,-0.5677,7.6866,8.9926,11.5913,7.7489,0.8219,-7.152,-6.2723,-12.2877,-7.0613,-2.9761,-4.0992,-3.0131,-12.1185,-20.3764,-19.7658,-22.7699,-17.4713,-19.2396,-28.9311,-32.239,-35.566,-37.3117,-37.2582,-30.0986,-20.2296,-17.4382,-20.5814,-18.9732,-18.7384,-17.9516,-19.9603,-16.8011,-17.603,-14.0707,-15.1663,-9.6868,-12.2009,-13.305,-20.6689,-27.8548,-28.895,-23.2657,-12.4988,-22.0651
2024-11-17,-9.5286,-9.4438,-15.8757,-8.8861,-7.37,-10.1753,-4.2928,4.9847,-4.522,-5.4698,10.752,12.7727,2.3102,-10.4649,-22.9289,-25.837,-19.4203,-20.7098,-24.0456,-24.2721,-22.6957,-19.0651,-15.8094,-4.8654,-0.0663,3.8956,4.3634,2.9493,7.3517,7.5637,7.48,3.3099,4.5767,4.1322,4.7982,6.4512,3.7683,5.0508,-11.7017,-10.4802,-13.7887,-11.3777,-11.5192,-11.431,-14.6943,-10.6489,-2.6744,-7.3906
2024-11-18,-17.2231,-12.5707,-10.4263,-9.7571,-10.7879,-11.2575,-10.9773,-9.4129,-4.6106,-5.5709,-1.3542,11.587,-7.3215,9.9001,1.2384,2.9498,3.2687,1.824,10.4557,10.6124,18.3187,17.3356,18.4569,20.356,23.1414,16.8069,15.3994,17.2953,16.096,21.3817,37.5673,14.5248,23.2704,26.0507,30.7661,28.6779,20.7493,18.6549,-3.8802,-3.5296,-11.0166,-6.8202,-9.7243,-8.1629,-9.284,-12.5093,-17.9086,-15.5357
2024-11-19,-5.6506,-4.2286,-7.0905,0.1983,-4.4206,-6.4423,-10.3813,-11.1226,-14.1253,-11.9183,-22.7602,-19.0371,-18.7814,0.7344,2.2121,2.611,-11.8975,-10.7824,-4.431,-8.7608,-17.7272,-20.1991,-24.4775,-24.6078,-24.9977,-21.2633,-17.3063,-13.1206,-11.0881,-7.8013,0.3683,2.199,4.2869,14.1376,10.3263,11.0529,8.913,14.6258,-1.5136,-11.6347,-14.2518,-16.5697,-12.3153,-12.1435,-18.8144,-21.4478,-23.5116,-25.9212
2024-11-20,-21.5791,-23.3916,-27.915,-24.2481,-28.3021,-28.7336,-36.96,-48.0932,-43.5278,-38.8515,-35.2707,-25.4449,-22.8168,-10.6003,-0.3358,-0.9065,-8.8785,-12.6751,-14.0655,-17.465,-14.6885,-17.7648,-11.8702,-10.0742,-2.4815,-1.3504,-0.3095,5.8089,7.4075,9.814,9.9441,6.1407,9.5811,8.9388,2.4085,2.002,6.9533,13.0484,-9.8335,-10.7788,-8.3535,-13.3809,-12.943,-8.6359,-9.7018,-12.3103,9.2806,-16.5336
2024-11-21,-0.3864,7.3262,-8.869,-8.8028,-6.1904,-10.6164,-18.5455,-19.9822,-16.2285,-10.0149,-11.3246,-11.5094,-13.1138,13.155,9.1505,7.8161,20.5358,7.8671,6.7956,2.2185,2.8838,5.1962,8.1146,19.0415,4.1629,14.1086,17.6828,21.4933,24.1487,27.9958,27.9491,29.7911,25.3846,22.6927,13.9709,14.2852,14.8703,22.4183,-3.2027,-12.3151,-3.525,-13.8898,-14.3424,-7.222,-11.8775,-16.518,-10.6648,-20.1526
2024-11-22,-21.7512,-17.3076,-17.2718,-14.4051,-22.0347,-21.1055,-26.3754,-32.5218,-35.4263,-33.9031,-37.6289,-32.5221,-30.1192,-19.6063,-20.82,-12.6159,-11.8885,-12.2008,-7.5148,-10.8962,-1.553,0.9866,-1.0445,1.853,5.8325,12.0435,20.5158,12.9638,8.3496,7.0823,17.838,5.1379,7.0374,13.2387,20.3029,16.2291,16.0482,21.4151,-9.3416,-8.4878,0.8697,9.7669,9.8027,12.1397,13.5681,21.4916,-2.3692,4.3002
2024-11-23,5.311,10.9747,10.7929,8.7697,4.0886,1.8023,6.6634,40.7527,27.7106,43.0408,36.828,42.0987,16.0189,33.5523,21.4802,19.1617,23.8215,3.4466,7.5891,-0.4645,-2.3298,-9.6083,-29.3229,-32.5214,-31.3602,-35.1731,-34.4784,-35.3912,-30.4393,-29.3639,-19.7025,-12.8428,-20.773,-25.0323,-33.9206,-31.6445,-30.1246,-15.7433,-5.4666,-3.164,0.7495,16.7913,31.5415,46.7103,46.0365,44.5021,46.5212,40.5858
2024-11-24,12.4644,18.7503,22.667,22.3444,-6.2989,2.8102,-3.8492,-6.4923,0.77,0.7228,-2.0922,7.0967,6.9597,5.2527,30.7409,24.4953,29.6739,28.3422,38.2847,40.4725,30.7834,29.353,29.2598,35.3113,38.6039,37.1826,35.3484,36.1641,39.5518,38.5576,41.7203,23.7721,20.1957,8.511,1.7955,-2.8097,-4.1236,10.6673,34.3184,36.8473,22.5897,25.3189,14.2917,17.4413,32.0648,34.5834,33.5493,31.3474
2024-11-25,36.9398,33.962,22.9538,28.3914,28.1697,24.5694,23.7768,7.6023,6.3532,-4.1028,17.7992,7.5773,16.4902,-1.0488,-6.1531,-19.5776,-20.4721,-15.524,-20.9887,-23.1199,-28.0924,-28.1998,-29.0868,-30.6225,-28.7855,-27.6191,-25.184,-22.4047,-20.9377,-18.8187,-16.3202,-17.2439,-16.5437,-16.6627,-22.0445,-21.4667,-19.4594,-17.3713,-14.5024,-26.8232,-23.8495,-29.3212,-32.5066,-37.1507,-41.354,-44.1764,-39.6798,-34.7347
2024-11-26,-27.9333,-34.1493,-30.9188,-36.1323,-32.3003,-32.0035,-31.5364,-36.2462,-31.8079,-28.4329,-28.0098,-28.7418,-29.7961,-4.6978,-3.4268,-4.1375,-6.8832,-6.2513,3.5994,8.9077,7.122,-3.5795,3.1205,9.5195,2.8187,7.0566,6.6314,11.1656,9.5651,4.7985,-6.8432,-29.4142,-23.0413,-23.2944,-14.9852,-19.223,-19.6076,-13.788,-42.2157,-36.2905,-26.9124,-20.9184,-3.5822,14.6552,10.5316,5.9698,5.5191,27.5939
2024-11-27,15.3884,12.6722,16.2687,21.8101,12.4271,13.5522,15.9516,15.543,10.3631,11.4068,19.4742,13.7616,22.0089,19.633,18.0352,20.3356,14.4367,15.3502,13.2489,10.9434,14.938,12.0872,18.4854,18.6753,19.5839,22.9397,21.8027,17.7418,20.5323,22.2754,28.9011,28.1711,28.2797,31.7843,27.8235,26.9009,26.7629,31.707,5.3632,2.8134,-0.4387,2.4645,6.699,7.1251,0.2875,12.5471,13.2313,10.7484
2024-11-28,-1.8522,-12.2385,-10.3289,-13.0277,-14.7805,-6.5066,-2.2922,1.8983,9.3251,3.2105,16.1346,9.8709,12.3898,6.2463,5.7056,5.6098,-7.7801,-10.8934,-18.2922,-12.9195,-4.5696,-4.8227,6.2346,18.0789,12.9938,13.7366,15.9844,15.9856,11.2458,7.6382,3.343,7.5033,8.6933,18.2895,5.6284,6.4327,2.7523,8.3129,-8.2141,-11.1622,-2.98,-9.9979,-11.4083,-7.6239,-10.8419,-20.4328,-24.482,-30.4543
2024-11-29,-24.8854,-24.8018,-29.8565,-33.7043,-35.9199,-29.3421,-37.1094,-41.1262,-47.3574,-42.8326,-45.1498,-31.0573,-47.1352,-38.6625,-33.7167,-21.8786,-23.4868,-21.3753,-18.081,-12.4745,-7.3529,-6.5804,-4.9596,-4.8593,-3.1513,-1.5699,-5.1168,-3.6779,-1.7822,-1.8952,-9.5191,-11.543,-13.2278,-9.0255,-18.3556,-17.2033,-12.0181,-6.0311,-6.7823,-14.5067,-15.7072,-18.2489,-23.0541,-23.0124,-17.844,-24.2245,-11.1356,-13.6333
2024-11-30,-9.7951,-11.8967,-13.4397,-14.9716,-26.699,-31.4449,-25.3399,-29.1412,-27.8734,-28.4628,-26.506,-31.3452,-23.522,-23.1886,-35.3381,-23.8439,-26.5346,-25.8106,-30.2906,-28.7767,-26.2102,-24.7412,-24.1914,-17.6051,-12.251,-14.3538,-14.1784,-8.3464,-15.641,-18.939,-23.0584,-17.0242,-17.1775,-9.7132,-5.9785,-2.1869,-6.2442,-2.0756,-5.3928,-7.9859,-13.8247,-21.4009,-25.5076,-23.2426,-27.6423,-26.4265,-32.5165,-37.7361
2024-12-01,-39.9245,-38.5176,-45.4793,-45.5473,-41.1669,-34.375,-33.5407,-42.4525,-43.0338,-42.9219,-37.9566,-38.5805,-44.1157,-42.3609,-37.1803,-39.7251,-26.3374,-33.8611,-30.4484,-33.5883,-37.2499,-37.3349,-41.1592,-36.6821,-28.9154,-17.7706,-15.253,-19.7675,-15.2461,-15.6977,-11.7114,-9.2199,-14.6816,-12.6933,-13.0232,-12.8355,-12.5048,-11.873,-19.1792,-11.4137,-14.5829,-20.4258,-15.7749,-19.9912,-17.6777,-11.5582,-10.6433,9.0166
2024-12-02,11.5021,14.6251,8.0628,3.8281,4.6492,1.112,-15.5473,-7.9791,-35.5116,-31.7283,-22.082,-30.4136,-39.521,-21.4422,-14.4299,-18.1633,-18.9561,-18.6994,-17.2081,-16.6097,-13.4227,-18.5892,-19.3322,-23.0625,-15.9622,-8.632,-17.9354,-12.7458,-15.587,-15.5037,-4.028,-3.844,12.0402,5.1095,-13.4038,-17.5374,-8.2694,-2.6617,-1.5393,-2.0892,-7.3669,-10.9495,-9.2015,-7.1647,-4.4434,1.767,5.4146,6.9498
2024-12-03,4.3852,2.2617,2.5984,1.7878,2.1825,-2.4356,-0.8963,-1.9538,-1.0527,-2.1702,-6.2588,-0.4346,-4.6167,-9.5623,-19.6631,-12.3892,-13.6204,-11.2023,-10.2605,-8.2196,-4.5754,-2.0321,-12.475,-13.0143,-14.944,-10.5274,-24.5038,-22.0576,-29.1614,-27.6317,-34.0304,-33.5135,-39.034,-37.3884,-33.5156,-34.0585,-35.5364,-30.086,-14.7843,-19.2688,-17.027,-11.3871,-10.1718,-8.8032,-3.275,-1.2407,-2.1891,2.7717
2024-12-04,4.8229,1.1727,1.2786,-0.6718,3.5358,5.8918,5.2408,2.1734,4.7975,1.7621,-5.6174,-10.0906,-19.3117,-39.2391,-54.0165,-61.9064,-44.0142,-36.8225,-30.5225,-21.9573,-22.643,-23.2057,-19.0044,-14.4567,-23.9646,-21.7238,-15.7872,-10.9114,-9.3552,-11.1921,-7.7827,-0.0337,-23.3227,-18.7534,-17.4455,-12.4952,-18.3999,-14.9676,-14.1898,-14.3616,-14.0038,-20.9947,-20.3499,-23.6555,-27.65,-31.7687,-31.8145,-42.3879
2024-12-05,-29.2668,-32.5593,-39.9568,-43.9543,-44.7738,-47.3491,-36.3529,-37.0562,-35.3992,-37.0964,-41.2276,-38.6545,-26.0799,-17.8529,-10.9799,-5.3809,-7.7149,-8.3637,9.5931,2.8404,1.8683,3.548,8.2001,9.5258,5.6707,2.5136,-2.5054,-5.3398,1.6494,5.5575,5.4701,6.0778,4.092,7.4797,5.9438,12.5961,12.5788,12.0988,4.1053,4.8491,9.435,20.5804,19.2466,30.7486,37.8046,45.5855,53.5828,54.488
2024-12-07,0.4841,5.1299,4.5521,3.859,6.2077,5.2301,11.1928,4.3831,2.6066,-2.3411,15.7973,20.0951,21.7906,30.1661,36.7842,37.4307,42.4363,28.1564,-5.7164,-14.8311,-17.0654,-19.757,-26.3965,-23.5626,-19.6446,-18.9649,-17.7804,-15.7947,-14.8141,-13.9654,-2.7412,0.3223,-9.8143,-7.2366,-10.137,-9.9673,-6.9407,-6.0194,-6.5336,5.5961,5.8478,17.044,19.9184,14.7189,10.9572,22.4388,10.1545,8.3269
2024-12-08,19.3556,19.25,23.3158,26.1686,19.0783,21.4456,30.0756,30.1548,20.1927,17.9888,24.7578,27.5598,35.26,21.3383,30.3859,38.1186,41.0828,38.4172,41.453,18.2222,12.7553,14.42,12.5107,10.9977,5.6635,7.9143,-3.6236,-6.7021,-0.6926,-7.6556,-9.2344,-8.4118,-7.7478,-7.2592,-11.4082,-13.1514,-13.1281,-12.7633,-7.1063,-7.2906,-8.8879,-14.1072,-17.4692,-22.8773,-5.9837,9.1778,29.143,28.1189
2024-12-09,31.2152,28.6777,40.0593,47.3776,49.9556,55.3431,65.3515,61.9696,62.1859,61.3542,54.9213,42.2189,15.4537,12.0398,13.2805,18.169,10.3239,9.5564,-7.5906,-5.2587,-6.9715,-6.8521,-9.9549,-11.6983,-6.8754,-5.9781,-1.9571,-2.2302,1.0891,-1.1923,3.8571,0.9741,-0.6428,4.9508,2.4972,-0.2232,-1.0622,3.8502,-16.7743,-12.6678,-9.0095,-8.5388,-3.6327,0.424,4.6784,4.2473,-2.2421,4.6233
2024-12-10,5.053,4.5336,6.3059,4.9006,6.7166,8.3963,11.9497,6.2225,8.3368,9.8712,11.4635,17.4256,13.6992,19.2399,18.6534,-2.5936,-3.586,1.7781,19.377,21.0066,24.1564,24.7502,26.4136,26.3511,19.7118,12.3742,7.7621,3.7128,3.7046,-0.14,-18.801,-20.2265,-5.4922,-3.8575,-12.3716,-15.3823,-18.271,-18.4941,-12.8478,-12.9489,-8.2602,-5.5626,-4.5077,3.059,0.6149,14.2221,12.8327,15.1123
2024-12-11,7.2813,1.0779,15.9803,16.5961,25.0079,21.0426,13.5747,24.3713,19.8887,21.2435,31.4561,17.4512,30.5871,-12.6961,-48.2448,-67.789,-34.2101,-71.8706,-86.5635,-92.9989,-85.8942,-81.5714,-59.2878,-63.3503,-71.5079,-95.8291,-95.373,-95.2871,-85.6532,-80.8768,-113.4216,-111.5359,-156.926,-124.5869,-78.6993,-81.5943,-104.9232,-64.2236,-25.2367,-25.8011,-42.1269,-29.157,-16.3517,3.7243,-11.9401,0.7422,0.8779,21.9985
2024-12-12,15.8251,16.1772,21.9295,25.8179,30.1395,29.7039,20.5312,14.3853,13.7899,13.827,19.2934,-4.551,14.2373,-19.5321,-33.4462,-96.358,-107.3889,-147.5522,-144.6457,-162.9921,-171.9571,-163.8043,-159.0047,-141.8505,-106.4001,-97.5381,-121.7244,-129.2881,-146.7905,-193.9802,-176.2102,-180.3655,-179.9819,-206.4038,-152.7851,-138.6373,-116.0622,-84.6466,-28.4373,-22.1462,-15.8869,-8.2446,-22.1393,7.8345,-6.8255,9.5062,-7.8966,16.3216
2024-12-13,14.0644,9.769,17.8686,24.4217,22.8373,26.1896,34.4293,30.2482,26.9158,24.414,26.5055,19.3521,8.2822,-13.099,-5.0793,-0.9399,-0.6079,-5.0706,6.1592,5.4311,-4.6928,-1.181,-3.4994,-3.9546,-0.8243,2.4946,3.8338,5.0131,1.8478,5.732,11.5498,8.195,21.2401,25.1887,23.4684,26.461,31.0452,28.7098,16.2558,13.418,6.391,15.8673,10.6673,16.4314,13.3451,9.2237,5.4509,-2.154
2024-12-14,0.9052,5.2693,7.3506,8.5095,-5.0818,0.136,3.9865,12.1586,2.7622,-2.9453,-4.8084,-10.3173,-7.9313,-14.268,-17.8427,-13.8406,-2.8158,3.5724,2.1014,13.2036,10.2115,11.1104,2.43,7.0943,9.1443,12.0018,23.4592,18.7257,25.6108,18.6431,27.8153,22.1476,21.5074,26.503,25.9919,26.9234,28.7018,32.5907,18.1195,11.796,7.1381,4.9115,2.5659,2.3616,6.8129,11.8706,23.883,20.0782
2024-12-15,18.0834,18.2174,2.2244,7.0782,1.1738,8.2808,3.1706,9.4347,6.0758,7.4935,9.4366,11.3622,9.6597,10.1138,19.7699,7.2075,1.6147,1.0677,-0.0121,1.0069,7.9174,9.4288,13.1106,12.501,23.7808,17.9615,18.1526,18.268,19.3064,19.4196,20.5359,15.1989,7.7343,3.4868,-4.2673,-4.5708,-4.7367,4.8637,16.6473,18.6489,7.627,24.6409,20.6387,39.6159,33.8491,40.0248,43.4527,36.4059
2024-12-16,34.253,37.5692,29.944,28.2331,21.7288,21.7494,17.5052,17.6823,21.7208,12.7105,14.3356,-1.867,-13.9109,-7.5417,-12.954,-9.4755,-12.9145,-6.2414,-5.3952,-0.789,-1.6486,0.5897,8.4382,13.9641,15.7244,12.0718,14.04,9.6573,5.0326,6.93,5.9142,11.4934,9.0382,4.9631,-0.1313,0.8429,1.2107,1.1126,3.5386,-2.6573,-0.8147,-3.6973,-0.8681,-9.1903,-7.15,-9.5911,20.6721,21.4189
2024-12-17,25.5372,29.2341,15.13,5.6515,8.5491,0.6338,-6.913,-10.0053,-8.3432,-11.0465,-24.7639,-21.6231,-6.9088,0.2469,1.7037,7.8123,6.9844,13.3901,8.7626,14.0586,20.3191,28.0747,12.8398,15.6776,13.5822,16.5199,9.2446,15.7605,9.179,6.2924,3.1151,6.2234,-0.6703,2.8512,6.3898,2.1308,-1.5063,-2.4483,1.1291,-1.2656,-6.2315,-2.327,-1.6748,11.0585,17.4757,15.4813,19.773,24.4875
2024-12-18,21.0354,19.4415,20.9613,19.6835,6.9611,8.6776,20.4637,19.8024,22.4413,24.2611,26.695,28.3063,22.5973,12.0408,27.5292,26.3487,25.5995,25.6583,30.2952,33.9856,28.2777,28.6806,26.9525,31.7241,30.3282,22.8084,27.9907,14.3966,22.3995,15.9311,16.6706,22.9267,31.0601,23.3352,22.2525,21.1285,21.1118,18.451,9.2404,8.3745,4.9936,4.2968,11.0282,5.1843,0.033,-1.1857,-1.0054,17.9243
2024-12-19,29.8722,52.5683,56.1909,63.6019,57.5173,57.3908,59.0177,57.5315,54.2287,52.4772,48.4303,42.5168,46.7499,26.0307,46.3469,29.7723,7.3289,16.3869,4.4161,7.3684,9.5493,24.1507,22.7952,28.5574,34.4746,38.6193,45.4337,38.0464,35.7606,27.4212,38.1311,31.331,30.9,23.3678,16.8712,13.9353,18.0203,19.9086,7.3885,2.6058,3.1585,4.7213,2.725,-5.708,-5.8606,-5.4435,-2.4194,4.9196
2024-12-20,-2.7916,2.8731,0.7212,7.3851,22.6221,26.543,9.1706,16.0116,-0.3437,3.969,-19.4969,-22.5862,-26.8127,-20.6812,-14.28,-5.2793,-9.6625,-3.4602,-7.8962,-4.8612,0.7797,5.5148,14.4846,17.1985,9.8111,5.0544,9.8058,14.9094,12.5161,21.958,35.6457,16.9605,16.0026,16.8453,8.1702,10.2604,16.1028,15.431,21.0396,28.441,19.0507,12.1549,11.6299,17.7527,34.2571,44.4799,51.5348,55.1333
2024-12-21,53.9489,57.3682,45.4566,44.7967,33.5682,32.8493,28.0338,28.5111,25.1103,29.5559,27.8458,30.0562,37.0909,41.4092,36.0027,36.0357,38.6623,39.7494,44.047,39.9473,46.5482,46.8626,46.3318,43.8175,51.0906,50.5528,49.0151,49.6309,48.173,44.1036,40.0035,39.4483,41.3817,38.707,44.4019,52.6209,54.5753,60.4251,60.4459,62.8613,57.3895,56.2239,49.4583,49.3888,47.6953,40.5276,38.1387,36.3966
2024-12-22,28.0335,28.6945,29.6113,30.8703,21.3403,21.7925,19.8772,19.2648,20.6258,18.7093,20.1674,22.252,20.6013,29.2938,18.2968,7.4608,-9.2533,-14.0381,0.9788,-6.7458,1.0942,3.7072,10.4215,14.2786,20.4842,18.5257,27.7416,27.602,18.8393,11.3442,-1.4666,-7.0594,-11.9032,-16.214,-15.6155,-10.447,-12.876,-12.7716,-19.5457,-16.1448,-18.555,-17.4956,-13.7865,-12.9232,-20.7148,-15.9672,-20.1386,-7.7732
2024-12-23,17.3435,13.6646,17.7534,14.7063,2.7638,2.1126,17.9429,8.0863,17.4328,14.6256,21.8266,0.1285,9.4376,-14.5513,-8.8153,1.9132,1.0014,10.4537,11.854,9.9398,15.1066,11.6255,1.8485,1.3067,4.3786,10.1288,15.4056,17.8612,26.8065,30.8697,33.1872,26.6114,34.9177,37.3325,32.0209,31.9485,29.5018,28.6251,17.3842,13.884,14.7449,11.0276,1.8807,-3.3796,2.4148,4.6135,6.9742,14.9437
2024-12-24,-6.6152,-7.0232,-11.7898,-5.4,-15.2684,-18.5384,-29.5526,-30.7845,-29.0785,-27.9852,-28.8114,-26.9723,-23.8032,-21.2508,-20.7114,-19.6802,-20.2704,-14.2012,-13.2301,-6.0865,-10.7238,-9.8394,-10.3594,-15.5969,-15.7048,-17.4106,-17.6075,-15.7729,-14.9359,-15.9911,-19.5735,-20.4721,-19.8625,-18.3073,-10.9901,-5.9764,-5.6093,-6.7863,-13.8071,-19.5764,-17.8622,-12.8727,-11.1866,-8.3864,-7.2676,-4.3953,-12.6162,-9.0222
2024-12-25,-17.4805,-20.8878,-19.5906,-18.0527,-20.9884,-17.8066,-23.8711,-26.4171,-34.8537,-31.3862,-27.1973,-28.0154,-18.5597,-9.6309,-10.006,-10.829,3.659,-6.2627,0.5867,3.133,3.0403,-3.2572,-14.7961,-19.4056,-23.8844,-26.3067,-26.9428,-30.0741,-31.2224,-36.5077,-38.7047,-39.1323,-41.4527,-32.344,-23.8579,-10.3624,-11.416,-13.2687,-14.0042,-23.5193,-23.3833,-31.3344,-40.0543,-40.716,-35.9836,-42.6553,-30.0034,-31.8606
2024-12-26,-16.9217,-20.6931,-20.3954,-22.0889,-20.0972,-23.3234,-20.2504,-22.267,-15.1769,-12.813,0.2026,0.183,-11.2563,-1.1399,-14.2307,-19.3324,-6.832,-8.5568,-8.4397,-11.8763,-11.8441,-7.9764,-13.6864,-13.5089,-16.1692,-17.8211,-17.9923,-21.5997,-19.6698,-20.0874,-13.7308,-13.8859,-9.9514,-3.8167,4.6798,12.1644,12.9639,8.1785,-7.1937,-15.5873,-17.4801,-20.4534,-20.083,-21.3899,-21.3562,-24.3267,-23.269,-16.3395
2024-12-27,-8.6829,-6.8925,-2.8908,1.1975,-2.6884,-0.492,-1.9382,-2.481,-3.2152,0.0036,-7.264,-7.2173,-17.0844,-7.4602,0.7566,8.8325,8.6217,11.5544,17.0739,11.2216,21.0163,19.449,12.7708,15.2732,10.6836,5.7115,3.3632,2.1805,-0.8119,-1.0906,-7.6054,-6.1441,-9.7354,-5.5248,-2.2144,1.7107,-1.1349,-0.047,-15.7102,-18.0653,-21.2637,-23.6141,-26.3258,-25.3364,-21.0065,-22.9817,-24.536,-29.1324
2024-12-28,-12.2703,-12.5815,-8.4387,-7.0551,-5.7318,-3.8349,-11.1022,-14.4689,-13.2738,-15.372,-11.6733,-17.4761,-27.7615,-16.0514,-26.5624,-25.6595,-25.2401,-24.7461,-13.4416,-9.4646,-4.4281,-2.6516,0.6176,4.8661,3.678,2.836,0.0521,2.5643,-9.2975,-1.5807,-6.6037,0.481,-12.8991,-11.8212,-6.5026,0.5921,9.8722,8.9782,-4.8892,-6.7325,-10.058,-17.333,-20.9973,-24.1247,-25.4604,-26.8074,-23.5495,-15.9852
2024-12-29,-13.3925,-22.5186,-22.1688,-24.9464,-23.3356,-16.3474,-24.4798,-25.7617,-35.5536,-33.9926,-34.4871,-35.2778,-38.5835,-30.089,-48.4326,-45.576,-30.6415,-35.9764,-39.2948,-36.07,-32.1246,-33.0718,-36.6276,-35.0509,-34.3435,-36.8979,-36.8408,-35.9963,-31.7829,-31.467,-37.2904,-33.1161,-35.1667,-37.1644,-34.6967,-28.2716,-25.5116,-28.9733,-26.22,-24.0354,-25.5653,-28.2923,-23.9353,-18.3866,-5.4819,0.3381,-5.1656,8.5164
2024-12-30,2.3365,2.1723,9.4051,13.1501,13.8297,9.8776,11.6172,9.7803,14.153,20.6109,19.2961,13.5658,19.1032,14.0053,-25.4375,-17.1838,-18.4038,-24.5717,-28.7618,-24.3285,-23.4662,-22.77,-27.788,-27.4283,-25.4269,-29.2287,-30.4653,-30.6773,-28.6966,-34.2283,-37.4195,-33.4072,-39.468,-37.3417,-34.0096,-30.3219,-28.4285,-32.9768,-31.9879,-30.2114,-31.1001,-31.506,-38.2463,-42.0586,-45.9872,-22.3869,13.9898,17.7547
2024-12-31,27.0548,33.6939,26.9235,31.0013,25.5828,22.5641,21.7116,26.0006,25.7059,26.9846,32.8377,35.1683,34.3048,33.3246,24.8864,26.5182,22.9203,24.2508,28.177,22.867,26.5669,25.7254,12.1425,8.8438,14.3333,8.9832,7.7866,2.9906,-3.5869,-6.7469,-5.22,-8.7247,-19.0913,-26.9501,-27.2158,-18.3196,-3.3752,7.4885,16.8679,31.6507,27.9255,30.7666,33.6889,35.3716,32.4921,31.3658,38.0106,23.1277
2025-01-01,23.5445,11.848,21.5838,17.3751,-5.481,1.4691,6.6508,9.7346,13.6958,15.8304,17.7617,21.9326,26.2195,32.3408,41.0386,43.9177,45.6641,53.0745,63.3881,56.022,62.0012,45.4985,57.5787,46.6593,27.3746,12.5408,-8.5387,-13.3389,-12.4864,-16.9552,-20.876,-32.37,-36.5231,-31.8315,-32.3094,-29.0078,-25.7514,-31.601,-38.119,-41.9319,-30.2433,-31.155,-29.4196,-38.3085,-36.7799,-38.6545,-38.1449,-41.0089
2025-01-02,-34.1851,-33.1178,-34.2991,-34.736,-34.0173,-28.3802,-30.4341,-31.4664,-17.8857,-18.2848,-13.0108,-16.4178,-21.1595,-1.8277,-25.8398,-20.9582,-21.2389,-16.5826,-13.0043,-13.8378,-12.4309,-8.4587,-13.8327,-11.4321,-4.4337,-3.1331,-0.4087,-5.6444,-8.964,-4.9381,-2.8912,-6.8313,-4.8298,-4.6978,-5.8826,-6.5413,-4.6092,7.1202,0.81,5.2073,5.327,1.0448,-2.4683,-7.3206,-8.3415,-9.9177,-9.766,-1.599
2025-01-03,-2.4662,-0.9427,-3.6281,-3.3914,-2.2988,3.1969,12.4887,11.4359,10.9013,10.1537,14.9015,11.324,13.0308,22.109,29.468,40.653,34.0948,34.9493,34.6426,28.1129,34.8674,33.4705,30.1908,24.3575,28.136,27.6683,29.899,34.2684,41.6955,41.4949,51.5933,51.3526,50.7046,53.418,54.1001,42.1312,36.0053,30.7355,-6.3955,-13.914,-13.8126,-5.5232,-3.4764,2.5043,-2.6577,-0.5172,5.0527,6.6558
2025-01-04,20.83,17.9257,21.9755,23.6722,19.0136,17.0129,27.0031,22.6662,19.47,16.1229,17.609,10.9207,11.5073,4.8341,11.2928,24.2573,15.0906,18.375,24.4223,25.9004,28.7084,25.213,16.699,11.3171,21.8191,19.3599,14.965,14.3998,16.5104,15.7384,27.1894,24.0922,19.0917,22.3947,18.8462,17.6449,14.1432,18.5391,1.0493,8.9268,1.6218,0.8812,-4.8188,-6.3887,-3.4825,-4.1413,-1.7938,-6.6243
2025-01-05,-21.64,-19.7012,-19.7183,-23.1646,-32.4358,-28.0977,-25.5607,-20.2156,-12.2085,-13.4217,-7.5381,-12.8347,-16.8636,-21.2799,-33.1143,-26.9932,-41.2345,-27.8124,-33.4751,-29.5206,-27.2533,-25.7962,-22.4754,-16.8052,-20.0519,-18.1098,-21.4528,-22.0416,-18.6007,-18.8051,-12.9073,-14.3654,-17.054,-18.4243,-19.6538,-19.0079,-19.6871,-20.5572,-26.5601,-30.0174,-25.3557,-22.1721,-22.5853,-29.5197,-26.8167,-23.3851,-7.7506,-5.3905
2025-01-06,-17.4007,-31.2801,-38.5873,-45.4496,-47.8621,-34.4519,-31.17,-20.7173,1.1267,5.9839,11.5955,1.6745,-8.0999,-8.3973,-14.3524,10.1879,-0.2886,4.7494,-14.15,-9.9427,-12.4796,-7.2948,-5.2469,-8.7329,-13.1356,-10.5526,-11.0827,-11.6996,-10.6617,-7.3105,-0.9313,5.856,7.9307,4.2765,6.5916,2.2279,-6.6621,-8.2862,-13.2652,-1.8291,-3.5821,-11.0794,-12.8955,-17.9559,-21.3386,-33.0582,-40.5656,-50.1295
2025-01-07,-31.2451,-32.5043,-37.7238,-40.2002,-40.932,-42.9174,-39.2593,-38.3472,-30.111,-33.8177,-21.3569,-18.5568,-11.3803,-2.3256,-7.4847,-0.4778,-11.331,-7.3671,-14.2547,-12.7037,-14.1137,-16.7183,-14.8479,-16.9807,-15.6525,-15.1424,-7.1558,-6.0339,-0.532,2.7765,9.5965,15.9417,11.6838,3.721,5.3036,4.9932,1.2218,5.5899,-4.6754,-0.0918,17.9114,14.2802,12.3023,8.438,10.4351,5.6876,14.5035,18.2504
2025-01-08,26.2432,26.6775,26.3319,28.4562,29.529,27.9218,36.3756,30.7547,26.9874,20.1899,23.1011,28.0546,27.0996,29.6925,46.2445,51.2807,35.0554,17.5965,-14.3296,-23.3417,-22.4551,-33.6201,-43.1467,-49.4255,-75.6189,-226.975,-477.4544,-485.7171,-506.0181,-427.4994,-709.1192,-764.4204,-805.0063,-1178.0465,-1133.672,-1112.3615,-883.123,-812.3705,-292.1356,-184.2359,-105.4494,-88.5873,-41.9703,-19.1288,-7.7453,-3.9714,2.0197,4.1161
2025-01-09,-0.1141,-4.5093,-5.9826,5.8685,7.3289,13.9246,19.4978,23.4447,15.4605,13.2102,25.7211,18.7299,24.8326,29.6035,22.897,24.9246,13.0146,13.3608,4.9182,4.4516,8.6293,11.8316,13.9703,7.8539,8.5157,20.8755,42.5359,47.2699,52.9718,48.2629,81.4728,82.8115,78.9614,102.3536,116.2832,103.2626,78.4412,80.5352,44.9287,37.632,31.2462,29.3789,37.1554,27.8753,32.5922,36.0219,37.2762,31.1756
2025-01-10,41.4573,38.4246,27.7738,24.5295,37.5711,36.1375,43.932,38.8471,40.6274,36.9931,33.5237,26.0267,33.6902,22.3491,35.0377,45.188,16.9161,22.22,22.1234,28.2911,26.3347,24.4017,31.9494,32.968,24.8449,43.7217,67.4874,66.8799,77.0312,73.9115,93.8827,96.5676,96.839,109.0564,111.1445,107.9356,86.2835,86.4467,26.4871,14.4681,14.3244,20.9537,11.4383,14.2156,21.4124,20.5043,2.6981,14.7689
2025-01-11,20.534,16.7703,27.835,27.2932,17.6542,26.3446,26.6542,24.2508,30.0056,24.6157,30.9925,21.8233,21.358,18.1574,19.5411,37.9814,32.2796,19.7409,21.4597,21.8,27.7907,35.5303,37.5388,36.0322,34.6519,39.2103,55.2016,54.976,59.6225,53.5575,74.3842,71.7256,56.3962,58.3836,72.4556,72.4879,52.784,47.2905,11.6344,11.794,13.4796,19.3124,10.3798,11.1043,10.1953,13.727,5.8664,1.3737
2025-01-12,-1.7465,-5.3183,-4.2247,7.0608,10.7661,10.8998,11.4181,10.0034,14.1963,12.1318,21.349,15.3671,18.503,15.0393,18.0401,16.6901,10.3433,11.9253,2.5215,0.0609,-2.1064,-4.5569,-13.4288,-10.779,-11.1175,-3.4136,4.5838,17.6378,25.5277,22.6444,29.8921,35.118,32.1358,44.7276,44.1643,46.4029,23.0252,22.2033,-8.9133,-4.1049,-3.613,-6.4448,-12.3746,-11.689,-11.847,-16.9188,-7.9753,-29.5929
2025-01-13,-27.56,-21.9939,-16.4976,-14.7746,-19.5088,-15.9757,-30.7145,-30.8467,-28.2344,-29.5885,-35.3393,-30.2191,-19.8982,-6.3741,-11.3018,-1.76,-5.4327,-2.2525,1.6834,12.7808,13.6221,16.7895,20.9664,15.2581,10.5795,22.6323,31.8544,32.505,35.598,32.8273,33.0131,43.5808,32.4433,44.5814,33.3968,31.6624,21.988,19.3348,-2.8594,-4.0406,-1.8293,-4.5749,-11.2948,-11.4623,-6.4579,-14.8502,-11.9073,-17.4391
2025-01-14,-12.7461,-8.4229,-15.4938,-14.8849,-16.8325,-16.7869,-17.6711,-16.7146,-11.754,-12.0365,-4.9024,-5.1473,1.8839,14.3133,16.2155,22.6818,14.9614,16.4876,32.3848,29.7508,35.9594,27.9382,27.2924,23.5209,30.0393,36.3235,53.7789,51.008,51.426,46.5103,46.0907,42.6914,57.6928,70.264,55.6924,58.4885,46.3144,40.4128,4.8122,1.6543,3.2217,10.3334,10.7521,8.7017,7.5207,6.5932,-3.6684,-2.7626
2025-01-15,2.0329,2.7991,1.2695,1.135,0.6042,-1.128,0.1715,0.5328,1.8788,-0.7109,3.1651,-0.264,4.4265,14.92,9.865,15.4582,6.2169,5.8823,2.9662,4.555,7.0575,9.6569,16.8869,17.3455,17.9603,24.2796,37.8431,35.967,37.3373,32.7519,46.4837,54.112,43.3627,61.5577,52.1694,44.0609,32.7003,31.9218,3.0333,-3.5161,-10.4345,-9.553,-8.3386,-10.9425,-2.8033,-5.3462,-18.66,-23.84
2025-01-16,-7.1378,-6.6586,-4.4758,-3.8428,-1.1583,-0.3216,-2.872,-3.2729,-0.7384,-3.7972,-1.9051,-5.5019,-3.4465,-10.7388,-21.4828,-10.6224,-11.6896,-12.2056,-5.3517,-0.5196,-1.7061,8.8545,5.1331,6.425,3.4986,8.2091,18.6932,17.8333,17.9502,15.7893,29.2213,25.3265,27.1859,43.052,30.7604,31.5506,24.0822,24.5186,4.8229,3.9295,4.1106,-2.252,2.3399,-2.4698,-0.3161,-6.3998,-10.61,-11.2613
2025-01-17,-20.6495,-24.8731,-24.4194,-22.5684,-21.4249,-23.2043,-28.6815,-24.9942,-23.1528,-25.2702,-22.4052,-19.1018,-20.0802,-3.3535,2.0006,0.7185,-5.7714,-7.4664,-15.1627,-15.984,-15.8823,-18.0903,-19.845,-20.2633,-13.5586,-10.137,-0.7307,-2.0213,2.2769,3.9953,8.9614,7.5113,-0.256,10.201,7.419,10.2921,0.188,3.7686,-5.2416,-11.8696,-11.0616,-8.0767,-14.8321,-13.5252,-6.891,-12.193,-13.5234,-9.3583
2025-01-18,-3.0243,-1.3695,-8.2377,-7.2524,-8.9803,-9.3526,-6.0113,-8.6874,-8.2385,-15.0654,-8.3895,-14.5244,-10.7742,-8.6163,-8.341,2.9272,2.5871,5.8961,12.0045,7.8055,1.4215,-2.1758,0.0505,-6.5077,-3.6762,3.639,-0.4844,-0.901,6.7515,7.8071,6.1858,3.0552,3.5133,9.6218,8.1849,10.9645,8.721,5.4022,-0.5559,4.9048,-8.7995,-3.2058,-5.196,-6.4337,-2.263,-5.0434,-2.3512,-1.593
2025-01-19,9.5141,2.4678,-7.1538,-4.4695,1.1996,0.5847,1.0823,2.7949,0.3887,-1.8899,3.8976,-4.6348,-0.2266,-0.0997,1.6035,2.4295,-0.1924,-9.7232,3.0328,1.9,7.1472,6.8,2.1362,-1.4989,1.6391,0.8756,5.7529,6.7018,13.2868,13.5453,42.3168,30.4961,33.3844,53.0517,45.1783,42.4012,32.8082,24.5613,-1.1455,3.6071,-5.4882,4.8453,-17.8869,5.3371,1.2654,6.976,2.2242,1.7425
2025-01-20,5.6221,7.7872,9.3825,11.2677,7.3173,11.5014,10.5625,1.4011,1.9567,1.8885,6.9719,4.1154,3.6519,-14.4719,-53.4321,-67.5993,-35.9411,-52.1697,-30.452,-32.7796,-45.3193,-47.144,-29.8055,-28.6536,-45.4526,-27.9405,-18.0068,-14.3443,-22.6111,-25.1909,-26.9037,-16.4928,0.2789,-5.2586,-21.0974,-53.4995,-3.5304,-5.7378,-18.6317,-19.5358,-14.8951,-5.9861,-12.3482,5.2838,-3.2714,3.0322,-13.5289,-3.2895
2025-01-21,-5.6074,-7.943,2.6085,5.0372,1.5859,1.5922,6.5454,-0.6899,-2.1977,-3.0896,4.3511,1.9748,-4.9629,-13.1839,2.3316,6.4981,-20.4822,-17.7255,-12.1062,-13.9046,-5.4963,-6.5467,12.9552,17.021,10.4101,12.2111,21.4769,13.5012,26.7243,1.3913,0.9674,11.5969,22.8271,19.7202,1.6178,5.2503,-0.753,-1.3082,-14.3433,-20.55,-43.969,-26.3045,-19.0345,-0.5312,-0.393,6.498,12.9323,5.934
2025-01-22,6.7685,10.3371,15.9255,14.2132,16.6912,16.8717,21.3473,21.3018,15.8563,12.0065,21.7366,19.1702,20.091,-0.0886,-22.8534,-30.2694,-47.4671,-64.4242,-38.6555,-27.2961,-9.9774,-0.8713,-26.129,-21.7388,-25.3747,-9.4134,-16.8393,-21.634,-15.1129,-17.0154,7.0843,3.2391,-9.0756,-43.2646,-31.5097,-11.0301,-28.6525,-19.7226,-20.374,-14.1735,-15.8981,-15.5887,-2.5941,2.5454,7.3089,9.1351,3.7102,-0.2117
2025-01-23,1.7632,-2.1503,-1.0258,1.0468,-2.0503,0.0916,3.6841,1.7132,0.8698,-4.6478,-0.3014,-1.2007,1.1628,-16.5511,-8.031,-4.6625,-8.993,-0.7644,-9.0634,-2.4023,-6.8949,-8.4314,-6.7756,-2.1817,-5.4812,-6.3842,-2.4146,-2.3038,-5.0179,-9.2104,-4.4993,0.1592,0.8693,-1.0953,-1.8789,-3.9723,-8.3073,-10.7202,-12.9952,-14.9141,-9.6351,-8.3307,-19.9878,-21.0227,-12.3687,-16.4261,-11.3657,1.0818
2025-01-24,-0.6505,3.4787,10.9134,27.8604,36.0742,38.4988,35.2091,35.5256,34.2741,35.3921,17.7868,-3.1887,0.1705,-10.2139,-14.9222,-19.1004,-15.0358,-10.6189,-16.6462,-15.0039,-18.0429,-19.2722,-19.2502,-18.359,-15.3559,-15.5291,-8.3349,-11.5986,-10.6898,-15.2952,-6.8026,3.2442,7.9101,0.6512,-1.6556,-0.598,-6.2428,-11.1041,-14.9759,-18.7523,-19.1991,-22.6378,-20.0781,-19.7571,-18.8369,-13.8047,13.1343,17.2314
2025-01-25,29.8606,29.1131,33.8976,36.1685,41.0916,39.1006,40.6704,36.8968,35.1839,29.819,37.8242,45.5145,45.4181,49.976,32.0795,25.8772,17.4726,12.163,3.951,5.4987,1.3769,-4.2765,-12.5019,-19.0149,-22.8222,-32.1785,-49.2503,-60.4868,-59.2897,-58.7542,-60.7508,-42.7191,-38.7189,-36.5745,-31.9526,-29.6096,-30.7439,-31.436,-20.4236,-11.4033,-9.3824,-17.4608,-18.677,-22.0316,-20.911,-25.4911,-29.6148,-34.7371
2025-01-26,-25.0769,-28.43,-31.757,-34.4186,-33.5057,-34.7738,-27.4995,-25.2373,-19.9084,-18.1304,-23.0094,-27.6013,-12.1191,-2.4503,-7.2766,-4.776,-7.0184,20.1662,11.9054,-4.5911,-11.6177,-13.5735,-23.62,-23.1277,-27.2731,-21.0329,-17.3563,-22.1977,-14.6505,-12.1806,-13.2242,-21.2593,-26.7487,-29.9108,-30.0251,-30.841,-30.1997,-26.608,-18.068,-15.6107,-9.6171,-14.2643,0.4155,2.9089,6.5216,21.9766,35.0094,30.9857
2025-01-27,38.4697,37.0825,43.0468,40.7705,43.5661,33.5523,37.2847,38.6633,42.8475,36.7481,3.5301,-15.4567,-6.8935,-7.5325,-13.7365,-14.436,-13.3706,2.9059,1.3041,6.6232,7.0149,7.4576,12.6588,11.7399,11.6752,6.4728,9.74,8.4844,6.4553,1.7997,-1.1286,6.1464,27.2181,30.7487,31.4875,27.0959,20.6222,19.6451,11.8497,2.0754,-1.1943,-2.3876,-3.3927,-9.4912,-11.5433,-14.3383,-6.4357,-10.5872
2025-01-28,-9.084,-7.4566,-0.3279,11.8676,17.8893,27.5051,39.3406,43.8423,61.644,58.6485,67.1374,60.231,13.3216,10.6827,8.1096,22.3583,23.9517,33.8262,34.4368,36.7655,36.4799,32.0461,30.1226,27.9431,29.9061,30.2127,30.7426,30.7354,33.8013,30.9708,32.2555,30.5218,45.2038,48.218,48.0443,44.8383,32.9586,30.0737,11.6834,-0.3715,-3.5653,-1.0424,-5.1442,-9.8912,-13.6278,-9.6174,2.7,2.2812
2025-01-29,-2.9126,2.0151,8.2299,18.4778,10.9578,6.2505,12.7049,5.838,12.6889,11.4514,6.7391,1.2447,-14.4561,-15.8669,-9.9104,2.2908,14.1517,10.7329,-2.4646,-1.6486,-5.1409,-8.5186,-13.7431,-9.9801,-5.4311,2.0743,7.7424,5.7941,3.8017,-2.6965,2.798,8.4295,23.7561,25.7248,20.8727,16.9032,19.0203,14.9582,-2.242,1.1313,-5.683,-14.8877,-8.4589,-16.4362,-18.5577,-19.5013,-20.7324,-16.8271
2025-01-30,-21.5919,-28.5388,-19.7125,-20.9388,-21.9398,-20.4949,-24.5605,-19.3906,-13.0737,-13.658,-15.3743,-5.8636,-43.6423,9.8572,1.2502,0.0469,-0.024,0.4361,17.4233,4.7919,1.695,3.1442,-1.1243,-2.1478,-3.9859,-8.1444,-17.9304,-21.6109,-21.6442,-25.4051,-51.6247,-34.6806,19.1238,34.5249,26.0402,22.5772,17.609,14.1453,-17.197,-18.0595,-18.98,-5.5688,-5.882,-2.5516,-1.535,-6.4877,-23.426,-17.9215
2025-01-31,-19.2246,-22.8533,-24.9625,-27.1065,-29.8128,-35.6488,-27.3024,-34.4574,-28.8758,-27.5601,-28.0542,-18.7983,-22.8206,-5.0536,-7.6276,-4.3248,5.2449,8.3307,16.3358,14.2108,11.1804,13.023,17.4051,9.862,7.0658,17.7685,32.0515,30.5712,32.0828,21.7888,15.6764,13.6139,36.6774,49.3825,67.2083,59.2149,44.1439,39.6754,6.9746,-4.9916,-3.4304,8.7659,-2.8187,-7.9658,-5.2463,0.7954,-3.0327,-13.5888
2025-02-01,-7.1271,-4.9455,-1.3367,1.506,-1.2447,-0.8376,-6.2758,-8.0227,-10.2129,-11.1864,-15.7847,-13.5828,-17.7368,-24.9507,-32.8854,-31.9486,-34.8642,-33.4989,-24.9366,-22.411,-12.3662,-13.0431,-7.6179,-8.081,-9.0348,-15.202,-31.3075,-35.4038,-42.0778,-38.4008,-62.1292,-54.2333,-40.1946,-24.2704,-16.5048,-14.8596,-20.6664,-22.9009,-29.6916,-29.5766,-27.4739,-28.8633,-31.3213,-35.0688,-31.139,-37.0264,-30.6918,-43.1892
2025-02-02,-40.0166,-41.7163,-41.3526,-45.2105,-46.0944,-48.0787,-47.293,-42.613,-41.3263,-41.2297,-44.4968,-43.3146,-35.9689,-24.2226,-22.6661,-22.8615,-27.0003,-35.7149,-25.1205,-26.9452,-9.4844,-9.7029,5.9024,-2.3582,-15.6355,-21.0469,-39.0854,-46.2008,-44.6276,-39.9073,-46.6788,-32.2258,1.1709,-42.2234,28.8971,30.8126,23.9043,20.6237,-10.1346,-1.2945,-16.6282,-8.0258,-2.3116,-12.4035,-21.8556,-23.1364,-16.2061,-25.594
2025-02-03,-24.5006,-18.5722,-19.1061,-23.0055,-24.985,-24.4448,-20.9524,-27.0555,-29.3047,-25.2891,-28.1738,-26.6911,-14.8348,-19.0115,-46.5538,-49.6174,-37.8523,-33.8263,-15.2349,-3.4733,-2.4265,-8.3921,-11.6812,-15.7689,-19.0728,-19.1618,-26.7546,-29.4331,-34.8891,-35.9359,-45.3115,-31.7605,-23.6535,-51.3428,-9.4885,-9.5406,-13.7628,-15.0404,-22.4115,-26.9742,-21.1516,-29.2679,-29.3034,-37.4628,-39.3713,-47.1154,-44.7237,-42.7392
2025-02-04,-44.3779,-46.3113,-44.8739,-41.4186,-39.2459,-47.976,-52.7196,-53.4833,-51.9253,-54.6713,-63.4884,-56.5919,-44.086,-39.0751,-57.611,-57.8944,-45.4278,-42.574,-32.109,-27.1684,-27.8308,-28.047,-16.3028,-22.3282,-19.8651,-16.0804,-22.5901,-26.1023,-21.3596,-19.4953,-22.983,-15.5188,-15.7545,-4.6379,-9.9141,-16.6857,-16.5323,-23.3691,-29.2751,-32.6879,-25.5329,-26.916,-22.6649,-31.4175,-27.3323,-30.3577,-44.7863,-44.3434
2025-02-05,-41.6749,-37.0042,-29.7321,-34.2662,-31.6297,-39.386,-43.8648,-44.0586,-45.8659,-44.1215,-49.0258,-38.682,-34.5295,-24.5848,-25.0188,-26.9095,-11.1922,-16.8753,-18.4097,-23.2772,-24.7149,-27.1402,-26.6469,-20.9645,-11.4862,-11.1573,-13.2103,-12.7572,-15.7897,-14.2342,-16.2475,-9.0146,20.6924,6.8665,32.8229,31.3716,28.4584,19.6622,0.0703,-9.1633,-11.1974,-11.2615,-3.0568,-2.4407,-6.353,-0.9823,-0.4654,0.9969
2025-02-06,6.1169,-2.1083,0.6229,-1.0633,-2.7112,3.1898,-4.3834,-8.5182,-11.8598,-7.9354,-3.2199,2.5043,-23.5055,-29.5556,-34.3813,-31.1602,3.376,4.7463,-0.0756,5.9231,1.21,-0.5704,-1.8647,1.097,-2.6189,-4.6036,-9.3156,-10.8243,-12.868,-10.7573,-2.6855,12.123,14.4678,-25.5338,22.3765,19.9192,17.8424,18.4467,7.6555,0.1188,-7.3409,-18.4992,-21.3482,-23.0703,-19.5489,-30.9743,-20.8781,-19.7525
2025-02-07,-16.3963,-15.8333,-12.304,-15.9298,-16.9199,-16.0993,-9.7338,-10.8132,-13.8816,-14.1779,-11.1899,-16.5526,-15.0322,-19.4298,-15.5497,-2.1511,-6.6983,-0.6245,17.6214,16.2733,-1.3549,-7.0725,-15.9833,-13.6813,-13.1967,-16.845,-19.5218,-20.0132,-20.9206,-26.1798,-24.0353,-29.1522,-22.6897,-22.3123,-2.4348,-4.6221,-11.3299,-12.2897,-21.5565,-18.6796,-21.5729,-12.6557,-20.0159,-25.0571,-26.9229,-34.8529,-23.1669,-23.1769
2025-02-08,-21.419,-12.0108,-11.9753,-14.5808,-26.8552,-25.4428,-32.2299,-40.2509,-39.4753,-46.3794,-46.8249,-47.6332,-36.2258,-29.7118,-19.4633,-22.9638,-18.2183,-9.4844,-20.3915,-13.4998,-14.6378,-16.1098,-23.7936,-26.9592,-23.4291,-23.1204,-9.1239,-11.9403,-14.2146,-14.3046,1.6057,1.3367,7.59,16.8893,21.6397,22.3332,20.0968,19.8404,6.7805,7.938,1.1717,-3.1845,0.2912,-0.9742,1.1428,-2.7499,-4.4512,-1.688
2025-02-10,-20.0034,-16.3739,-19.1239,-17.2329,-16.811,-21.5056,-18.7008,-16.6415,-21.6973,-20.9481,-33.2716,-29.6753,-23.0683,-14.9269,-21.386,-19.858,-5.2421,-1.6362,4.4661,8.56,8.1785,6.8096,1.6546,-0.8736,7.1353,11.36,24.3749,23.3945,21.5415,13.0678,13.1577,17.7389,15.4561,18.8621,27.3011,16.9807,4.8702,1.6083,-10.7764,-12.2296,-14.0206,-15.4338,-19.3425,-23.8114,-22.9956,-31.947,-40.1727,-42.7141
2025-02-11,-31.6985,-32.6954,-33.9888,-33.9765,-30.6155,-34.8905,-30.0399,-26.9563,-26.5565,-29.743,-35.9769,-26.0992,-22.3317,-8.8781,-23.3001,-17.8337,-10.8123,-11.2999,-13.3506,-14.6673,-9.3102,-9.8589,-4.671,-7.7559,-7.0957,-0.4436,13.1967,8.518,5.1553,-1.0453,5.7729,5.1398,1.3755,14.8312,29.3392,28.4477,22.6027,20.4213,-0.1512,2.9954,-4.1197,-9.2523,-8.5304,-15.3653,-15.2251,-24.4702,-32.1459,-28.4498
2025-02-12,-23.5657,-24.2713,-18.5163,-16.2718,-11.1946,-14.3455,-12.9486,-15.1779,-20.5628,-17.0799,-24.1948,-12.5229,-11.0644,-6.7456,-12.2164,0.863,-8.2905,-9.4865,-6.4012,-11.8352,-12.97,-18.5354,-20.8856,-20.8844,-19.9748,-17.7576,-16.636,-11.3554,-9.031,-9.0041,-8.8004,-7.0216,-3.0513,-0.0407,18.1836,21.228,17.5079,9.198,-7.2556,-2.3402,-12.6026,-9.4158,-3.1483,-14.0169,-7.2135,-8.2788,-4.6582,-6.2482
2025-02-13,-3.6412,-9.2255,-13.6266,-11.2533,-10.0878,-10.6206,-13.5729,-13.7912,-12.9809,-10.0561,-10.4709,7.3597,-1.328,1.2416,-11.5459,2.5509,-11.5448,-12.4894,-15.7231,-23.5276,-24.8915,-20.2187,-13.8491,-13.8368,-9.6207,-6.1446,5.0802,2.4211,1.6232,-4.1017,-2.9145,0.7238,5.2707,6.5731,28.1056,29.293,28.8842,33.1903,13.0814,9.5097,7.1757,8.7774,9.4853,5.1152,4.2078,3.9109,3.3275,2.3884
2025-02-14,-0.354,-5.116,-2.0176,-1.5233,-5.8959,2.5307,-5.5369,-3.249,-0.6443,-3.6862,-5.5666,0.2833,2.5452,6.6238,-4.5216,30.7669,25.5238,19.7674,27.2959,27.406,18.4472,21.079,15.0631,11.2179,8.7173,7.6061,9.9491,4.6731,0.8822,-1.1287,-0.4452,3.216,0.6676,-47.6942,44.7198,43.3956,39.5156,29.7939,19.8106,14.2148,5.1307,1.4251,3.9378,-5.1041,-1.577,0.5829,-13.5489,-10.0896
2025-02-15,0.3699,-1.2807,2.0989,1.3603,0.0832,-0.2521,1.1948,-3.1036,-6.2216,-17.053,-23.2018,-27.0667,-30.4717,-34.6038,-21.5649,-13.6771,-14.1359,-16.3374,-5.3312,-2.8217,3.9827,6.784,15.8356,17.2279,18.9396,23.2886,27.491,24.7654,20.1493,19.211,18.5143,23.3447,21.8964,9.8418,29.2322,26.0386,16.0164,10.9073,-7.136,-4.1837,-6.506,-10.1758,-8.1219,-9.0111,-13.4813,-22.7314,-16.368,-25.6719
2025-02-16,-6.5791,-9.9246,4.9492,-4.3529,-13.7692,-5.4131,-3.6085,-4.6802,-12.6683,-13.0565,-13.2044,-20.2552,-20.6161,-15.4418,-14.0632,0.9302,-10.7038,-10.8907,10.4153,-0.2289,8.8452,12.3399,9.8601,6.154,1.2641,4.2148,38.9928,34.3776,32.3324,31.2913,34.5092,43.3175,31.4101,3.0174,28.2243,9.2438,-0.4115,2.5978,-9.525,-2.8332,-10.5842,-1.4983,-0.641,-7.2802,-8.6092,-10.4159,-28.1999,-26.3982
2025-02-17,-12.1129,-13.4644,-3.1861,-5.8041,-6.3365,-7.5258,-3.4479,-5.8651,-5.3702,-1.9314,-1.9626,18.54,9.2146,6.9773,19.5993,37.0639,27.8086,7.26,16.1301,13.2373,24.9005,20.4843,13.9236,12.4769,11.9407,10.9209,7.8023,4.8532,-7.284,-11.4257,-30.4939,-21.9114,-28.3623,-65.1018,12.7036,9.9848,5.2366,6.5328,-8.3419,-7.4287,-3.0966,1.8036,2.0567,-14.9237,-15.7935,-19.7438,-28.297,-28.1334
2025-02-18,-13.8892,-12.4014,-2.2634,7.1705,14.9799,-0.0424,-8.3668,-11.2202,-6.8218,-3.7232,-15.3627,-10.0856,-26.6881,-35.4348,-39.4817,-14.0754,0.9127,-3.8764,2.596,-2.3258,11.4374,7.3595,2.013,1.0967,-2.5546,-10.5942,-25.658,-29.6775,-40.7954,-42.1906,-60.1293,-56.4946,-79.0215,-123.1165,-379.8537,5.1387,1.2422,3.7763,1.2089,-1.3934,-0.8666,-1.275,-6.4198,-2.5181,-7.8448,-12.4019,-1.8029,3.5717
2025-02-19,13.5919,-4.5176,-11.5087,-7.069,-1.7315,-6.715,-11.8062,-8.4912,-12.4479,-8.2952,-19.4852,-16.3983,-14.1689,-24.5084,5.9816,4.1117,4.0099,-7.9968,-2.9471,-2.3083,-0.0051,-2.4443,-3.6308,-11.8869,-17.5388,-18.4941,-26.2321,-28.5542,-30.9395,-27.6671,-30.9326,-25.3544,-25.1353,-11.121,-0.8825,-3.8291,-9.5732,-10.6996,-1.4314,3.411,-3.3652,-5.4292,-4.8032,-10.9888,-16.7413,-16.5891,-2.0741,-10.4069
2025-02-20,-17.4858,-5.4062,-15.0001,-13.1066,-20.8949,-20.298,-28.5279,-27.6699,-26.4941,-26.065,-23.7187,-26.3776,-16.6564,-25.2865,-30.675,-33.9102,-6.7721,-15.0095,-4.1701,-1.8753,-2.9907,-8.5529,-8.5427,-9.7475,-11.621,-14.0188,-19.4899,-22.7963,-26.8744,-29.8558,-36.6254,-31.8533,-39.3607,-45.2347,-31.8222,-21.9118,-14.8867,-15.8142,-9.6612,-7.2092,1.9648,6.5334,-1.649,4.7984,-8.2436,10.834,17.3904,2.6255
2025-02-21,-1.8673,4.8933,3.179,7.8864,-3.8902,3.0048,3.5012,6.6597,3.9037,8.0188,29.5464,36.2608,33.2918,22.3065,26.5146,24.5,15.2213,7.2644,18.9311,9.7328,6.823,2.5848,24.0065,12.0013,9.3212,11.569,0.7618,3.6238,-5.0056,-5.3416,-20.2477,-36.9991,-22.899,-42.6775,-32.8209,-26.7871,-14.3159,-10.0756,9.7444,18.6925,22.15,31.4315,31.876,38.7746,42.1057,43.2363,26.4809,21.7273
2025-02-22,23.4694,21.1168,19.3537,14.7445,18.4707,14.7855,18.2627,16.3878,16.0862,12.9616,5.5951,1.1638,17.5327,10.3505,23.6327,26.7564,-1.3856,-4.5364,-9.2077,-2.7328,-4.8894,-1.0544,8.2131,9.4247,2.9261,-1.2653,-14.3633,-17.5959,-30.2807,-29.9533,-45.9035,-54.2337,-37.9745,-59.4668,-68.0035,-20.1111,-7.2775,-9.6931,-9.5885,-11.1802,-4.895,5.779,-2.8143,-4.6,-8.4201,-1.479,-6.2181,-1.5607
2025-02-23,2.8715,14.9994,4.1011,8.1298,-2.2366,-0.7652,-12.8873,-7.3834,-18.3292,-7.4602,-9.7774,-3.1458,-7.8418,-7.051,0.2878,12.5434,2.7828,-3.2354,-10.6001,-5.0929,2.1695,1.9853,31.008,31.6206,35.1197,33.0678,36.6466,37.3507,22.3877,21.7907,-15.7984,-18.9218,-19.0813,-28.4546,-45.6774,-45.3021,-48.4705,-47.5241,-12.2743,-1.9877,0.338,9.651,11.2745,28.3295,25.8259,27.12,27.3175,21.9981
2025-02-24,22.5904,22.1113,13.8605,17.2124,25.0051,21.1681,17.5856,17.4079,23.47,19.4467,-4.9677,-17.0551,-5.8161,-23.2324,-13.6249,-11.8152,-12.9877,-10.5524,-9.4804,-0.1149,8.458,12.4574,11.8977,13.5163,10.5721,4.0024,-8.4152,-7.0808,-7.1345,0.2043,-14.2683,-19.1467,-14.2157,-15.936,10.979,20.2469,16.3367,12.4979,5.6798,-3.2956,-7.1967,-5.5729,-2.8654,-4.6163,-10.7209,6.6897,-14.5784,-18.3921
2025-02-25,-1.0101,-9.5591,-19.0131,-23.4541,-23.716,-21.1037,-16.0733,-22.3146,-23.2514,-22.9118,-26.794,-25.4963,-11.7608,-7.682,2.9384,25.4714,-9.7837,-4.9533,-1.9173,6.3123,8.837,6.0405,7.3423,5.9947,4.126,3.1341,-4.7938,-11.4692,-14.6483,-14.2931,-0.0594,6.1815,7.2736,10.5083,19.696,40.3563,33.8117,39.2801,23.2108,19.7982,25.0117,21.0546,21.0151,12.9388,12.3511,9.8275,16.8718,7.5126
2025-02-26,3.4983,4.0891,5.0018,0.5216,-1.7141,-1.4824,0.9689,-0.2082,1.9273,1.4431,0.147,-3.0912,-9.0019,-10.2654,0.0717,1.933,-3.076,7.0456,8.9035,11.1414,13.9171,23.0306,25.6574,23.3047,25.975,27.581,20.8705,12.9215,15.2918,9.3584,18.3162,16.6202,27.0074,33.8247,36.0056,64.287,59.5105,52.4808,28.0768,30.2883,30.9197,27.9623,28.4867,24.8437,23.6258,24.9612,20.3009,16.934
2025-02-27,5.9791,7.8056,4.2574,2.3073,1.2408,1.4791,-0.8365,-1.12,-2.6566,-8.3879,-11.5335,-5.8366,0.3873,-2.5689,0.0539,19.4673,6.2479,8.7282,14.3074,14.0607,10.6447,7.5924,1.8158,1.9324,-6.8153,-4.5639,-12.5636,-14.4499,-18.5254,-15.0645,-8.3871,-3.471,-2.4281,7.7705,-3.3444,53.501,46.1867,47.3578,21.5805,14.1893,13.4544,9.6721,7.7324,2.3321,12.4039,-9.3398,-2.2446,3.4873
2025-02-28,14.8712,15.5383,12.9906,7.4313,8.4351,9.4394,1.9361,9.4194,6.1363,11.5328,24.9661,-0.9269,3.8533,-9.263,40.4859,51.6849,24.7208,26.7672,6.4326,4.052,0.4358,3.2054,-0.743,4.3607,-0.7335,-2.5988,-8.0617,-11.2714,-18.0806,-11.0867,-11.6264,-16.3076,-11.187,-19.9653,-20.5755,-12.1133,56.1264,52.3641,25.9047,30.5329,19.9117,16.9374,10.8046,7.0652,10.8844,8.4292,6.8402,-3.4202
2025-03-01,0.8334,-2.5988,-0.3656,2.1386,0.6162,-2.504,-3.0578,-1.1375,-6.5407,-9.0564,-11.5567,-18.0201,-10.624,0.9253,-7.8406,-1.9419,-10.7936,-5.2924,-8.4208,-6.1756,-6.6408,-1.8701,-11.2769,-9.2656,-8.2961,-10.9229,-19.7503,-23.4034,-24.0461,-24.7355,-27.8892,-23.443,-31.6647,-46.0358,-33.6496,-24.0,34.7587,33.34,15.5747,10.8751,10.1342,11.7701,15.7826,10.8765,7.2245,7.3903,8.842,-0.9547
2025-03-02,1.4226,0.3924,-3.4663,-5.7073,-9.6305,-4.7787,-8.929,-11.0289,-8.1793,-10.5374,-12.4276,-18.9709,-22.6251,7.5876,-26.6331,-22.8518,-33.6218,-30.7749,-42.4935,-44.7004,-45.1526,-39.5813,-38.4676,-34.7422,-42.2239,-52.0542,-62.9699,-56.9013,-56.3415,-54.8285,-60.0831,-66.4503,-73.8324,-76.2105,-76.1,-87.2587,-8.1635,-4.8769,-3.3062,-5.9927,-10.4504,-12.334,-18.9234,-20.1823,-17.3903,-21.8837,-29.2578,-27.5943
2025-03-03,-18.5143,-19.3896,-18.6719,-23.962,-21.5236,-24.4718,-27.3351,-26.0567,-19.6987,-17.0597,-34.7274,-29.5325,-19.4539,25.0314,4.4073,4.7472,11.3628,21.2842,6.8884,4.676,3.4107,-0.0884,-6.8465,-1.5575,1.6614,-3.0445,-6.6261,-7.3765,-11.5488,-11.7459,-23.6322,-22.197,-13.3402,-18.1256,-34.2143,-28.4828,10.9128,14.3234,18.6272,23.1557,16.8302,22.8461,15.5498,11.6148,16.0153,13.2081,9.2438,17.6765
2025-03-04,22.2342,11.0092,8.0916,7.1835,9.1737,6.7822,-0.4528,4.7168,0.0004,-2.7737,6.538,-13.7029,-25.4662,9.5791,-7.3695,-4.2347,6.4764,13.1967,24.1351,-7.018,-14.14,-7.3881,3.4975,2.3509,-1.7154,-6.5396,-18.3689,-16.2911,-28.2812,-22.0155,-44.4344,-47.9529,-57.0742,-50.1608,-57.6478,-58.7759,-11.0424,-7.4893,-31.3568,-10.6243,-9.4409,1.5103,2.6987,-7.9017,-8.7558,-4.2163,5.3466,11.2646
2025-03-05,9.3165,4.7887,8.823,13.8206,10.2305,12.5407,17.0473,18.6988,3.0933,3.3169,-19.6322,-23.6521,-9.3447,9.4313,-20.0233,-22.8592,-22.4934,-31.1391,-19.5427,-6.5418,-3.962,0.5678,2.9202,12.8185,15.0449,8.4458,0.387,1.7647,-10.8963,-12.0025,-39.0469,-45.0982,-48.3213,-47.7329,-64.4324,-45.708,-29.2254,-24.3019,-14.3044,-3.1101,2.7756,-0.9803,-0.4357,-10.0668,-5.5084,-11.9957,-5.6004,-7.7653
2025-03-06,-5.9836,-12.6699,-10.2115,-19.9754,-19.3128,-22.0013,-27.4873,-31.1262,-30.4327,-28.8644,-37.1344,-37.8526,-29.2658,26.358,-20.7598,-21.6816,-30.9074,-36.4231,-38.0816,-32.9741,-39.3399,-39.3535,-31.9977,-12.5876,-12.6904,-9.7007,-10.6351,-7.3603,-26.6035,-24.3366,-60.9709,-53.9761,-58.529,-65.2784,-55.7035,-43.1149,-32.7585,-29.2016,-19.6658,-23.1823,-15.3963,-10.5166,-2.0138,-4.4621,-6.0323,-3.848,0.7317,-6.0431
2025-03-07,1.0785,8.4291,15.874,15.7365,18.3056,7.5411,0.3594,-8.1899,-7.2116,-4.3688,-15.7636,-9.2605,-8.7955,5.7882,14.0001,15.3597,28.3082,24.9315,16.2435,24.5036,17.3043,15.6848,11.4725,7.3621,14.6631,11.5641,20.086,19.6406,21.9031,22.052,14.0323,18.381,15.4271,6.0109,0.119,4.799,9.2029,13.8826,15.9317,27.1347,25.0301,9.0327,16.0458,14.3131,14.8791,10.933,5.2674,0.5852
2025-03-08,-1.0849,-7.444,-13.0478,-16.5765,-12.8294,-20.2587,-15.9845,-18.365,-20.8478,-22.5587,-26.8492,-26.2525,-20.5783,14.4871,-0.3091,-0.5651,-14.7348,-8.6119,-12.039,-16.0297,-22.6578,-17.9663,-30.8788,-40.1285,-42.0838,-46.2579,-52.8368,-50.583,-48.3724,-50.8943,-54.8933,-62.0677,-55.6245,-61.2019,-46.5382,-30.2932,-11.855,-6.0784,-0.7146,7.1857,9.8357,-3.3008,-2.8476,1.0616,4.3371,-0.7803,1.8035,0.2729
2025-03-09,1.3888,-0.5286,-7.242,-13.9295,-14.3682,-15.456,-9.7793,-8.0278,-6.1398,-7.896,-7.6298,-12.073,-40.7375,19.1967,-5.043,-4.8784,-17.6745,-20.1158,-23.7128,-19.4328,-20.0107,-17.62,-6.6076,-9.8566,-11.3136,-16.0875,-17.3204,-16.89,-13.503,-9.6135,-8.0642,-10.0365,-9.0266,-19.0095,3.3139,26.156,20.2617,20.7717,7.0797,3.4374,2.0964,6.6276,9.5985,7.7237,9.6227,6.2213,15.5773,11.8016
2025-03-10,2.7616,5.8848,0.4746,-1.4911,-4.086,-7.565,-14.1432,-14.0813,-20.7457,-18.6857,-28.2038,-25.3955,-26.458,-4.1761,4.8301,8.134,10.9742,16.0713,16.6183,21.4795,13.926,9.6523,10.16,10.4,7.2115,5.4075,-3.2199,-3.2944,-6.1476,-7.9859,-14.3286,-10.9785,-6.3011,1.8198,2.5498,6.8382,-0.8865,-1.9052,7.9506,12.329,13.9969,6.2958,14.8046,8.8595,3.0698,-7.7975,-4.6657,-6.9682
2025-03-11,-5.2372,-5.4884,-5.3425,-6.2704,-8.194,-9.3055,-9.7054,-9.22,-8.0397,-4.8812,5.539,13.9896,21.0786,47.1542,24.5087,15.2663,12.8724,11.439,16.0689,19.3829,17.5498,13.4168,7.4562,3.8583,1.9239,1.0456,-9.2684,-10.776,-11.4979,-10.0646,-13.4604,-2.3495,12.0767,30.0413,30.4501,31.7562,16.7749,18.118,1.9757,0.9218,3.5705,-0.6219,12.3168,3.55,4.7622,1.5787,9.4138,-0.0753
2025-03-13,7.3295,7.3333,6.8153,1.9909,8.2898,3.3437,1.9842,4.2609,3.2916,3.2899,-0.3863,3.8746,-50.7702,13.0572,4.2825,-0.3265,9.7973,13.5771,21.0996,23.2655,20.8307,15.8338,12.9479,9.0014,7.6991,7.4084,13.1794,10.8964,11.213,12.2789,19.4293,19.8418,21.0348,29.3847,39.6522,50.4255,37.5643,31.7256,14.931,9.051,13.0536,16.9995,11.8604,23.618,24.5334,22.0007,25.9586,28.7849
2025-03-14,23.5891,20.0823,20.5399,27.8444,25.2987,18.8519,18.0494,18.1048,14.7025,17.0861,-1.5583,4.3345,-6.0643,17.7686,12.2127,13.3485,19.0192,29.1399,25.7148,20.926,13.2775,18.0706,30.0306,30.3914,24.9872,24.8345,29.7106,29.7411,26.5975,24.0109,29.0326,21.1858,32.0237,32.8594,40.5321,48.9286,50.833,46.9198,29.3383,22.3446,24.318,23.9817,12.9685,21.1242,21.5215,11.545,12.6712,8.953
2025-03-15,2.1503,4.3531,-0.5698,3.0355,6.122,9.1853,15.0513,11.8537,16.6643,16.7168,16.188,10.3831,6.6315,40.6105,12.9,16.03,6.6971,0.5925,-1.63,2.2362,5.274,3.0657,2.6085,1.1123,0.0654,-3.8963,-3.9733,-3.7112,-3.1406,-3.4287,3.0582,4.7341,6.6066,11.686,19.0398,11.8771,29.0815,21.5082,16.4699,6.6216,13.6019,16.9591,20.0247,15.5559,17.8109,13.2925,18.8352,16.4294
2025-03-16,13.5382,16.6383,12.2797,14.6681,12.1111,11.3459,17.2356,16.2272,17.2823,11.5551,9.4186,7.9133,-5.3718,26.7129,15.7022,16.8641,4.2528,4.0775,0.011,1.117,2.6343,1.8382,-4.5434,-3.1572,-7.8495,-8.8767,-11.4581,-8.6384,-6.8751,0.8314,5.6169,4.828,12.867,17.8535,16.7931,18.7778,29.2318,23.0917,16.9235,15.91,9.2046,12.1997,13.8386,7.4278,11.6791,7.0552,1.9904,5.0055
2025-03-17,3.9431,6.8122,7.8327,3.9996,5.9999,2.3198,0.91,1.5811,1.86,3.3642,-19.5503,-9.6671,-24.233,-8.6126,0.1214,2.3962,2.7009,-2.4386,-13.2139,-14.7277,-17.6813,-20.1593,-15.4946,-15.77,-10.823,-8.6376,-0.2464,1.0536,3.7106,3.5646,15.2147,16.9623,17.0143,32.2988,24.9085,13.2113,42.6205,41.9336,34.412,24.3721,21.6185,11.764,18.6334,10.5433,10.811,8.1974,2.966,-1.5206
2025-03-18,-5.8711,-3.8131,-7.5732,-8.6872,-6.779,-8.4011,-8.9415,-15.3599,-18.2695,-12.6552,-26.9279,-27.7562,-35.8125,7.0624,-7.5295,-1.4145,-4.5282,-11.0538,-18.5863,-18.1814,-22.4234,-24.9246,-23.9113,-27.8603,-27.9437,-32.8257,-40.4366,-39.2445,-34.244,-32.2576,-19.6458,-14.7693,-15.8485,-0.6556,-9.8771,-44.3,21.7333,17.4137,18.3553,11.9702,14.5877,22.0484,22.8899,17.5042,19.6471,14.3351,11.082,9.8622
2025-03-19,16.3005,12.0318,16.4565,11.94,8.1407,10.5253,7.374,6.2417,1.3443,1.2095,-11.6798,-17.0835,14.0178,18.7107,2.9671,7.7016,-3.2992,-10.9296,-10.6307,-2.794,-1.7638,-1.3336,3.924,7.1235,6.3675,0.3329,-25.1837,-16.9686,-6.5284,-1.9641,1.2491,5.8223,2.7402,16.9325,-6.9823,-11.3463,11.7743,8.7572,-39.1449,-45.6091,1.6903,-24.844,-9.9409,6.8765,4.547,-8.0086,-12.9952,-7.7086
2025-03-20,-3.3928,-4.1119,-0.7828,2.022,-1.0886,-5.1676,1.3902,7.4104,-2.5858,1.5546,-10.8084,-16.8078,7.8504,13.0984,-0.3667,6.5184,-1.9531,-2.6369,-1.4313,6.9694,11.1439,5.3692,2.2567,3.1261,-0.1875,-1.1918,-5.0331,-3.1232,-3.2086,-3.3116,-6.3481,-8.1226,-20.2001,-38.838,-32.1654,-32.173,-15.5092,-17.079,-9.4571,-3.2783,-0.1585,-1.7475,-0.2099,-5.2441,-7.7045,-12.5956,-18.6963,-27.3116
2025-03-21,-30.2478,-29.5025,-32.6515,-33.0413,-31.8743,-31.2636,-27.7114,-31.4541,-32.5797,-35.9744,-36.3341,-40.3735,-35.0422,-26.4152,-2.3307,-1.9992,-7.5338,-17.2031,-22.7773,-24.5704,-32.8026,-32.9938,-31.9738,-34.0011,-28.0266,-24.7095,-31.1159,-30.8284,-26.5845,-23.1997,-45.0822,-56.0012,-63.9847,-89.4356,-82.1567,-76.2466,-49.3311,-44.7643,-28.7657,-31.7212,-28.1671,-25.9317,-22.5274,-22.114,-27.5,-24.761,-23.774,-20.3238
2025-03-22,-14.5971,-18.206,-14.8641,-17.764,-13.4671,-14.6934,3.878,9.6745,6.6956,4.3545,21.0119,24.2585,12.4674,16.8639,-3.6065,-9.6712,-16.5443,-21.9063,-29.845,-29.1075,-31.1947,-31.3038,-35.3626,-35.2241,-29.5583,-35.6473,-37.3279,-42.0565,-38.9681,-38.8977,-42.3863,-44.3656,-37.4045,-51.0353,-52.1986,-45.5636,-27.3105,-26.2884,-21.6365,-22.6642,-11.9829,-6.887,-3.9322,-11.4425,-5.266,-10.1384,-9.0281,-13.6807
2025-03-23,-18.0001,-13.6414,-19.0435,-18.516,-15.3279,-14.0475,-11.1656,-13.9949,-6.6283,-0.3418,-6.3771,-6.2759,-6.4446,-5.6456,-10.56,-4.9067,-5.0363,-4.0919,-5.0059,-11.1353,-15.2189,-17.13,-20.8482,-25.8214,-29.3034,-29.1505,-21.5646,-15.803,-10.9719,-10.0854,-2.2114,1.3461,0.0539,-11.9723,-4.1415,-5.0075,6.2475,3.0675,-7.1179,-10.6106,-11.4178,-5.6011,-4.4901,-12.3981,-9.605,-11.4495,-11.5236,-1.3981
2025-03-24,-0.2458,-0.4897,-0.8175,0.0219,-1.1956,-2.1452,-4.6802,-5.9777,-8.2616,-9.9117,-6.8215,-0.2923,-9.3982,-7.1038,-10.9715,-14.1187,-4.9756,-6.8685,-6.8079,-11.2188,-13.1513,-12.1606,0.0032,-1.3215,-4.0097,-5.9047,-13.1657,-13.0162,-16.5782,-16.1198,-14.5601,-13.4901,-10.5252,-6.2138,-9.0984,-18.2265,-53.7,0.415,-0.9563,-7.1469,0.5328,-1.2201,5.999,1.0016,-0.1116,2.6335,-3.107,-5.9188
2025-03-25,-3.683,0.5556,-2.4901,-9.0706,-3.8608,-10.989,-10.9009,-12.4222,-8.8795,-17.9428,-5.7433,-7.0726,4.1478,9.6642,8.5929,7.5987,8.0916,4.547,2.8822,3.8414,7.1836,8.5183,6.9959,7.3048,11.5651,9.0909,14.7521,19.2442,20.8588,14.6768,24.7196,24.8636,18.4657,14.5773,6.1364,0.5515,18.0691,17.1576,18.469,11.7979,9.8911,9.6703,12.6174,6.5661,8.3666,5.2779,6.3977,11.9103
2025-03-26,4.5126,4.3044,10.5968,11.3247,7.1332,10.59,8.989,8.7873,15.0078,10.7087,0.4062,-7.9151,7.1344,10.2513,-4.7195,-2.4291,-8.7048,-6.753,-0.6811,4.7083,-3.7024,-7.5511,-18.0395,-19.2373,-18.9869,-18.8687,-26.4982,-26.9494,-30.4433,-29.7905,-41.9657,-46.0201,-33.4594,-32.4784,-32.6579,-36.6938,-34.8492,-6.7547,7.7535,2.2555,-1.6884,-1.3501,-1.3385,-6.7845,-7.3288,-13.1768,-5.7705,-10.0874
2025-03-27,-3.1346,-8.3175,-10.7928,-8.1277,-6.7147,-9.9508,-3.6762,-10.963,-13.539,-12.3113,-17.6895,-20.5009,-7.2213,-5.1254,0.6841,2.6007,-6.554,-9.7013,-18.131,-14.3607,-15.0346,-19.8264,-25.8716,-27.9243,-31.3365,-27.523,-20.1221,-16.6636,-12.5038,-7.9185,-18.446,-17.2579,-31.8577,-39.3066,-47.1245,-49.3068,-28.6947,-25.3346,-11.7919,-14.3992,-8.4998,-7.4157,-1.881,5.3192,8.1116,18.8581,29.9716,34.0067
2025-03-28,30.0257,33.6053,33.7957,35.0609,39.6637,38.5014,38.4081,36.4427,27.0899,24.1458,9.392,7.4439,7.7008,2.1686,24.6159,24.2208,27.6239,20.0279,35.6064,38.6878,41.2566,43.6335,47.2095,45.5437,47.614,41.6632,27.3608,24.0186,11.6011,11.7222,-5.7507,-22.287,-39.4372,-52.6368,-50.9619,-44.9399,-7.8785,-19.8869,-0.8022,-1.0472,2.8879,-5.1416,-3.0148,-1.466,0.3025,-3.6564,-9.954,-15.9543
2025-03-29,-15.2411,-14.8146,-13.9854,-9.296,-3.0828,-8.6918,-7.5163,-7.1926,18.7914,-5.3831,-12.6118,-15.5233,0.8606,7.3373,-19.1334,-21.6662,-28.0849,-31.6509,-33.6847,-6.9401,2.3617,20.9807,45.1551,52.9568,49.4506,49.49,34.5391,41.0804,34.3443,36.644,-2.6175,-10.837,-15.8996,-57.5809,-61.9681,-56.6045,-34.0687,-37.8987,-1.7565,6.7233,14.7151,31.0826,41.4994,52.7884,37.7371,40.5613,30.1746,28.5496
2025-03-30,,,34.1559,34.232,39.0684,38.604,37.2414,36.7146,49.0396,35.0592,35.6716,44.9272,46.9719,55.3017,36.9699,34.6248,39.0923,32.5899,34.5319,37.9929,36.5978,38.7865,37.6579,33.8816,32.5226,19.0062,12.4785,1.5437,14.0087,9.0498,14.0309,2.9656,-41.9895,-46.0766,-12.751,9.3354,38.5338,-3.7253,7.3432,-0.055,-12.1269,-20.3831,-11.3146,-7.8461,-11.0446,-4.1964,,
2025-03-31,-37.5829,-39.6885,-5.5225,-0.1713,5.842,5.7277,8.2574,9.3706,17.4702,17.7807,19.9091,21.5078,-9.2051,-10.3235,-20.2631,-19.8096,2.927,0.7208,-0.0498,-3.2979,-0.767,-0.7952,3.3453,0.7404,-2.1176,-3.2485,-9.5434,-13.044,-13.8676,-17.4035,-16.1726,-26.0424,-12.7303,0.2933,12.2973,57.0274,101.215,-18.0724,-119.8031,-4.4918,11.1209,9.5806,8.1442,9.9627,10.6907,10.1779,8.4088,6.8637
2025-04-01,-2.3193,0.9366,-5.1138,-6.1348,2.1829,1.9859,4.5413,0.4574,2.3092,1.2804,3.3596,7.568,-3.8587,-7.3105,-5.035,-4.7114,16.3515,11.4448,4.6729,-0.585,-7.9519,-9.4959,-8.6503,-9.8707,-10.603,-1.4069,5.7832,2.6515,9.8871,9.5323,7.9381,6.8036,27.15,22.4957,20.2522,11.0003,22.5274,17.8324,-1.3295,-0.4914,4.0086,5.7573,18.1911,26.4717,19.1231,33.9789,57.3033,65.0854
2025-04-02,61.6718,62.2804,57.5297,56.0477,67.2489,65.8003,69.704,68.0902,67.493,60.7574,31.8372,13.8523,-12.5764,-18.4851,-20.8995,-22.9078,-34.5328,-40.7052,-24.6549,-21.0611,15.9789,33.3685,55.1159,40.6285,47.0983,44.7938,24.5156,24.4955,23.676,24.514,7.1484,-2.1198,19.084,-5.2158,-16.0528,-13.9094,-1.2369,-4.7624,-17.7179,-20.8564,-25.066,-30.032,-28.5912,-24.926,-21.2082,-26.863,-29.0443,-28.8173
2025-04-03,-24.0608,-21.5868,-22.5564,-17.6548,-10.9977,-14.8437,-8.4614,-7.6409,-23.0075,-23.4452,-44.1561,-29.7086,-35.3631,-42.2334,-37.2909,-38.5738,-39.9561,-42.0933,-42.7768,-42.2247,-45.0327,-48.3662,-34.7211,-34.9228,-48.1139,-51.3352,-55.6099,-55.3043,-51.4115,-50.5027,-67.7671,-78.3339,-73.8213,-75.7319,-81.9128,-67.7882,-55.8823,-48.9164,-18.6301,-25.4606,-23.1299,-22.3181,-16.1715,-18.4266,-15.4541,-16.4975,-15.4547,-9.2993
2025-04-04,-14.9997,-22.8767,-28.4851,-33.2035,-26.6207,-31.6048,-32.2922,-26.8244,-24.731,-12.3314,-11.7197,-11.0014,-19.5582,-24.2296,-5.7351,-4.5435,0.2948,-0.3969,-9.5275,-13.8264,-24.7181,-30.7965,-40.7154,-38.8362,-40.2892,-34.1024,-15.2082,-9.2646,-3.2138,-2.1851,-31.8963,-31.872,-17.6593,-13.4788,-30.2716,-22.648,-10.0214,-4.3816,11.7414,-1.3436,11.5777,12.2255,12.303,13.8035,6.003,1.5276,-5.6744,8.6909
2025-04-05,-5.7972,-1.7439,-7.2602,-7.6039,-7.7317,-11.4783,-13.9722,-12.819,0.9682,18.2768,26.4038,25.7591,23.2577,14.0697,29.9679,32.8676,34.3845,38.7401,57.7757,65.4663,67.359,74.8342,90.8825,91.6168,95.8273,90.9085,76.3341,69.8232,66.1868,62.9713,24.4944,5.272,22.5508,-11.5103,-0.8548,-8.4193,5.0043,-2.6511,-7.5179,-11.9817,-12.6971,-19.2824,-30.3012,1.6464,-5.4651,-5.3665,5.54,7.3986
2025-04-06,14.6771,21.7347,24.5708,29.9826,48.9947,51.4627,50.0803,49.3366,52.0501,44.3041,45.585,38.6464,34.8734,33.9676,17.8049,15.5778,18.5875,16.7216,30.1974,34.405,44.4711,44.7342,50.1694,48.4096,39.0356,31.1963,25.1567,12.5278,13.6288,1.111,-14.909,-21.1147,-15.7009,2.5216,21.6915,36.5494,33.4641,26.1549,4.9136,6.182,4.3635,4.2404,8.7411,12.7916,14.5696,16.8498,13.4421,8.1199
2025-04-07,8.9602,6.7365,8.3191,7.6702,15.4366,11.6253,7.6945,11.1338,8.4892,8.7988,9.2503,5.7976,1.6528,-7.886,-4.09,-6.3648,7.4073,10.476,7.0733,11.2036,14.2912,8.0389,-7.5549,-2.6946,-4.7081,-9.3789,-17.627,-20.0215,-22.3617,-27.1385,-7.1579,-5.6112,4.5559,33.3178,45.087,61.9955,54.2584,47.8599,20.1387,13.5175,19.7441,10.3913,5.2691,11.9811,15.3594,18.3733,19.0557,18.8119
2025-04-08,9.3603,8.9924,12.6622,14.5216,11.9267,8.3548,7.2558,9.8274,15.3827,14.7218,18.3248,22.2182,-1.8406,-10.6084,5.2891,9.5783,21.6505,26.5812,22.6942,15.328,10.9482,5.3636,-0.4636,-9.8028,-11.2953,-12.3082,-12.8226,-16.9462,-20.7656,-22.2827,-11.9254,-12.0348,-6.5911,23.3368,30.444,34.8048,28.1574,25.0156,14.1609,7.5473,5.2862,0.5135,-5.269,9.3601,4.2189,1.9241,8.6007,4.4442
2025-04-09,-0.871,0.9451,3.39,6.3398,6.371,4.7781,-2.3171,-4.3208,-1.2118,1.4621,2.6833,7.9697,14.8973,4.5034,14.0022,5.4072,20.4845,24.9621,19.2199,15.2877,0.9691,-10.7226,-17.2957,-20.8995,-22.7814,-28.7842,-26.6665,-26.2078,-28.0061,-30.3747,-24.3822,-26.9184,-24.2676,-16.9355,2.6468,5.616,1.163,4.7418,15.1866,8.1599,13.9606,13.4266,13.8619,14.3198,12.6482,14.6573,23.6874,21.5291
2025-04-10,14.6166,14.6795,14.9749,16.8812,17.6484,17.9538,16.5721,16.2447,11.1404,10.6489,9.3936,10.121,12.5589,0.9088,-2.2555,-3.3591,3.4664,7.1705,4.312,6.6392,4.5297,-6.6006,-2.7737,-2.1522,-2.7623,-7.6054,-10.6205,-14.0921,-16.6967,-16.8363,-5.3418,-3.4021,-4.7385,-10.7895,9.4178,19.7404,4.746,5.0904,7.8311,1.5225,14.6956,14.9875,3.5595,6.3993,12.9819,13.1512,2.3641,0.3002
2025-04-11,-1.5477,-1.6755,0.7702,-1.09,2.9382,5.2265,5.8363,4.9293,1.6511,-1.5176,3.4361,6.8602,-2.0704,-1.1295,-0.9132,0.1852,-4.8414,-3.7252,15.6676,16.7489,12.2727,3.0627,-1.5706,-4.8994,-9.7121,-14.7252,-17.9246,-20.4299,-26.3806,-27.4842,-26.1374,-29.371,-27.4485,-19.1948,-10.3599,1.9941,11.2615,3.5155,8.2743,1.8329,5.7183,2.7129,4.5431,2.8233,0.9797,4.0881,7.8564,-4.0781
2025-04-12,-7.4862,-14.0683,-9.6286,-11.3758,-15.4105,-15.419,-26.6215,-23.8625,-23.7878,-29.4544,-30.0401,-25.0755,-20.7398,-15.9902,-0.6142,-0.042,-5.8692,-4.2953,-7.5108,-8.5455,-12.6387,-7.771,1.1932,7.8014,17.7973,25.7583,36.666,41.2848,43.2786,42.3177,45.8744,36.3064,21.0462,15.7988,-9.0101,1.0242,7.5294,7.6413,12.9276,11.0723,13.4626,1.4631,-1.4078,-2.2167,-0.6739,-2.6137,7.3897,-2.8401
2025-04-13,-11.1022,-12.1198,-16.3061,-16.8012,-21.146,-14.7273,8.3043,17.0046,29.4282,30.6418,39.2663,27.7299,22.4232,26.2432,4.2112,-0.7145,-5.2157,-14.9127,-22.1659,-22.2209,-27.0857,-25.5033,-34.0924,-32.0443,-30.822,-27.3966,-12.1417,-13.5497,-2.2095,1.2774,21.5762,21.7146,3.4447,-10.1457,3.7024,8.3933,10.8468,18.2789,10.3308,11.1919,7.8223,8.2416,14.4915,9.8678,7.0428,-7.2589,-22.7883,-27.8411
2025-04-14,-37.6232,-30.3933,-23.8784,-22.3014,-22.8798,-16.8233,-19.2245,-18.0903,-27.5021,-18.384,-15.3958,-3.5095,3.4033,12.3908,3.1382,-0.4861,17.6964,36.0092,9.7027,6.0974,12.5199,11.6345,12.515,13.9284,0.0324,-1.3665,-13.9798,-17.3063,-17.5444,-18.546,-26.95,-23.2088,-20.0055,-5.5633,-3.5963,2.5062,2.152,0.4883,8.3514,6.4925,15.0881,13.983,14.1628,10.73,11.2358,4.4745,2.8897,-1.6787
2025-04-15,-4.1593,-10.1894,-11.2443,-10.3328,-4.3137,-1.3052,1.9397,2.4533,6.6722,5.4072,12.7368,8.7838,26.3678,36.9987,45.8318,34.332,22.2129,25.9584,20.6104,22.3136,16.6471,13.4536,10.2547,19.5095,14.0605,8.7763,17.3198,12.0304,2.4263,-0.2659,-3.8074,-5.4966,1.5212,-0.336,3.4158,5.1024,6.1824,10.6758,17.7049,16.1227,13.4056,11.1737,0.501,1.3047,-4.0887,-5.3996,0.0173,-6.6098
2025-04-16,-14.5144,-17.8162,-14.0968,-12.0183,-18.3907,-13.16,-24.1195,-23.1268,-20.7216,-20.4105,-11.5074,2.734,-8.7576,-4.0164,-17.9808,-15.3985,-23.7164,-25.242,-29.3619,-28.27,-25.2659,-19.8152,-6.9217,-7.8698,-18.7429,-24.9439,-31.2833,-31.4162,-36.7267,-43.714,-50.3473,-55.4532,-36.0778,-32.1184,-6.8261,-4.2252,4.6912,10.0375,5.2295,1.5361,13.9877,8.9653,7.8969,6.6353,6.3185,4.0206,6.7619,0.4942
2025-04-17,-2.1567,-0.4386,-0.0262,-1.4967,1.5184,1.5372,13.3934,14.7042,11.655,11.1675,-13.9662,-9.1135,-2.6716,-10.5483,-7.6912,-11.95,-15.4045,-11.406,-6.5213,-6.162,-6.6098,-4.547,-3.2553,-11.41,-7.9765,-10.144,-11.1515,-7.8605,-11.5276,-13.4979,-17.4525,-20.1952,-16.191,-7.312,1.7537,-5.0968,-1.9496,-3.311,3.2101,0.0873,10.2095,4.0539,-3.217,-0.9771,-1.7623,1.8557,9.6984,10.2466
2025-04-18,1.3151,4.5175,6.0037,7.3619,9.908,6.4516,2.2394,3.9088,3.4852,2.7447,0.8458,1.6056,2.6842,4.4799,3.4362,4.0594,-7.1075,-6.6918,-3.8253,-1.8878,-9.462,-9.0782,-11.7022,-2.7719,-6.363,-7.4354,-9.7502,-11.5,-12.4762,-12.3082,-21.7673,-22.2089,-21.0606,-25.1664,-25.0123,-22.7746,-20.2414,-15.7997,-21.5589,-19.8007,-13.1112,-17.4433,-15.7714,-13.0615,-19.6166,-24.2808,-27.4258,-30.4425
2025-04-19,-28.3143,-30.4055,-37.5528,-38.687,-36.2503,-36.1112,-36.3914,-38.3794,-28.7852,-36.3764,-31.3551,-18.9602,-19.9467,-23.7382,-22.16,-22.1267,-10.8719,-2.2188,8.4872,8.4956,-0.3128,-6.0201,3.5976,9.3642,17.7032,26.0297,17.1763,13.6062,15.9171,17.3223,16.3816,10.8886,-1.2461,-12.7096,-7.626,-5.5707,-1.5015,-1.1667,-18.707,-18.4567,-19.94,-25.4026,-23.3504,-29.3353,-26.9997,-19.5471,-14.1605,-19.0562
2025-04-20,-11.6598,-17.3607,-15.7077,-15.7337,-11.0869,-9.3646,-19.5912,-25.3822,-26.8113,-32.8808,-24.1969,-17.7147,-5.6011,-2.2707,-9.5276,-15.1005,-12.0977,-15.1332,-21.9519,-24.6734,-27.5298,-23.9091,-19.7679,-20.2351,-21.7188,-23.1591,-22.4851,-23.8647,-23.3337,-23.5888,-21.0253,-17.692,-25.56,-27.3843,-22.2991,-23.1751,-18.9089,-16.7979,-14.6526,-17.6166,-11.9868,-14.0049,-14.4639,-14.975,-22.0828,-16.7035,-13.5757,-14.5859
2025-04-21,-17.0188,-15.0983,-12.4305,-12.5782,-13.5153,-9.2993,-15.3482,-15.4147,-15.3449,-15.7777,-18.4313,-19.6357,-6.26,-5.6731,0.032,1.9865,7.8689,8.302,-3.67,-1.3505,-4.3172,-5.7657,-7.8865,-8.2775,-9.283,-9.6888,-4.5703,-5.0613,-9.5191,-8.773,-12.214,-13.8055,-10.442,-3.5175,-8.3203,-3.2549,-6.4076,-4.6147,-7.0403,-4.7322,-5.178,-6.1323,-2.4024,-7.9239,-4.9407,-0.7707,-8.2865,-4.1658
2025-04-22,-0.9445,-7.7501,4.4517,5.9868,6.3713,5.8108,1.3174,5.136,1.5591,4.3878,4.4302,10.3685,-3.9882,5.1512,-10.1637,-11.704,12.8111,15.3257,19.144,18.981,14.2174,14.5696,13.3666,11.0647,11.192,8.6209,3.5048,2.6004,-0.0197,-2.3162,-4.4921,-3.0548,-0.7317,2.6879,6.7215,10.52,5.2709,4.7089,0.4794,-0.0116,-5.5143,-9.8221,-6.2604,-7.1102,1.2358,6.7323,1.7454,3.027
2025-04-23,-0.5044,-2.7406,0.544,1.7587,3.4476,1.281,1.0571,-0.7981,3.3438,1.8889,5.0762,13.9805,19.161,12.8364,28.2085,21.3804,23.1513,21.4001,19.2764,24.1517,23.6542,21.1471,17.0111,16.5336,16.5788,15.4327,16.8832,12.2902,8.5575,9.642,15.0045,13.4774,-1.8669,1.8458,-5.0823,-6.174,-8.3974,-8.8155,-8.2871,-9.0501,-4.5103,-3.6954,0.2949,10.7367,6.8433,5.0291,6.2879,15.1521
2025-04-24,14.2962,17.2297,15.7112,14.326,9.8049,12.4314,14.1497,11.4489,13.7517,17.9918,18.2541,27.1623,36.0184,31.4303,32.1569,31.3818,33.6011,27.9041,21.505,22.0272,15.9517,14.5513,6.7128,8.2595,14.7593,9.3119,2.7421,5.3662,4.451,3.3296,9.0309,8.8671,9.7638,10.4208,16.3484,15.0305,24.1132,21.6929,15.3219,19.7862,12.2055,10.9372,6.6184,9.4792,5.7073,2.3181,5.5045,-1.4909
2025-04-25,-1.1429,2.7362,0.1971,3.6788,2.106,0.6051,-0.5154,-0.9485,-1.886,-1.3138,-1.6055,-1.3824,-11.7782,-9.5115,-17.8258,-17.2542,-14.7072,-17.651,-4.362,4.2633,11.9673,11.749,4.2269,3.8532,-0.8453,-4.2633,-7.6296,-8.3669,-9.3726,-9.3729,-4.8906,-4.3274,3.4608,8.8949,2.043,-2.994,-6.0343,-5.8856,-9.7157,-11.5881,-3.258,-5.2935,-2.9042,-2.1216,-5.3287,-7.723,-2.4508,-8.1403
2025-04-26,-12.7034,-12.8139,-9.3733,-9.4364,-12.2185,-9.1248,-11.3363,-12.6901,-12.259,-15.0656,-10.4917,-9.1325,-2.5683,1.5798,1.0538,-5.144,-10.8372,-10.907,-12.2741,-10.9762,-10.4747,-3.576,7.1829,12.8228,11.7423,12.9955,15.1446,13.6199,11.0812,10.1921,15.1642,14.1873,15.7354,16.9672,12.4156,7.5123,9.1977,10.258,3.9646,3.166,-1.7446,-3.1171,0.8706,1.7824,4.9598,8.8237,-1.7105,-1.7191
2025-04-27,4.6082,-0.6394,-1.3077,3.3851,0.2441,0.6671,-0.83,-4.5091,-8.0762,-4.5121,-5.2692,2.2929,3.1872,10.7815,37.0941,44.7385,47.3088,35.2799,21.2432,29.543,36.5678,53.1031,48.111,44.4029,34.897,39.2286,46.4004,48.8051,53.018,59.5862,45.1759,46.5429,53.2949,53.9245,5.39,3.7671,5.1373,7.3316,-1.9044,-3.2108,-14.9096,1.5341,-5.0395,-5.3121,-6.2875,-5.0006,4.7375,-1.2603
2025-04-28,3.3103,6.7722,-0.5012,-8.2215,-5.2461,-6.2529,-10.7004,-11.5411,-11.5651,-15.4249,-18.3591,-7.5736,-12.462,-9.6297,5.0404,5.6927,1.4262,2.9489,8.3132,8.2147,11.4067,8.6424,5.5526,-0.0142,-5.1048,-8.5476,-10.272,-13.5818,-14.4867,-12.8098,-14.989,-14.4009,-18.8697,-12.0245,-17.3162,-14.0533,-24.5722,-26.6308,-42.9479,-50.3242,-38.0211,-28.7718,-11.8974,-10.5845,-10.6284,-2.7077,-3.3342,-8.9516
2025-04-29,-0.7839,-0.2912,-3.3838,-5.7612,-1.3839,-2.4786,-0.4361,-2.2877,-4.354,-2.5875,-5.6758,-3.921,-8.6161,-4.4675,-4.8748,1.1682,-2.6328,-3.5888,2.8128,6.505,-3.0905,-10.6745,-3.9908,-5.0057,-7.89,-14.7687,-19.4877,-22.8461,-23.7913,-18.1395,-16.1688,-19.574,-13.573,-13.0171,-23.9882,-16.1042,-22.2186,-15.4621,5.5158,16.5778,11.17,-8.2175,1.948,5.2552,-2.4544,0.2318,9.6251,-0.5998
2025-04-30,-5.8385,1.6506,8.6409,9.0825,9.9487,7.0462,7.1624,10.0182,7.8208,6.64,-7.5666,2.4431,-1.3998,1.0191,1.8722,1.0061,-4.1232,-9.1661,-1.6686,-2.9787,-12.3633,-20.0749,-16.7395,-16.6217,-17.4152,-16.9041,-18.3227,-19.1473,-23.1599,-20.7067,-21.2761,-18.0103,-14.8609,-12.4505,-9.8457,2.7548,-0.9468,-1.8799,-6.6843,2.7027,2.3703,-8.4897,5.663,7.2953,5.352,0.515,-1.7884,-8.7742
2025-05-01,-5.7803,-4.3467,-6.0341,-4.5315,-4.2826,-7.2971,-6.5675,-5.972,-4.2809,-5.4037,-2.5972,4.9614,9.1296,1.6932,-2.0611,3.557,4.1508,0.712,5.7852,6.7168,4.0219,-5.1648,-5.693,-6.8417,-8.9834,-7.4302,-9.9096,-10.2909,-10.8403,-9.3534,-2.7163,0.0389,6.0501,8.1267,0.7629,11.2972,3.2892,2.7854,0.6663,6.6341,2.8446,-1.15,10.8373,9.5368,14.4834,14.0837,8.4463,6.9398
2025-05-02,15.9436,8.4745,6.0695,9.0869,6.4096,6.0275,6.6733,7.6281,11.2562,4.4328,5.8322,16.2795,7.8147,0.2084,5.275,2.5307,4.4058,-1.8034,-12.2161,-5.8316,-4.6744,-9.0125,-12.9426,-15.3229,-17.2643,-10.8173,-15.6409,-16.5445,-14.8269,-15.437,-6.8304,-3.9201,-5.1812,-10.9961,-5.4472,5.6401,5.7147,0.1529,-5.6415,-0.839,-0.5509,-10.196,-13.5121,-19.2958,-7.0806,-5.3921,2.6473,-2.3144
2025-05-03,-5.2093,-10.8428,-10.3828,-7.6024,-10.29,-12.7277,-12.0475,-11.2954,-12.5155,-13.6286,-14.5362,1.5819,-7.9484,0.5145,0.1075,5.035,11.1649,15.8167,8.7548,18.3334,3.2775,13.219,12.9097,16.5085,15.2767,9.6268,4.5354,1.3191,-9.7725,-16.4947,-16.662,-8.2348,-13.6436,-22.0111,-4.503,-9.8814,12.1251,10.5331,3.6859,7.0583,6.2857,-5.636,-2.8879,-7.1945,-1.9594,6.262,28.1806,32.7247
2025-05-04,37.8839,37.7599,41.6907,40.2231,44.4967,43.1127,49.1696,49.1386,50.7473,50.139,58.0427,68.7448,54.6561,60.3012,58.0795,60.371,47.7737,53.6613,55.1982,56.3259,55.2971,53.1112,46.3462,44.8174,41.1282,34.0378,29.6497,28.1952,30.4045,30.8441,26.653,20.8224,35.9138,36.7561,-0.4281,-0.0291,1.3951,0.6208,13.4372,10.5407,0.9665,-6.7276,-4.0732,-13.1445,-5.7208,-0.0461,-6.0703,-5.156
2025-05-05,-3.3398,-3.3377,-4.5577,-10.6037,-10.0807,-11.5177,-11.4378,-10.9765,-17.3596,-15.9411,-56.625,-28.7675,-28.0042,-18.2966,-28.4974,-27.1778,-4.9163,-14.1262,3.5187,1.8453,-1.7089,-6.0277,-20.4361,-29.2413,-34.9364,-37.9463,-40.22,-39.2521,-41.1949,-37.9995,-37.4687,-32.8217,-20.011,-19.6633,2.1483,-1.9059,0.7083,1.8051,9.9696,15.6954,12.9041,5.1812,9.2534,-3.3364,-1.5932,0.9027,3.048,0.4349
2025-05-06,6.5927,7.7574,7.8323,10.2606,4.8667,0.3553,-0.552,3.4184,4.2035,5.9579,-1.1575,-3.8726,-7.0082,-2.6724,11.1722,16.8575,9.5347,9.3622,11.7051,10.7657,10.7351,7.1364,4.2357,0.1011,3.7714,4.0305,6.4838,6.5182,6.6056,7.7175,11.5168,13.3412,13.9573,13.2371,12.6702,14.5625,5.6239,-0.5159,-4.5985,-7.8896,-1.2157,-5.5586,0.417,1.7863,4.5453,9.4534,11.8776,7.6347
2025-05-07,3.2809,-2.2291,3.9785,3.9025,4.8128,3.3849,1.3844,1.1019,-1.5419,-2.1921,-15.2465,-14.9777,-11.8506,-7.6443,6.8385,8.7766,10.1013,10.4784,10.1165,11.8138,6.4592,7.4811,12.073,10.004,5.9555,3.6444,1.8562,0.8606,1.3823,-1.5309,-3.789,-3.7807,-3.2159,-1.2709,-11.6819,-12.0187,-16.9612,-18.6093,-19.1725,-17.6023,-14.4434,-15.8955,-7.7549,-5.4747,-0.8122,0.948,10.1653,2.8575
2025-05-08,-5.9013,-4.778,-3.6496,-5.2401,-1.1973,-0.5748,-1.037,-2.3677,-1.0485,1.4945,-13.6322,-8.6776,-3.4075,0.3999,12.0498,12.6672,17.811,15.7275,13.1133,8.1228,7.77,1.9241,-4.3788,-5.9931,-5.2614,-7.0164,-7.7767,-9.8905,-15.7551,-19.6645,-24.6085,-25.3625,-26.3411,-32.7212,-33.3387,-22.3933,-29.5867,-29.5181,-23.7242,-21.8283,-19.2187,-21.9987,-19.6494,-19.5856,-12.4994,-7.6997,-15.2639,-28.7863
2025-05-09,-15.3625,-13.7447,-26.7677,-29.238,-31.0152,-32.912,-40.184,-38.4961,-37.8892,-37.0075,-33.096,-33.2612,-35.6791,-30.8189,-2.1529,-4.5034,-2.0697,-4.9993,-2.3168,-6.2092,-2.264,-9.3242,-11.7586,-11.37,-11.0255,-13.5093,-12.1885,-12.2858,-23.1832,-24.7573,-17.3516,-14.7348,-17.3775,-18.3284,-5.4817,-3.0241,-4.0001,-4.3339,-0.9461,4.1764,6.7119,-8.7838,-6.5664,-5.081,-11.443,-12.9005,-0.6323,-8.6705
2025-05-10,-13.7489,-14.0895,-14.7574,-11.4666,-17.125,-17.6182,-18.3756,-20.1799,-25.3762,-25.3476,-5.472,-7.1862,-15.0998,-18.1518,-13.2392,-17.8845,-11.0547,-14.3755,-14.4944,-18.9596,-22.8718,-21.857,-12.1236,-8.2424,-11.7832,-14.6984,-18.4275,-21.4987,-29.7131,-29.2439,-31.9037,-25.9645,-29.5963,-20.9075,3.5753,19.486,7.669,-6.8402,-7.3044,0.6904,2.0722,-13.8759,-4.4756,-9.5305,-7.4852,-9.5483,-15.0418,-21.0224
2025-05-11,-18.9387,-19.6624,-22.9217,-25.1066,-24.4337,-24.4212,-24.1865,-18.2414,-19.6839,-22.3662,2.2314,-5.2099,-10.1004,-4.8821,7.8823,12.7641,6.5629,-0.7996,-0.7597,-2.0055,-0.5215,2.4482,-6.7736,0.396,-9.5291,-10.8109,-16.8904,-23.9655,-25.1222,-30.4897,-39.0868,-36.534,-36.8046,-36.5592,-20.6107,-13.6662,-5.7232,-1.5864,1.2582,6.1407,5.7076,-3.1606,-1.4609,-2.9117,-0.0962,-2.487,-7.0515,-1.2604
2025-05-12,-2.1576,-5.0644,-4.582,-5.5518,-8.7917,-8.8303,-11.1922,-12.1562,-15.7904,-17.3604,3.8673,11.1943,9.918,-1.6092,-11.5056,-10.3813,-16.3294,-18.3819,-22.0217,-23.3284,-21.9329,-20.423,-24.327,-21.8444,-20.6485,-16.066,-16.8425,-16.5587,-18.8952,-19.5422,-20.0482,-17.8072,-16.5488,-15.5756,-4.4019,-2.3207,-1.9294,-3.1337,1.8987,7.6323,9.0689,-7.1796,-11.7101,-17.0715,-12.6126,-19.1955,-25.2718,-18.9683
2025-05-13,-13.6562,-19.076,-19.9694,-20.9246,-19.4025,-17.4867,-12.6163,-12.2735,-15.4641,-13.6424,10.3524,11.3896,-6.8537,-7.3503,-13.3027,-12.7426,-14.5064,-18.9819,-16.9821,-14.8474,-14.3496,-12.9702,-12.658,-12.7617,-6.6445,-5.0403,-9.5893,-5.2749,-8.997,-13.552,-12.3062,-9.4944,-7.2595,-12.9784,-7.9954,-12.4793,-11.4697,-13.819,-17.4875,-13.6837,-2.9414,-21.7718,-20.668,-14.8915,-7.4949,-6.7346,-10.5015,-7.5415
2025-05-14,-4.9025,-3.9594,-12.4042,-10.1985,-6.1566,-3.9534,-0.7544,0.2177,2.7697,5.9753,27.5007,26.5566,15.9848,6.964,0.3637,-0.4573,-5.7997,1.587,10.2579,-2.8261,-11.6901,-16.6629,-21.8192,-26.5735,-28.626,-27.5367,-27.9554,-33.8869,-32.4107,-33.4708,-30.7777,-27.4548,-24.8126,-23.9359,-3.9549,-1.658,10.0746,13.1535,14.3628,11.9767,14.7606,2.5814,1.2814,3.9651,7.5323,2.615,-12.5173,-8.3961
2025-05-15,-14.5381,-10.3612,-3.4448,-9.3051,-13.9483,-17.0692,-10.9896,-13.8154,-12.2118,-7.1968,10.5594,12.5674,15.1886,22.95,14.4347,3.931,6.749,5.9668,-0.6609,-6.069,-8.8649,-15.3492,-29.4995,-33.7445,-38.627,-41.0321,-43.372,-44.6842,-45.0208,-43.8902,-38.2236,-34.4333,-28.2981,-28.6592,-20.3465,-26.0766,-12.9966,-14.9105,-7.1712,-0.8532,1.0202,-20.779,-17.1274,-17.2223,-12.1867,0.4946,5.3197,6.1781
2025-05-16,8.1263,7.1533,7.664,8.211,4.8324,4.2748,11.6801,12.5711,9.8632,8.5212,33.0952,32.8209,24.4324,20.3782,10.3478,7.3601,6.2712,4.1048,2.6735,0.5144,-11.7117,-14.848,3.7279,-7.3092,-9.4005,-7.9699,-2.6216,0.3625,3.444,10.5301,31.3207,27.5992,7.5565,-17.6205,-16.4625,-19.8581,-9.2603,-2.9089,11.1526,18.194,12.9909,0.3572,-6.4874,-8.9765,-12.2972,-10.6941,0.0933,1.8324
2025-05-17,-5.5665,-4.3216,-6.9517,-7.8139,-6.8743,-8.8974,-12.1432,-6.5523,-5.1495,-8.2283,-6.414,-2.2963,0.5705,1.5006,-4.4245,-3.4917,-6.9551,-7.2758,-13.1071,-17.6138,-19.0788,-26.4735,-22.6536,-15.0802,-0.1896,6.3623,12.8045,17.3601,15.4632,21.2019,32.7726,36.6849,34.3614,30.9877,21.3762,16.4916,9.916,8.7848,-2.0459,2.3989,3.0257,0.1172,-10.7703,-10.2991,-5.021,-3.4861,-1.6714,-4.7888
2025-05-18,-5.0009,-7.8551,-9.7773,-8.4191,-7.5506,-8.5687,-9.3851,-2.5551,-6.5201,-7.0721,8.8764,-8.1686,-6.1224,-3.4054,-16.0592,-15.1326,-15.0959,-21.986,-24.1036,-30.2242,-26.0433,-26.7092,-19.8623,-7.6958,-1.7367,-0.9282,11.1818,11.5294,13.2947,12.514,4.4262,-4.1261,-4.2426,-13.2486,-11.592,-6.5523,-1.034,4.4562,3.9779,8.6154,8.3136,6.8473,5.2862,-1.686,-9.0421,-6.4429,-8.3506,-7.558
2025-05-19,-9.5565,-12.7469,-14.382,-13.479,-17.1223,-17.8273,-16.9477,-10.8306,-8.2245,-6.2561,6.57,6.5066,-0.9598,-0.6163,-3.2556,-1.9664,-1.5352,-4.0871,-12.5242,-13.3515,-12.326,-13.972,-6.4433,-5.7029,-4.5076,-5.2576,-6.4695,-8.0072,-7.0582,-3.1021,5.708,16.3957,10.6639,11.5959,11.4303,10.9014,7.6017,5.2821,4.1534,6.6196,4.7925,7.4718,-6.2408,-11.8035,-5.876,7.7763,2.7437,-3.4828
2025-05-20,-3.3996,-2.7663,-0.1639,1.9751,4.0211,2.5095,5.3849,3.5158,9.6606,5.4685,17.3704,19.2059,4.4043,1.7183,4.9697,8.3717,12.0275,10.5511,9.2566,2.1045,0.4981,-0.3513,-0.6788,-1.8742,1.1674,0.5974,-3.6394,-4.7904,-9.7006,-8.01,-8.2602,-8.4548,-4.3275,-2.7789,4.8695,8.4406,-1.3457,1.3505,1.933,3.1024,7.9272,9.1496,2.8307,1.5905,1.6889,3.7113,-4.0901,-23.3926
2025-05-21,-23.762,-22.3564,-27.045,-15.2136,-10.691,-8.4893,-9.6353,-11.814,-12.8247,-11.1077,-8.1886,-3.4039,-3.7161,2.5477,0.5512,-2.8187,-5.1266,-6.2092,-0.2095,-0.7658,6.7345,5.0073,11.3636,10.421,9.2675,11.2333,16.0452,19.4189,17.3806,17.1772,23.977,24.1962,15.0182,3.1748,5.3907,3.198,10.434,3.4284,2.961,7.9455,4.7778,-0.2168,-11.0243,-13.9423,-2.1938,-6.5015,-18.3363,-22.9116
2025-05-22,-23.1851,-24.0961,-25.3823,-22.5394,-26.14,-27.6017,-26.4384,-22.8462,-17.7235,-19.0803,-11.9345,-10.479,-15.2112,-15.3637,-17.3817,-12.9871,-15.7465,-15.5849,-15.848,-12.3941,-16.7242,-15.7595,-11.0702,-17.2094,-18.7755,-16.9315,-16.783,-17.5837,-18.1494,-21.8103,-20.0369,-17.1083,-17.4436,-19.0927,-14.6838,-16.4648,-7.4594,-6.5098,-7.1888,-1.7576,0.5054,1.2565,-6.9562,-5.7521,-7.241,-8.733,1.5423,11.9916
2025-05-23,3.0084,5.6548,7.6996,9.2069,12.3301,11.5668,11.5294,9.513,10.4584,11.7139,28.7509,26.9835,27.0933,22.1107,9.7922,4.2225,-0.1869,-4.0349,-2.4622,0.7763,2.8507,6.38,5.5863,1.9553,-1.0111,-1.7731,-1.9568,-0.3974,-2.3643,0.3562,0.303,-4.6847,-1.922,2.7945,11.894,8.1255,3.5226,9.579,20.0022,22.9628,19.4457,12.1712,4.4541,-2.9015,16.4717,0.6279,5.4035,6.6987
2025-05-24,5.1705,6.4415,9.5244,9.8068,4.8023,12.0382,23.8324,30.3423,32.6077,36.261,37.9756,42.1434,51.9084,62.768,64.524,64.0954,59.8868,62.4551,64.9008,69.7699,68.4686,67.3474,52.0039,49.9648,48.2707,45.4156,37.6229,33.8339,39.8675,37.8317,40.3459,43.1656,44.9995,50.3433,41.0213,31.1608,36.8847,29.7121,16.1772,20.1106,20.7231,34.8969,36.8903,39.9446,45.2745,47.8557,27.4595,40.1648
2025-05-25,30.1597,28.7432,13.616,17.6567,11.0952,10.684,6.4556,8.4631,13.247,13.4037,18.7403,25.3632,18.5657,20.3104,18.7367,16.1088,9.8106,13.2462,9.1792,4.8703,-0.8339,-6.5255,-21.1151,-23.6673,-25.111,-33.2903,-41.144,-43.5035,-43.2896,-32.9214,-5.5626,2.3313,14.3752,22.5649,53.2144,50.0467,55.4844,48.3179,24.1516,17.3579,14.8617,10.3851,-6.8838,-11.9085,-12.4219,-2.4499,-16.9876,-6.224
2025-05-26,-0.9669,10.6747,7.5213,15.0488,12.0665,8.6995,11.7513,7.0966,11.9033,9.9985,11.0314,11.3002,-6.2827,-8.4748,-9.498,-10.77,6.4829,13.9753,21.7283,25.8624,26.9612,24.9884,18.5467,19.2268,20.9759,18.3934,13.4876,8.4841,9.3859,8.5002,25.3122,14.6345,37.482,25.6687,29.7132,3.7185,-8.1752,-2.0599,-15.9207,-15.6332,-12.4585,-11.6409,-5.9001,-4.3214,-5.1412,2.7333,2.1033,14.574
2025-05-27,11.9199,14.9252,12.1887,8.7622,-8.3817,-10.1192,14.0556,12.2304,15.2562,18.1925,32.9613,31.4403,30.0418,13.91,20.7044,1.9726,17.0732,-0.3053,-12.948,-20.8323,-22.9028,-34.2972,-42.9616,-41.3716,-37.8361,-33.7898,-23.9912,-26.6506,-24.1208,-23.8436,-13.9499,-12.7109,-19.9244,-15.9499,-7.269,-10.772,-13.7377,-13.2645,-12.364,-16.0748,-6.943,-5.2335,-7.8712,-10.4258,-6.8486,-16.5362,-23.8623,-23.6194
2025-05-28,-17.328,-16.9438,-24.0741,-24.7718,-24.5313,-26.5614,-32.8662,-33.8114,-32.3986,-34.7097,-36.527,-28.1233,-26.9626,-22.3361,-15.8932,-8.7577,-5.812,-9.1234,-13.466,-9.6685,-9.9487,-6.5174,-11.7529,-19.5946,-23.2878,-24.0579,-25.3717,-25.4077,-27.0766,-27.5086,-21.7947,-20.1809,-12.9388,-10.2836,-5.8049,-10.2979,-1.9043,-7.3456,-3.2329,-5.803,-1.2889,0.4579,-6.6251,0.4879,6.7809,4.8583,0.3332,3.8544
2025-05-29,-0.3195,0.9479,4.2925,8.3911,15.3825,23.7209,43.3087,45.6514,50.5185,54.7278,52.049,56.8774,53.405,49.427,27.2905,29.1535,20.9968,32.2801,39.9338,46.0864,45.0272,44.2432,43.3606,41.106,36.6196,33.2916,31.5862,31.4309,30.7588,26.6251,36.9408,33.4886,43.7214,39.9529,43.6561,29.8561,30.1689,19.8207,14.8649,11.1143,13.3307,4.6267,-1.2034,-2.0645,3.3273,6.1704,-0.3089,-2.3713
2025-05-30,6.124,10.3927,2.669,1.1299,-0.3794,-0.6906,-3.767,-2.1894,-7.4804,-5.493,1.388,-7.2198,2.8319,-0.6385,8.8068,2.288,-3.8952,-0.9011,-3.2671,0.8445,9.1489,16.1651,21.4632,27.6495,12.8623,0.0754,-10.8736,-17.5174,-21.1039,-22.515,-21.6801,-21.6241,-14.6117,-11.5954,3.0895,6.7077,9.0753,8.0798,-6.0506,-3.9638,-4.6654,-5.8612,-13.3814,-18.4542,-11.0647,-3.5441,-2.832,-1.9604
2025-05-31,4.6413,5.6329,2.8332,5.0704,2.0224,-6.0617,-9.3394,-14.019,-16.5093,-17.7479,-9.4883,-13.285,-6.1002,-2.3629,21.5411,17.4735,4.5242,5.0914,-2.8819,4.9971,7.0409,20.708,24.993,34.0294,26.1104,25.9683,12.8381,16.8162,15.0484,16.3459,16.9944,18.7402,12.4052,-13.1314,-26.1737,-29.1237,-28.5135,-22.1693,-3.5501,-2.9146,2.7492,4.4387,-5.111,-4.5765,-3.1688,-9.4978,-13.2543,-13.8997
2025-06-01,-5.1097,3.5047,5.6396,15.7456,22.8599,21.3648,25.7862,17.0219,9.6204,2.6537,1.1467,-3.7704,7.1017,16.5045,8.6846,17.6329,26.8395,29.3474,26.5696,25.1425,22.9025,16.0022,4.3839,7.273,10.11,11.1041,-0.185,3.0189,5.4345,4.857,-17.1232,-10.4228,10.3514,6.3483,8.2351,-2.0026,-10.2693,-12.9479,1.7472,1.799,6.1432,0.2237,-14.4092,-17.5167,-6.3728,0.645,4.662,7.0824
2025-06-02,15.7361,7.9023,-0.9162,-4.1129,-3.7773,-12.3861,-15.012,-17.8798,-18.5554,-21.3991,-23.8296,-26.2857,-18.4161,-18.3429,-17.6809,-12.864,-14.3593,-15.5539,-13.6003,-12.1784,-8.8089,-10.6056,-10.5167,-12.8757,-15.4027,-7.7242,-10.6086,-5.4619,-9.3366,-5.8049,-24.6741,-16.8173,-23.419,-24.5461,-20.2237,-16.3429,-8.9256,-5.3077,4.2105,12.5265,18.5358,27.201,15.6609,22.1149,22.6015,15.8224,30.1614,30.3536
2025-06-03,41.0892,39.6173,25.6799,25.3708,30.6649,28.6945,26.7514,24.8514,23.6086,26.0934,24.2369,29.0642,36.3532,37.7327,23.0104,15.7387,33.8138,41.1869,45.7119,45.3635,34.3802,30.9561,33.9173,35.5863,30.9591,26.9677,21.7822,18.6615,28.3365,29.9089,46.3075,42.9227,57.7703,45.8985,37.3407,16.4091,18.3495,15.2581,2.8954,-2.7818,1.5839,-3.8375,6.6833,4.369,5.202,6.9539,25.5098,33.0225
2025-06-04,36.9937,38.6914,33.8433,34.0975,32.7286,33.7397,28.4475,23.7645,24.3552,23.3038,36.5372,31.3001,14.2491,8.9163,-11.2448,-11.3758,0.5369,5.7266,-11.908,-3.7572,-7.9481,-11.4928,12.5196,14.9856,23.5065,24.4094,21.99,22.0363,17.3518,16.7179,21.712,17.3255,-0.5634,-13.8947,-4.1996,-0.7458,6.9426,6.3414,-4.7871,-3.0831,-2.0426,-2.5481,0.4675,0.1778,2.877,-2.5751,-3.8,-6.5371
2025-06-05,-5.0241,-8.3788,-2.6733,-2.5099,-0.1378,-1.1987,0.0123,-4.7289,-4.0884,-5.3118,-1.2729,-2.7932,5.3608,3.5825,14.7246,13.0434,-3.7661,-6.0445,-9.9138,-11.9573,-16.8236,-16.05,-17.5263,-19.3728,-21.563,-22.7224,-21.1285,-17.9314,-30.0013,-35.7691,-33.6934,-36.3254,-32.2268,-33.6871,-29.9602,-23.881,-32.7778,-32.592,-23.8656,-23.3102,-14.7647,-17.9327,-3.5602,-1.3239,-3.0786,-6.1531,-13.1387,-10.1061
2025-06-06,-15.329,-17.4129,-8.805,-7.5866,3.5095,11.8145,15.8677,15.9348,22.2003,23.1352,34.3895,43.3927,40.4652,13.8296,-18.1171,-18.1029,-26.0379,-28.5992,-35.1544,-36.5142,-36.1354,-31.5948,-34.034,-32.472,-30.3056,-29.5722,-26.945,-33.3456,-33.0875,-27.5009,-22.2901,-22.1476,-18.9146,-25.5171,-11.7719,-17.3294,-17.9582,-18.4288,-20.3605,-18.6565,-16.8043,-17.2946,-17.0551,-20.7568,-15.9199,-11.8864,-6.3434,-15.2821
2025-06-07,-11.6571,-17.4907,-17.9394,-21.8039,-26.0404,-21.5667,-19.8846,-19.7196,-21.321,-23.72,-34.3054,-36.9383,-43.3,-40.6006,-39.4217,-39.3184,-35.8966,-33.995,-27.8755,-21.9294,-13.0648,-12.8557,-9.7905,-11.2529,-13.4181,-12.3475,-14.6264,-18.3748,-20.3185,-21.2059,-20.8592,-25.6056,-28.1005,-24.5071,-23.5776,-25.0237,-20.4174,-19.5177,-22.0463,-17.5732,-14.3696,-12.7807,-14.1427,-17.8338,-22.1084,-19.2207,-26.4908,-22.5331
2025-06-08,-18.0419,-15.339,-6.9763,12.7891,20.6541,31.7756,36.4201,40.3855,45.3816,11.7645,46.0683,48.6836,49.8471,58.8471,58.4398,55.1871,51.7163,49.2404,57.0089,53.0182,53.7799,50.4414,50.0659,41.4927,46.5951,37.6266,26.9907,1.5047,-6.9955,-15.2288,-46.1848,-47.7151,-32.968,-25.1104,-11.0944,-7.6664,0.5466,-6.7916,10.3065,8.3354,16.689,22.636,6.7928,0.5238,1.7144,-2.9814,-8.1662,-7.6439
2025-06-09,-7.3944,2.7678,4.1674,4.4358,2.8531,1.1024,-0.7361,-3.9232,-6.1518,-33.6864,-9.9246,-6.8602,-16.8686,-5.2949,-16.2292,-14.1305,-14.4564,-17.493,-18.8762,-18.4716,-17.8157,-15.2525,-7.0553,-9.7971,-15.236,-7.7866,3.5441,4.733,5.0035,3.8098,5.5887,9.5718,17.4144,18.9728,23.8468,28.3792,24.0089,23.0437,11.8213,9.349,4.9951,3.1385,-0.5169,-4.0265,0.3992,-5.6043,18.3799,27.077
2025-06-10,27.2273,26.9344,19.4161,18.7864,14.9181,14.1379,11.5396,16.5187,21.2135,10.17,22.6028,23.0359,30.1693,22.6835,25.9521,20.3459,12.4327,6.5772,10.0026,17.7081,21.2911,25.9842,31.8451,28.3527,31.0167,21.984,13.6085,-5.5392,-11.2048,-9.3453,-1.4964,-0.4586,1.4632,-2.1578,9.1289,7.1482,10.2387,6.7086,11.9361,14.9324,14.016,16.0533,-10.2291,1.2994,-6.0084,4.0777,6.8403,13.6462
2025-06-11,15.5403,13.4249,14.6685,21.0583,12.6839,7.7267,11.6242,9.5931,10.3041,-20.1912,4.1717,3.7677,-3.5344,0.941,10.3083,8.4122,7.4763,9.0844,0.0985,-2.6308,-3.4067,-3.2344,-12.7103,-15.831,-27.3153,-29.5078,-36.1376,-33.1302,-33.2607,-30.5199,-26.8932,-16.7361,-19.6028,-18.8019,-7.0969,1.9195,-10.8122,-9.1869,-10.6065,-9.0161,-10.4363,-10.4492,-26.2605,-17.022,-13.1404,-16.2823,-27.4321,-36.8858
2025-06-12,-34.4305,-34.5518,-42.4196,-39.508,-41.7936,-35.7018,-40.9915,-39.1675,-43.9486,-71.7698,-55.2312,-50.3152,-44.2421,-37.182,-29.5031,-27.0702,-39.1855,-38.2237,-47.2415,-45.4073,-43.753,-42.1556,-43.1415,-42.0979,-43.4207,-47.68,-48.3747,-50.7394,-39.7021,-37.9555,-15.8903,-6.5068,2.7415,10.9882,10.2248,13.5044,-0.3995,-0.1303,-13.3113,-14.6082,-12.0618,-12.3455,-10.1593,-11.6115,4.4649,1.7397,3.1024,2.7978
2025-06-13,-0.7906,0.3339,-2.6725,0.0408,2.0207,1.5532,1.123,0.1756,-5.6959,-13.2144,-10.46,-12.1628,-13.6422,-10.5261,-8.2882,-7.2753,-10.0681,-9.4047,-8.0916,8.9205,20.3008,22.9288,34.5003,35.9689,36.8168,35.3215,36.2153,36.7351,36.2068,30.9417,1.2184,-9.1552,-15.4669,-12.3297,-17.0007,-16.3836,-28.405,-29.8325,-24.2282,-22.7248,-10.0285,-5.4642,-1.9451,-3.4135,-1.3727,3.6601,0.9514,-3.0501
2025-06-14,2.2543,-1.7858,-1.1178,-0.8351,-0.7119,-2.9878,-9.5818,-17.351,-20.2731,-24.7223,-24.1956,-12.586,-14.1648,-7.9639,8.5405,10.8233,3.2154,-6.5045,-15.5727,-19.1386,-12.5982,14.9237,46.4372,52.776,51.1771,42.0748,46.4982,49.7359,24.548,26.3284,32.839,25.9014,15.4822,9.2672,-9.0217,-17.0024,-11.9398,-17.3555,-16.1638,-13.6045,-12.8569,-13.6514,-31.1986,-33.3262,-37.4072,-42.2289,-26.5381,-33.7311
2025-06-15,-31.5908,-31.4976,-25.7966,-18.0764,-18.0625,-19.6735,-23.2827,-18.1987,-32.7327,-34.4534,-31.7506,-29.1496,-26.4083,-33.6015,-28.444,-34.1801,-30.0266,-27.0748,-26.2049,-19.6157,-11.5699,-16.2108,-1.7733,12.4757,11.3509,13.2403,8.0303,7.4744,5.7869,4.1048,7.9786,-5.9097,-22.2831,-39.1619,-32.3353,-18.8933,-9.4504,-8.6474,-5.7803,-5.8354,-2.9362,0.3272,-6.5231,-12.3168,-10.3889,-5.2785,-10.1368,-14.74
2025-06-16,-14.38,-5.7271,-3.9828,-1.1655,-6.6035,-9.1597,-14.078,-12.0166,-14.3927,-21.733,-28.1942,-27.3038,-18.5166,-20.3703,-26.3517,-25.3777,-26.4924,-26.9223,-28.847,-29.8145,-29.9886,-29.1049,-36.1562,-38.9872,-34.0647,-33.9084,-25.7478,-4.9738,-0.3258,-2.6137,13.2041,15.8336,11.7185,12.2151,10.851,8.033,-1.1799,-0.9559,-3.8213,-1.0454,3.6731,3.5478,-9.1049,-11.7874,-12.407,-14.299,-3.7247,-1.7603
2025-06-17,-5.1895,2.6956,-1.8261,-3.3612,-3.3896,-4.914,-6.8694,-9.4124,-10.442,-9.7025,-9.3058,-13.76,-21.1779,-18.4039,-12.3776,-4.4417,-6.7999,1.2342,1.6916,-12.5161,-20.075,-27.544,-25.0564,-20.6391,-20.978,-16.9199,-10.028,-8.1596,-1.1755,3.4447,8.744,1.409,-0.2236,2.0885,-20.0941,-21.192,-16.1863,-11.3631,-15.7903,-13.3421,-15.2421,-13.4669,-16.4547,-19.2837,-11.0943,-10.322,-11.805,-17.8163
2025-06-18,-19.4034,-21.576,-21.2842,-20.5013,-22.8081,-24.7007,-25.1232,-26.5218,-23.2994,-23.2801,-27.5427,-33.7701,-24.9946,-20.4394,-23.0737,-19.431,-22.5627,-27.001,-30.8849,-27.2101,-31.8693,-29.1204,-30.3332,-27.9475,-22.3527,-23.201,-26.4311,-22.759,-22.9974,-25.175,-26.0752,-33.5578,-35.505,-32.1245,-21.7113,-13.3965,-19.2711,-17.9916,-18.6138,-17.0167,-22.5156,-18.9139,-20.8412,-32.0425,-26.6981,-16.7923,-9.8811,-12.7032
2025-06-19,-11.1355,-10.0021,-6.7677,-5.8021,-7.166,-7.7616,-0.8983,1.5327,-3.9436,3.4291,12.4992,8.4877,0.7851,-4.8821,-15.7256,-16.2,-19.5602,-20.1706,-12.8488,-3.8245,-4.6008,-10.3273,-24.0751,-17.4193,-17.2616,-20.4492,-20.4046,-22.402,-25.7939,-26.0957,-28.0846,-35.678,-37.0016,-35.2397,-23.3207,-15.8982,-14.6529,-15.6227,-7.8932,-3.0851,-2.9996,5.3408,2.087,-25.7218,-19.8857,-19.2087,-24.71,-24.0243
2025-06-20,-23.7007,-25.887,-21.1017,-21.523,-21.8746,-26.3852,-26.4004,-26.2988,-23.7525,-20.0075,-19.8373,-24.854,-18.5838,-25.0466,-35.0574,-27.3415,-28.6747,-32.3922,-37.9455,-41.4904,-43.2702,-44.5513,-39.6946,-37.2945,-34.6327,-31.6275,-27.5197,-24.8226,-30.6725,-26.2493,-21.8609,-22.5371,-20.5047,-22.6426,-25.7716,-7.6393,-24.0212,-19.4609,-9.7574,-10.07,-3.2728,-0.346,-6.712,-21.6216,-21.6033,-16.9422,-14.9114,-16.6904
2025-06-21,-20.8817,-19.2263,-19.1295,-26.0213,-29.7006,-28.2631,-21.7416,-24.9413,-22.2732,-14.1496,-13.5821,-18.6748,-17.8461,-14.601,-11.7328,-11.4466,-13.4136,-13.3983,-6.1897,-6.3848,-6.0099,-4.9814,-19.5161,-30.7668,-46.5384,-47.45,-58.4118,-60.6897,-60.6158,-59.5842,-55.0596,-45.8681,-36.8284,-29.9773,-21.1363,-13.0749,-16.6845,-16.2809,-26.0468,-20.1968,-14.2226,-12.7895,-15.2306,-26.2427,-22.4041,-28.181,-28.2352,-32.8624
2025-06-22,-21.3426,-11.9999,-20.5982,-11.1039,-13.3946,-0.9458,9.6962,22.8937,34.2637,46.4785,46.0603,51.8944,50.6199,53.6965,61.4994,64.3749,63.5456,63.1765,74.7222,71.1641,71.3557,73.1069,68.894,68.433,66.1499,66.8972,57.7616,48.5934,49.7438,47.3329,28.7309,33.952,51.0491,53.4376,59.0181,42.1903,34.1296,31.4114,17.5624,17.4485,6.2963,1.5771,-13.5752,-18.9053,-17.1784,-9.7808,3.8642,8.381
2025-06-23,17.7782,28.1487,16.3938,17.0195,12.2445,8.1557,1.4275,-2.3281,-3.7096,-1.9102,-10.6277,-7.3364,-6.7576,-7.3547,-11.1671,-3.937,18.3919,22.5499,17.7149,9.0437,-1.5934,-17.6045,-9.4515,-13.7997,-10.8062,-7.6693,-4.7573,-5.5649,-23.6144,-20.3271,-9.5085,-1.7702,3.1701,6.9942,34.0798,39.9436,26.6379,5.827,-11.9273,-11.6098,-7.8556,-9.0554,-8.8938,-20.8825,-11.7504,-10.8489,-21.2363,-7.1783
2025-06-24,0.0014,4.9984,-7.3608,-6.5566,2.4165,6.7747,11.9496,2.5333,10.6758,1.8949,-14.779,-13.9036,-5.5494,-9.1152,-2.5356,-2.358,-12.3927,-19.4693,-30.9292,-34.2531,-37.6748,-33.9914,-21.9815,-1.0487,4.3208,9.1945,18.2962,17.9558,11.7362,-2.486,31.4013,19.2444,16.0322,-15.6466,-15.5781,-18.7959,-3.5671,0.2254,5.8969,-4.129,-6.1969,-8.3579,-10.1521,-20.4753,-13.7041,-6.3021,0.6014,-0.4759
2025-06-25,-6.5942,-15.0874,-18.8178,-23.207,-21.1543,-17.3168,-19.1534,-12.8795,-22.1502,-22.0772,-21.0869,-17.2991,-11.7228,-8.6241,-7.141,-4.813,-1.6807,-3.8698,1.0839,6.0865,3.8322,1.7857,8.0229,6.5771,12.1037,18.2185,20.1568,17.218,15.8073,20.3704,9.8879,8.5316,-11.2482,-15.0898,-24.846,-25.2789,-42.8056,-43.5781,-51.7098,-47.9797,-57.9476,-41.69,-14.9107,-19.8955,-12.7967,-9.7421,-0.6687,-7.7051
2025-06-26,-0.9006,-1.0685,-4.6074,-6.122,1.0768,-2.8053,-1.3442,-0.2,5.585,1.5824,1.6738,3.886,-0.0688,2.1224,6.922,-0.476,-4.7082,-4.9959,9.5689,6.488,0.6584,1.6314,10.3876,21.2939,26.4618,22.4502,26.3264,24.3236,27.2009,31.6313,47.2888,41.6048,32.5945,22.3193,16.8725,6.512,24.337,27.7917,26.2803,19.2927,21.0803,18.4643,6.9613,-9.6841,-8.8173,-12.3314,-22.1791,-18.6372
2025-06-27,-17.0021,-19.5973,-18.7113,-21.1935,-27.9296,-16.4149,-16.209,-17.0702,-23.8376,-25.5962,-25.0665,-23.098,-22.2997,-12.882,-23.2625,-20.1397,-28.5962,-30.1554,52.6673,51.111,-35.6747,-38.6354,34.2351,-5.5683,-10.8142,-8.5035,-11.8228,-3.442,0.4613,9.1312,9.0939,8.7561,-13.3251,-10.3319,-14.2489,0.2886,-7.2507,-7.6702,-12.6827,-9.493,-13.422,-9.5266,1.4732,1.5644,16.6664,10.8228,26.2472,25.2173
2025-06-28,30.3407,32.2812,23.8355,20.652,19.924,21.5123,23.8898,20.9411,24.9214,18.8938,23.5367,23.6707,22.2148,26.7218,31.3873,39.3688,46.5717,43.9589,36.2338,35.2794,35.0513,31.9519,18.4838,19.925,22.2372,19.8341,20.759,21.9132,28.2687,27.7824,44.7378,50.7019,62.9633,65.3909,68.041,57.4308,15.0747,19.3367,5.5349,8.5736,11.0095,13.1141,10.2853,-2.3311,-2.6489,-7.8457,72.3275,69.7648
2025-06-29,72.2189,70.0551,61.5308,60.2962,60.0808,48.8644,2.3934,-5.5081,15.1592,14.9626,15.9106,19.0396,30.0911,29.5779,49.1668,44.946,54.9345,46.0918,28.6405,15.9385,6.431,-6.3427,-38.4192,-40.3635,-38.5428,-39.8428,-44.7536,-44.5612,-42.7699,-39.7823,-24.8593,-22.2088,-17.0154,-18.152,-6.3239,0.744,2.4449,6.0687,8.46,11.0713,9.9562,12.492,9.0158,-10.2301,-14.0637,-10.2471,-6.7517,-13.3152
2025-06-30,-15.7175,-14.1124,-7.1494,-2.9531,-3.6529,-1.6381,-8.2407,-0.3329,2.0151,-3.7623,-5.5118,-6.7031,-8.7136,-6.381,2.2798,0.6534,6.3088,1.5574,-8.5816,-19.4915,-14.5631,-12.2097,-21.6584,-18.0978,-23.5996,-25.6033,-29.7114,-36.6751,-40.2923,-37.9619,-47.3308,-43.333,-49.9605,-32.6122,-74.4669,-72.8668,-83.8659,-89.4048,-98.2224,-91.6842,-77.4919,-54.1609,-30.6186,-30.927,-27.4178,-18.1851,-15.3956,-12.3754
2025-07-01,-6.9764,-7.1338,-1.5579,2.0738,4.5732,7.1084,9.1467,2.801,10.9724,6.0829,-5.3194,-8.5697,-5.5349,-7.1423,16.5753,14.857,13.0367,16.8333,32.1828,26.8686,26.6329,23.8338,23.0258,24.5602,28.9099,29.2963,26.2877,25.6597,23.3811,26.6306,8.7155,11.8785,2.5447,2.9842,-46.1355,-41.8845,-108.0182,-104.5259,-106.7981,-99.432,-80.9453,-83.3219,-44.1742,-51.1329,-24.0815,-12.3858,9.9049,12.66
2025-07-02,-15.7854,-3.2023,-1.3104,2.9853,6.5879,8.2849,14.3511,15.9431,16.5297,13.7922,15.2104,12.6301,13.1908,11.5361,13.7527,15.491,30.0892,21.2279,28.462,20.9501,15.5028,15.2595,22.0991,18.9768,26.3198,20.5129,4.2713,4.1557,6.2339,10.6724,5.165,4.194,11.442,11.4295,16.6421,11.2672,33.7433,35.1053,46.9033,55.6555,57.6767,56.569,45.4331,17.3709,17.9558,17.6254,-3.3911,-6.4676
2025-07-03,-9.4968,-14.0879,-19.0751,-15.3131,-10.9468,-13.4832,-21.4752,-23.5799,-20.3781,-22.0333,-21.4746,-24.3815,-10.6569,-13.1988,-15.9766,-14.8392,-5.7625,-5.0493,-3.8193,-9.4726,-12.6348,-7.5622,-1.8897,-2.7647,-2.1473,2.4049,-10.5878,-9.2258,-4.4541,-4.4352,-8.8496,-10.666,-9.3128,-4.3326,3.8626,19.6677,19.1233,26.5674,33.2592,29.979,24.4722,22.5849,12.3016,-5.3483,-4.4593,3.2832,13.8036,-9.4692
2025-07-04,-7.4864,-12.3063,-15.3021,-16.5194,-16.1292,-16.4656,-13.2429,-11.7726,-14.9469,-14.6854,-7.4343,-7.0752,-12.5877,-7.9599,-9.4676,-5.8292,2.3504,4.6123,19.0538,24.9445,19.2974,31.5581,27.4097,34.4622,26.2265,29.6549,24.1195,26.3102,25.4428,25.8299,30.3721,30.3864,-7.7789,-12.7355,-17.0965,-8.7773,-15.8299,-15.8406,-20.0991,-17.6766,-10.9338,-6.5772,0.6735,10.7693,6.3539,7.1873,40.7653,32.509
2025-07-06,-18.4837,-21.7444,-20.9669,-16.5445,-14.1947,-12.0673,-22.8655,-29.253,-39.8423,-41.255,-41.3797,-37.9711,-36.7757,-40.8619,-44.4672,-42.7633,-40.7804,-35.1955,-33.4503,-32.714,-30.6558,-35.9149,-29.6906,-35.1342,-40.2972,-38.7007,-41.2336,-38.565,-37.5559,-30.0831,-31.0532,-33.2098,-30.2423,-28.1993,-28.7184,-20.626,-31.5642,-30.0228,-21.7035,-17.7514,-14.105,-6.4553,-3.1355,-9.7293,-18.6421,-28.5483,-24.9079,-27.0627
2025-07-07,-22.7963,-25.5678,-20.6567,-21.0542,-22.5068,-21.5672,-19.6584,-27.6448,-31.8606,-31.0904,-34.7095,-37.6002,-28.0974,-17.7985,-26.0743,-16.3788,-19.3109,-11.6646,-12.5389,-5.466,3.9273,5.1237,-8.8429,-11.6695,12.5986,10.3587,9.1316,16.4956,16.1982,16.7684,22.8706,15.4281,9.1049,-3.4577,0.105,2.3351,10.3833,10.1049,13.2591,9.6252,8.3957,4.9446,3.1236,2.2311,-10.4847,-4.9553,-9.2281,-9.3758
2025-07-08,-11.0114,-18.8572,-7.7642,-5.4324,-20.8574,-20.0682,-12.9903,-18.8133,-19.3797,-20.2109,-2.8415,6.7861,-10.4884,-14.6705,-10.4089,-9.9206,-18.5394,-10.946,-10.9029,-8.2239,-6.2818,-9.6637,-6.9835,-3.7205,-3.0582,-1.7442,2.5086,-3.739,6.0864,0.4178,0.1606,-7.5062,1.1577,5.7231,5.8137,13.8406,20.29,19.7006,17.2891,21.1154,24.8586,21.6925,11.1468,0.9981,1.1841,6.9707,0.1527,7.679
2025-07-09,2.0279,6.337,9.8638,4.3006,3.5774,4.8853,10.0643,13.4452,8.6362,8.2372,10.9079,13.5332,9.4351,4.2493,6.7019,6.9685,9.9999,11.6273,20.9044,15.0945,6.6922,7.0035,3.2029,-1.4745,0.1964,-8.0094,-2.403,-5.4744,-3.4257,-2.134,-0.6332,1.9627,7.6004,12.3042,18.614,15.617,24.3684,31.7426,29.3837,29.4434,24.8422,16.9682,3.1194,-6.9319,-4.1384,-2.586,3.5976,6.2379
2025-07-10,5.2019,7.8376,8.8263,13.6619,7.8558,8.2567,14.1742,7.6879,12.3866,16.721,20.8287,21.4812,22.8235,26.0721,17.6097,14.1642,15.2,10.1403,11.8464,12.5261,6.2699,3.2072,0.8607,3.3221,3.9106,-0.302,-2.856,-7.7492,-4.9453,-7.7767,-10.3653,-9.3741,-2.9455,2.853,14.7046,11.3337,22.4089,21.1159,20.4862,20.6582,18.9047,13.0262,8.5355,-1.9863,-3.7643,4.4356,10.5583,14.4007
2025-07-12,5.2337,9.7162,4.6413,1.0947,0.0716,0.5867,-0.4919,-4.5275,-3.8172,-3.0639,5.7386,4.31,-1.0604,-3.2806,-10.2254,-18.0842,-18.8287,-14.4047,-7.4528,-9.1179,-10.7688,-8.0326,-3.3573,-9.1618,-9.4636,-2.7754,7.555,2.6391,5.4785,1.4144,4.963,-5.6071,-9.3202,-8.4807,-13.4749,-5.3845,6.1629,7.3997,10.1807,7.7011,22.1059,14.0387,-1.2319,-12.0206,-11.4113,-6.0794,-3.8597,0.1019
2025-07-13,-3.0137,-8.3749,-7.5234,-5.613,-7.1821,-14.2874,-7.8682,-11.6611,-11.5302,-16.6347,-13.1057,-7.2867,-9.2421,-9.6716,-6.1334,-8.4845,-7.5713,-9.3373,-2.7217,-6.4696,-4.7529,0.773,3.778,5.9762,8.1851,10.7112,20.9498,11.4389,10.9977,5.0084,4.3217,3.6897,-0.5872,-0.1544,3.8902,1.1018,-2.0172,2.8003,5.4006,15.1961,12.2847,11.0309,-4.3011,-1.8356,-6.0321,-9.985,-3.5602,2.6567
2025-07-14,-3.9594,-3.6346,-0.6682,-3.485,-8.0934,-6.1118,-5.7018,-6.0006,-7.4696,-8.024,4.4123,5.0111,-0.9011,0.5016,6.9443,9.7988,15.7456,11.3152,-0.8855,2.615,4.1338,3.6344,2.6741,8.2782,-9.4111,-9.9411,-10.9232,-10.2336,-19.3287,-11.3248,-13.9091,-5.7255,-0.0646,-6.6274,2.7249,6.7533,13.0328,23.9535,37.9435,31.282,27.283,25.6751,5.498,-2.0343,-2.3924,-4.2318,-16.8927,-15.7634
2025-07-15,-19.3346,-16.9219,-22.0743,-27.5678,-27.918,-29.1687,-29.0728,-22.3475,-31.7575,-30.676,-26.5869,-28.7456,-28.4429,-25.6508,-15.9228,-19.4389,-16.25,-14.8906,-21.0837,-18.9868,-9.698,-15.363,-23.6881,-21.5445,-20.9897,-11.2078,9.1204,16.1194,15.7968,23.5447,24.7573,18.3302,4.4964,-2.5527,-5.2333,-0.3113,9.0014,13.2731,9.4447,15.7062,3.3726,2.7014,-6.2927,-1.035,2.2642,2.6001,-8.8284,-14.0911
2025-07-16,-6.8645,-4.4536,-5.4987,-6.802,-3.6938,-5.5157,-7.0814,-7.167,-5.8868,-6.1401,-10.2014,-15.2411,-5.911,-3.7576,-7.9893,-10.1745,-0.911,-5.242,-11.0609,-8.2308,-4.1217,-2.626,9.3166,10.4966,11.6993,8.4447,10.3642,8.6637,8.3938,1.4257,-3.4336,-8.1125,3.1165,6.4272,6.8131,-2.954,9.3121,9.7509,7.417,6.4644,5.9606,2.3426,-3.6384,-6.1738,-4.3226,0.5632,0.804,11.5247
2025-07-17,3.1097,8.0943,14.9504,18.1147,12.1942,14.7079,16.791,12.0831,11.4571,13.5919,14.3559,13.5629,19.9958,18.466,16.0491,12.4668,12.4077,12.5613,11.4169,18.6315,18.0496,6.0681,21.3319,24.1518,25.3007,25.7418,18.1287,18.1721,19.1716,14.4855,12.0165,14.7852,11.6688,14.2816,11.8231,14.2671,18.3108,18.1578,17.3627,19.3563,13.3927,13.7634,1.3135,2.5135,1.6961,1.8139,3.1023,8.9825
2025-07-18,2.7537,4.031,-0.3834,2.4597,4.9058,-0.6673,2.9593,3.0164,5.9003,7.3835,6.0527,6.6508,2.9895,2.5437,4.3916,4.4691,15.4607,16.3411,11.9011,7.3672,6.5093,7.9294,5.2606,3.8966,4.7756,4.7222,0.3026,-0.5085,-3.9886,-7.4285,-5.1834,-6.4772,-13.646,-11.4536,-3.6934,2.9854,6.8482,8.4337,9.6758,14.8376,9.4286,9.02,3.5539,2.1065,3.5232,6.3697,3.2111,4.5087
2025-07-19,4.7883,0.0804,6.4547,4.8325,5.3995,4.9289,1.546,1.4898,1.8106,1.7728,-0.9838,-2.0578,-1.9574,-3.046,-0.3302,-0.0613,1.5776,6.0656,8.3978,7.2745,3.6826,4.9026,-2.3326,-2.3218,-3.4609,-3.9461,-11.9484,-8.1339,-2.3039,0.8147,2.5496,1.866,1.6209,1.5585,-5.1746,-1.8635,-1.4757,-3.9041,-4.1532,-2.475,-0.122,3.1422,8.8427,12.0215,4.0574,-4.2037,-10.4493,-12.1527
2025-07-20,-11.0182,-13.1243,-12.224,-16.6459,-17.6566,-17.8483,-21.2659,-23.6194,-17.5209,-19.8999,-27.0643,-27.9461,-27.4869,-28.7581,-29.1259,-29.6663,-25.218,-26.9497,-33.7669,-31.8052,-36.6502,-42.7323,-47.7781,-47.9953,-48.8321,-49.0826,-45.149,-41.0754,-40.1822,-36.7346,-27.1418,-25.516,-23.6577,-20.2553,-15.0473,-13.4913,-14.2114,-16.4343,-10.2987,-7.924,-9.1996,-8.6478,-8.0812,-6.3337,-1.2668,-0.8073,3.8788,5.7079
2025-07-21,5.7577,5.9009,8.9967,5.2607,8.0503,6.0726,5.8623,3.0794,8.227,9.4559,9.769,12.5112,9.9117,16.1306,11.2833,14.2563,12.7904,11.0475,6.4528,7.7496,15.2648,17.1419,12.2891,8.0207,15.0543,11.79,6.6171,3.9868,7.0023,4.6575,4.5332,4.138,1.39,2.3445,10.5806,10.0132,19.6064,20.0317,28.5148,24.0326,19.3424,15.9496,8.8132,7.8975,5.2103,2.8569,3.516,4.5902
2025-07-22,6.3156,7.0673,4.7421,10.4188,9.5889,5.6192,9.0494,3.8708,4.9821,6.6942,9.5192,8.7695,5.4903,-2.5272,-8.3929,-8.2966,-0.8258,-1.0253,-3.5793,-2.3776,-4.0845,-6.1998,-5.4031,-6.6027,-10.7768,-10.6066,-6.6741,-5.9567,-5.0746,-5.6899,-3.1678,-5.9085,-2.776,-5.3781,5.7968,5.2104,10.255,9.8198,16.037,15.2922,15.3803,10.253,8.5354,7.5485,4.8323,5.9311,12.6479,10.8942
2025-07-23,11.5069,11.7712,14.9068,15.0014,9.4295,8.1636,9.6289,9.0193,12.1811,12.9925,7.6892,6.41,4.3641,11.4295,5.9041,5.9257,-0.0383,0.4548,-4.9059,-11.5605,2.5068,10.026,14.2984,15.9455,19.5968,15.6339,15.8613,15.3628,13.1005,13.0395,10.304,12.9196,15.7509,8.8003,9.345,3.6974,-2.2,-3.7897,7.5039,7.8191,2.4383,3.7414,-2.1615,2.3175,-1.997,0.7043,3.7161,4.6747
2025-07-24,0.1378,-1.7063,-3.7357,-4.0152,-8.2668,-6.0238,-14.3539,-16.6293,-12.2131,-9.1909,-8.4676,-9.3957,-10.181,-10.6428,-10.2342,-9.9636,-6.3009,-2.8837,-0.7008,-4.1149,-3.2182,-4.0515,-4.2221,-3.7705,-3.5876,-4.8208,-4.9463,-4.3219,-2.7108,-3.6997,-6.9201,-7.4578,-7.6151,-3.3425,-0.9904,7.0111,5.5795,7.1116,7.6861,10.5229,8.7912,8.659,8.0973,2.7091,2.0167,7.6536,-4.2311,5.6007
2025-07-25,3.869,-0.6963,1.4219,0.4769,3.3566,2.1675,4.0723,2.7397,2.6549,4.5732,5.2431,8.2647,3.4869,-2.633,-5.8121,-2.7822,2.3819,8.4749,8.2306,10.9878,16.3125,12.4039,2.7606,0.0846,0.7196,-0.9986,-4.4547,-3.6005,-11.691,-14.4449,-6.35,-3.9228,-2.2732,3.9932,4.3274,-4.4003,2.2267,-6.397,-0.4665,-2.5985,-7.3991,-8.4557,-6.4584,-2.2503,-6.1103,-5.5316,-8.2197,-12.7841
2025-07-26,-10.3456,-7.7529,0.4794,-2.4474,-0.9001,-2.3854,-3.4484,-2.0535,-3.2597,-6.703,-9.1834,-10.2041,-8.4731,-10.191,-0.6821,-1.8188,1.8041,3.2206,1.7612,0.3744,-8.8771,-17.5062,-22.8767,-24.8338,-23.1447,-27.9658,-25.7017,-15.6079,-15.356,-11.5278,-12.2063,-11.8697,-12.9658,-8.5887,-6.199,-6.4461,-7.2369,-2.1408,3.1576,0.4818,0.8682,2.6149,8.7161,10.3286,10.7267,4.2546,8.2002,4.7319
2025-07-27,-3.731,-5.07,-8.2307,-10.2064,-10.1451,-12.3861,-15.8487,-16.4241,-14.7849,-18.5692,-17.8441,-17.8016,-22.1138,-24.0903,-34.1397,-33.2495,-22.3367,-20.7004,-24.6151,-24.8789,-30.429,-34.9936,-35.3469,-38.3676,-36.7043,-34.8242,-31.8127,-27.1141,-26.1422,-21.8096,-17.7374,-17.0778,-13.3425,-9.6265,-6.5913,-2.0172,-0.662,-7.2407,-2.3136,1.7788,1.4325,7.6866,3.1211,5.7983,0.6133,-6.3552,2.7304,3.742
2025-07-28,-6.2205,-9.2015,-3.2442,-2.339,-0.2541,-1.3019,-2.7812,-2.1805,-1.1099,0.4776,0.2492,4.1677,4.6401,1.7903,2.2114,2.0821,3.9347,7.6976,7.206,6.5729,11.1234,22.6123,17.1064,11.653,4.5589,0.932,-3.3738,-1.22,-2.8483,-2.1139,0.3475,6.5682,10.2562,8.5687,22.7069,18.9125,22.5542,10.4797,19.6544,26.1728,25.238,23.1234,17.5406,20.589,17.3879,14.5076,15.3379,19.5531
2025-07-29,16.3598,15.9531,21.8462,18.929,20.9324,16.7777,20.1888,17.5016,17.603,17.9739,13.808,9.5073,15.0384,19.3579,21.8477,18.0691,16.4943,15.0406,21.9791,21.9055,17.3981,23.4324,28.0788,32.1456,31.003,33.9983,29.2947,32.7834,30.7058,29.8141,34.7243,31.6376,32.9969,27.4647,20.3647,6.4205,11.3326,7.3436,2.2702,2.4119,5.3036,4.8276,0.7059,9.324,5.5159,2.2051,8.3641,13.9487
2025-07-30,14.8396,13.957,17.8094,14.5807,13.0797,9.5065,9.5357,8.9529,11.1046,11.1835,12.7669,12.8279,7.8076,-3.3019,11.9239,11.9935,14.3526,14.3511,10.9525,11.1191,14.4365,18.106,16.3013,12.2555,8.9232,10.1436,13.4851,14.6273,16.4851,14.3178,21.05,15.4306,18.4398,16.5736,21.0147,11.9903,12.9266,14.4841,11.1978,11.8904,13.1567,10.8211,14.4964,15.871,11.4094,3.2761,9.1648,10.348
2025-07-31,5.8217,6.4127,6.8128,5.6363,2.8699,0.8359,0.1138,-1.4569,1.9071,3.1353,-7.3356,-8.3302,0.4786,-7.9776,11.4965,-1.0556,0.7939,2.5113,2.928,1.9644,6.323,8.2601,4.9554,9.8297,2.6901,11.6446,12.1701,11.7809,7.463,4.687,-5.4827,-2.9825,-2.8095,-7.8025,-4.2151,-8.2101,-7.2435,-7.0559,-8.2366,-3.7435,-6.2881,-4.4997,2.3204,3.7415,-2.0275,-3.1988,-16.7019,-19.336
2025-08-01,-9.2083,-8.4964,-16.2742,-15.6279,-23.6663,-24.3031,-33.9987,-30.8554,-33.3091,-27.5196,-27.9508,-30.3525,-36.0384,-32.6278,-24.2111,-29.409,-22.6387,-22.7529,-22.56,-15.0552,-18.8588,-14.4768,-23.2965,-22.986,-23.8289,-25.3983,-27.4764,-21.8121,-17.1001,-5.3953,3.93,7.3461,-3.5183,-4.6191,0.7427,-6.8538,-10.2413,-9.5112,-9.6693,-7.4828,-4.2049,-7.7746,-7.192,-7.0227,-10.3037,-4.0564,-0.8308,-3.9936
2025-08-02,-6.4743,-3.2101,-4.2557,-7.4654,-1.7469,1.2963,10.8614,15.1051,18.3093,15.8188,13.4284,9.6537,9.9485,7.5346,6.3952,7.9074,9.6976,12.3604,10.4747,17.1626,20.4561,19.9503,15.7953,14.4204,17.9788,22.3966,22.6476,23.8031,25.6827,23.545,35.0333,37.3273,34.2936,26.6072,12.8311,4.2836,5.7926,0.7314,-3.7629,-0.3002,-0.7959,-0.6909,1.2985,4.7395,3.3085,-4.6031,-6.5338,-10.7207
2025-08-03,-11.555,-4.433,6.9485,13.8982,13.8496,14.2402,22.7762,20.9463,21.2907,20.3201,18.9553,22.2585,28.712,32.9062,34.1786,37.9034,33.4031,39.1038,45.5072,52.1887,45.2605,39.3392,31.169,26.8403,33.8705,28.5521,23.488,16.0347,7.0896,17.6107,15.649,21.8871,32.1525,14.2522,-4.297,-14.1539,-8.2017,-9.7133,-13.3486,-19.7655,-17.9819,-19.4521,-16.2447,-20.2736,-24.4197,-31.2638,-31.507,-20.4679
2025-08-04,-17.0523,-20.7629,-12.4379,-10.6814,-7.1267,-6.2382,1.0375,6.8022,-6.9171,8.0779,7.7543,22.0536,2.5939,7.5648,8.2077,9.076,-0.7162,9.9369,13.959,26.8111,27.7135,23.6097,6.7916,-1.8932,17.7914,11.6685,0.6154,-4.0387,9.1069,5.725,1.1793,2.7512,5.9967,17.8758,23.1988,27.79,9.9207,7.3074,18.8729,19.919,29.4491,24.717,22.0936,30.1092,20.1067,32.5084,47.3764,40.4075
2025-08-05,44.9212,40.3253,22.9275,22.1515,23.8548,22.8013,18.113,16.7419,20.1286,19.863,17.6757,17.0337,21.4033,20.1969,25.0395,33.535,12.1432,10.0516,2.3843,-8.0368,1.7189,-6.6036,-18.652,-15.154,-20.1174,-24.6714,-35.3429,-36.3936,-28.2935,-36.759,-36.5335,-43.0391,-34.6332,-16.1806,12.6601,19.8899,-4.4403,-5.6574,0.3025,-3.1198,-5.616,-10.3267,-11.25,-7.2766,-3.2614,-12.646,-26.5057,-19.9282
2025-08-06,17.9131,17.1368,20.062,19.8361,24.4954,23.8417,22.598,24.5363,30.4948,27.2858,24.3283,15.6033,5.8825,-0.407,5.0049,-4.3946,-2.3465,2.2587,-3.2329,-1.2794,6.2723,8.2063,6.7855,6.7038,7.0358,3.4885,5.1135,4.3665,10.3647,9.3262,9.9749,12.0126,14.7488,15.6042,14.004,18.0731,2.3657,5.151,-5.6866,-4.8189,-8.3646,-9.219,-8.0681,2.9409,-9.1402,-8.4054,-19.8822,-30.7891
2025-08-07,-28.0864,-13.6173,-5.7321,8.4646,3.1709,6.6922,8.8364,11.4071,7.8059,-2.0519,-25.108,-38.0056,-31.6528,-36.2716,-34.8435,-30.3911,-13.9794,-13.189,14.4747,16.7269,19.9687,22.0748,27.1605,31.2084,28.7949,31.1487,34.291,34.4119,29.696,20.5947,6.6634,-4.9962,-25.596,-27.3796,-34.8037,-24.5475,-16.4051,-15.1697,-14.931,-13.5148,-13.0279,-15.0326,0.9443,1.7412,-1.6525,-4.9981,-7.4795,-20.0625
2025-08-08,-16.4506,-20.026,-28.6014,-22.2006,-24.7378,-27.2409,-38.1333,-28.9678,-33.8289,-33.6754,-45.4546,-43.2715,-46.0875,-42.4355,-39.8726,-35.3888,-34.7667,-30.8309,-38.4611,-29.7685,-13.0178,-16.495,-5.2634,-0.4234,-1.2572,-1.055,-0.8749,-3.01,-12.933,-13.2499,-17.7301,-22.8471,-31.8906,-36.4898,-34.7199,-29.8848,-18.9172,-13.9553,-15.3645,-13.0289,-10.5452,-7.4071,-7.52,-4.1243,-7.7994,-9.4201,-15.6793,-23.438
2025-08-09,-19.4921,-15.7436,-13.9157,-15.3585,-18.7875,-16.2102,-23.4245,-23.1651,-20.5172,-17.3094,-27.1956,-26.2299,-21.578,-24.1187,-33.1762,-32.8617,-14.2941,-10.1639,-3.9548,1.2013,3.7679,1.9061,1.4824,-4.3506,-5.7038,-5.0092,-5.4916,-3.5384,-3.2191,-3.3157,-2.2591,3.7959,12.5651,-0.6069,-22.0761,-37.9666,-23.5348,-24.2141,-19.011,-14.8863,-14.3491,-17.9133,-14.5991,-17.2933,-13.115,-11.1659,-2.2176,-8.2514
2025-08-10,-12.9491,-22.1091,-15.5844,-22.4361,-19.673,-21.7725,-18.7706,-21.7213,-19.3653,-20.7854,-26.2485,-28.7998,-32.9121,-34.877,-40.0908,-34.4275,-32.6762,-30.6017,-27.2868,-22.1105,-25.5652,-19.5805,-10.0649,-5.7788,-5.4663,-7.2328,-2.0861,-0.5921,1.5147,5.5157,9.4712,9.5162,-5.0669,-14.8078,-21.6179,-21.5293,-19.7369,-14.3156,-17.0774,-9.1914,-6.494,-10.9019,1.8821,1.8369,-7.0677,-5.9575,-9.7425,-11.7008
2025-08-11,-12.8838,-10.2371,-8.3487,-10.3368,-11.0589,-12.3546,-12.8531,-6.418,-14.2218,-11.6887,-14.0315,-14.1017,-7.142,-6.305,4.8424,-3.2066,14.9719,14.7063,13.3833,8.769,13.6044,13.8048,8.5149,7.6317,4.4622,6.4702,2.8591,1.2742,1.5631,-1.8018,-1.5565,-0.5605,2.4844,2.3711,-15.3597,-24.6871,-31.6182,-23.9898,-35.6002,-30.1783,2.329,2.6553,9.5943,12.2102,6.9997,10.8814,14.674,14.6321
2025-08-12,16.6879,14.7909,9.8236,9.367,12.6457,8.8574,13.8817,13.9903,13.3616,12.8146,3.7771,-4.989,-1.2517,2.2041,4.3899,3.5598,-6.3667,-10.7244,-8.9015,-9.1222,-7.6443,-0.4823,2.93,8.5074,13.4294,5.2642,8.1702,6.0859,2.2788,4.8226,-3.6758,2.0779,6.9727,10.2518,-1.8222,-9.8617,-15.6153,-19.5047,-6.1193,-2.9595,6.1993,5.7255,6.8527,14.3495,8.4621,8.0083,7.9403,14.4899
2025-08-13,12.555,14.4562,12.1838,14.4376,9.37,9.3567,7.004,2.354,3.1648,6.1483,7.321,1.6285,1.9483,4.7078,4.7672,7.6802,5.6449,4.341,-0.7357,2.2895,2.9109,-3.783,-3.5864,3.7243,7.3089,7.8162,4.2623,5.4769,5.371,5.4894,4.4045,5.6732,-1.8075,6.2836,0.1728,1.4455,-5.8727,-0.8296,8.3396,9.2609,14.763,14.2435,11.1255,17.8221,12.9869,14.1129,17.4596,13.9594
2025-08-14,12.2687,11.2174,9.4195,7.8322,8.0131,8.716,8.7082,10.4601,12.3765,9.1654,13.8906,13.9124,14.638,10.9402,12.1805,12.0282,22.1081,17.831,20.0508,22.7634,25.2712,22.4616,20.984,19.5957,18.3597,16.5776,16.4157,15.2009,14.248,14.9812,17.5244,18.1997,17.213,17.6421,21.5686,14.5741,7.4064,5.8409,11.4705,7.667,5.7181,3.1203,2.3087,6.3663,-0.0988,8.0041,13.8441,13.6848
2025-08-15,12.3292,14.5382,9.7327,12.8005,9.5913,7.5036,5.6331,5.2899,8.9066,8.2874,10.765,9.3368,13.5266,12.9666,12.0234,12.4014,17.8273,18.0502,21.1193,20.3016,20.1448,18.4393,12.1322,14.579,10.8474,12.1255,11.8024,5.0654,8.3346,8.9539,8.5555,12.2486,11.2641,12.0492,14.4341,10.889,13.4679,13.4067,16.2032,12.0119,9.3236,8.4866,1.6909,11.2604,19.2255,14.6632,12.2988,15.516
2025-08-16,14.2819,13.8095,19.0964,18.4354,11.312,11.0955,14.8355,14.6157,4.2508,7.9453,8.5144,8.552,1.2577,1.8786,-0.1646,-0.4318,-4.7223,-5.5113,-8.4926,-13.8218,-15.611,-18.2969,-24.3129,-27.4872,-24.4837,-21.2861,-14.9704,-10.0932,-10.1335,-11.0048,-8.264,-13.9486,-14.2023,-13.9519,-13.2771,-13.3414,-11.7962,-3.6208,-0.615,-0.8703,-0.0736,2.6537,3.486,7.9664,9.2003,3.095,-1.9074,-0.9388
2025-08-17,-3.507,-3.4998,-2.5766,-6.3713,0.2471,0.9511,-0.6329,-2.6911,1.0143,-1.0843,-0.9947,-4.281,-6.2983,-9.5822,-14.5228,-17.2173,-15.7763,-13.4843,-10.4345,-10.8051,-11.4849,-11.6023,-3.0343,-7.0743,-1.4724,-2.2987,2.8966,3.5458,3.7412,4.8024,5.2888,0.966,3.9536,6.5601,-8.2437,-2.8147,2.1253,1.7778,5.0874,8.5201,3.7132,6.6508,10.296,14.7017,6.7645,10.4976,1.4022,-1.2888
2025-08-18,1.0755,1.2834,4.8266,0.6111,4.6119,0.932,-5.3544,-9.5548,-4.6598,-2.9446,-7.3584,-7.5381,-7.4833,-7.7512,0.0392,-0.7691,3.72,5.8919,4.6341,2.7362,1.5756,-0.579,-3.4277,0.6318,0.2768,6.7188,9.3596,6.6064,8.7659,12.4121,11.2026,7.4756,9.3502,8.6673,4.7681,2.5863,5.9498,8.6234,14.7595,11.8162,13.2566,12.1892,7.8093,11.6587,7.4247,3.8054,7.3204,4.3922
2025-08-19,6.0076,2.8812,2.0968,-1.6607,0.3255,0.9146,-3.1696,3.9725,2.6928,4.8518,12.2666,15.0386,16.2267,17.069,13.5211,19.965,24.8347,26.4392,24.8558,19.0201,17.2062,14.9043,6.8019,7.3317,12.7363,12.705,11.9627,11.3118,11.5477,7.3047,0.8097,7.2164,7.6726,2.7437,3.9916,6.6431,7.6267,14.7736,16.3062,16.4002,7.6515,6.8144,3.5202,12.2645,8.1003,-2.2806,1.0187,-3.6717
2025-08-20,-6.6472,-7.1528,-9.266,-10.686,-10.232,-8.5934,-13.1747,-16.7782,-14.1229,-15.6886,-19.312,-15.3696,-11.5611,-16.5016,-19.2217,-16.3162,-8.5853,-14.1747,-17.9443,-25.334,-26.1417,-28.7134,-25.5669,-28.0122,-24.4133,-26.0886,-24.2375,-25.6365,-23.8123,-22.5823,-16.0313,-13.3225,-17.1468,-19.8533,-16.6355,-20.6461,-18.3298,-12.1855,-9.5405,-7.7609,-1.0971,1.4159,-0.055,8.7269,3.8774,1.1592,1.9871,11.4711
2025-08-21,8.4283,5.1998,5.6576,5.4212,0.9959,1.7764,-2.1213,1.7595,7.2807,7.4783,10.5348,7.7858,1.5623,7.1548,9.4722,2.4303,2.7748,5.796,2.3057,8.8277,15.328,15.2152,11.1328,6.8905,6.9071,4.185,3.8488,3.9483,5.6598,6.1089,11.424,12.1184,12.7129,11.9598,20.6502,13.3758,23.4625,20.1324,18.328,16.3619,12.6231,10.143,10.3296,9.1082,12.8977,15.2325,5.9974,10.4805
2025-08-22,14.5982,16.2592,16.1886,12.3238,12.2205,11.2699,7.7105,5.6736,10.3798,6.9134,3.8045,-3.3953,-1.703,-1.7924,-10.1381,-3.1703,-4.714,-5.0495,-5.4859,4.6785,15.244,11.1415,9.0106,10.1212,4.058,6.668,9.8355,11.5122,14.291,14.4583,17.9503,17.9747,19.4947,14.9542,12.8918,6.9017,3.1637,-0.4476,-5.4689,-10.9067,-7.8575,-5.2557,-5.2907,-2.5888,-2.2122,1.2723,7.4037,5.3611
2025-08-23,8.0567,8.209,8.8546,2.8735,5.1751,6.5876,6.0652,3.6691,4.9137,3.2304,-1.3411,-2.9929,-4.0297,-4.557,-0.6749,1.2132,0.8897,3.6745,6.8582,7.3742,9.4381,8.7252,8.5345,4.7445,1.866,-0.6728,-1.0882,3.2611,6.3257,6.248,6.6358,5.3935,2.4095,2.508,12.9022,14.4554,5.3277,4.0436,-2.2044,-1.0269,-5.1296,-1.6573,-0.203,5.975,5.6101,0.5785,4.7316,5.1362
2025-08-24,0.1207,-3.7304,-3.1695,-6.0499,-4.6045,-5.9653,-6.5315,-7.5564,-5.1378,-6.2158,-5.4648,-4.0292,-2.8061,-4.6913,-11.4376,-11.853,-18.6076,-17.9117,-18.1242,-17.9591,-14.6418,-10.606,-9.2562,-9.6222,-4.8164,-7.6933,-3.3217,-0.5837,-0.6589,-1.6293,4.1216,6.9904,8.2639,11.8163,13.8632,9.6902,4.4269,4.3328,0.1255,0.9209,-2.9418,0.4746,-1.6314,-0.4526,-5.8412,-6.9413,-5.2244,-21.1383
2025-08-25,-18.9889,-16.9751,-12.9441,-12.0831,-9.8465,-9.7612,-18.7161,-20.4281,-23.1028,-24.2942,-35.6692,-36.1215,-39.5502,-44.231,-36.965,-30.7083,-22.4941,-23.3404,-24.4279,-30.7043,-35.7231,-31.2619,-5.3023,3.0623,6.9398,7.8608,7.2364,11.7283,3.4502,5.6822,-10.5887,-5.9932,-9.8858,-22.0218,-27.3859,-26.2569,-28.9921,-24.491,-26.6382,-26.6208,-28.8534,-29.645,-22.2036,-15.5164,-23.8083,-25.9716,-30.0858,-41.7291
2025-08-26,-39.8775,-39.6864,-31.5156,-32.421,-26.1731,-26.9812,-27.685,-26.8137,-26.6748,-32.6238,-37.9237,-42.5036,-40.5542,-38.4641,-41.4046,-38.9385,-37.8646,-36.4244,-34.3794,-36.206,-34.1054,-37.0819,-43.8383,-46.0836,-45.512,-42.3416,-39.8389,-41.7121,-40.2236,-32.6252,-30.4941,-25.2502,-28.1986,-22.3992,-21.4059,-28.4854,-28.9409,-31.4319,-33.5893,-36.22,-27.7148,-27.3593,-19.2103,-17.1498,-8.5452,-5.9621,4.6984,6.3223
2025-08-27,2.9691,0.4033,4.7807,-0.8348,2.9511,2.1829,2.3814,1.962,-1.1545,1.5083,0.894,-0.1714,-5.3144,1.1503,-15.9917,-21.2155,-2.4279,-8.996,-12.4662,-7.1275,-9.5533,-14.4297,-17.1954,-16.4951,-20.199,-16.9477,-17.3406,-17.3295,-25.4447,-20.1883,-27.9728,-19.6973,-26.7771,-18.7154,-9.1851,0.7417,21.2722,15.0281,14.0123,15.1716,2.1475,-2.7428,-10.1653,-5.9541,-2.703,-1.791,-2.6821,-4.4116
2025-08-28,2.537,-10.1159,-12.9025,-17.3875,-15.047,-20.1783,-17.3409,-17.9383,-16.3133,-15.0668,-10.2382,-13.4868,-18.44,-17.9778,-24.0745,-14.436,-26.5119,-25.8419,-20.7178,-18.045,-17.0469,-20.9312,-24.304,-26.3832,-27.7122,-26.1822,-33.2608,-29.1895,-29.9587,-29.8344,-27.2853,-32.4066,-31.449,-22.95,-11.8066,-3.4496,10.0285,10.2539,18.25,15.3286,9.1708,8.9098,-1.8788,1.8479,8.0263,2.4011,-9.0547,-10.2358
2025-08-29,-4.4086,-6.0766,-7.1229,-11.0161,-7.9576,-9.6051,-7.7156,-6.0363,-7.0629,-3.2373,-4.8143,-5.1412,-5.9095,-4.1799,-19.3586,-18.5305,-15.8423,-19.1781,-31.4176,-20.5758,-22.0719,-18.4553,3.2253,6.0184,9.9515,1.5356,0.3925,-1.6076,-0.9081,-1.046,-3.9546,2.9071,0.327,2.0082,10.5213,-2.2785,-3.7388,-9.199,-3.5592,-4.3644,-8.4161,-9.2461,-8.942,-2.704,-1.7675,-3.8158,-7.8684,-3.504
2025-08-30,-9.0114,-6.8651,-7.9664,-10.5241,-11.1966,-17.371,-21.6081,-24.4959,-18.8893,-19.7407,-18.6195,-18.7934,-18.5435,-20.87,-24.4689,-21.8553,-19.1289,-14.4631,-9.4618,-4.0434,-0.9547,-0.0124,0.6457,11.8301,19.5818,30.2037,34.3342,41.3634,37.2434,37.2574,25.5198,29.3822,21.5715,36.963,47.9654,61.4754,60.2907,62.2362,55.755,61.3166,57.2533,56.8148,57.1569,60.4053,53.333,46.6456,49.2628,48.3537
2025-08-31,43.3417,39.5159,37.8836,31.1257,36.5511,33.1517,32.6767,28.508,30.9558,34.8935,27.0463,14.9241,5.3337,-1.2418,1.0051,-4.8388,6.3327,7.5636,4.5068,3.6612,5.8257,3.3039,-11.6984,-16.0292,-21.7226,-23.2502,-23.7273,-18.7515,-21.5541,-25.2099,-58.7439,-58.9822,-44.3436,-33.0928,-28.5884,-29.0421,-32.4068,-33.2586,-28.9756,-25.6418,-28.4966,-27.3265,-18.097,-12.5696,-26.8837,-17.6699,-21.8075,-6.5712
2025-09-01,-6.3583,-2.4364,1.7737,-0.8915,1.5979,-0.846,2.7417,-1.6964,-7.3002,-12.5291,-15.8368,-18.53,-16.6129,-22.2016,-25.9311,-21.6444,-28.9568,-24.047,-23.8516,-14.1576,-16.729,-8.8073,3.9009,3.4909,6.3622,6.5961,8.5967,9.0623,11.3741,5.2882,-9.9629,-13.8398,-7.536,-2.8211,1.1646,-5.7547,-2.6556,1.3094,5.8914,8.6936,2.6072,2.2158,-0.3524,4.1514,-3.5423,-4.0135,-4.6029,-10.5506
2025-09-02,-16.6685,-23.623,-26.6009,-31.515,-27.5338,-30.8243,-27.6691,-24.8961,-25.8872,-24.6447,-14.6727,2.1667,5.5313,6.2929,-6.3266,-5.0287,1.7195,10.7929,2.8343,7.5636,11.6834,2.481,1.3319,-1.5991,0.868,3.9873,2.6875,2.53,4.3409,-3.1781,-12.4219,-10.7046,-7.9192,-8.8468,-18.4659,-12.9854,-4.3161,-1.5214,12.1874,18.5384,26.7643,26.3036,12.3079,14.8538,12.7748,7.9959,4.858,-7.2774
2025-09-03,-8.2166,-12.3332,-13.032,-11.3926,-10.8776,-9.8967,-14.0547,-14.7718,-15.0067,-16.0526,-18.5788,-18.088,-13.1686,-6.913,-16.3893,-17.166,-24.4518,-22.5122,-30.8507,-40.823,-41.7782,-36.4149,-34.0494,-25.6322,-22.8576,-22.4431,-27.4381,-30.2548,-31.8543,-34.9268,-33.0123,-32.1528,-29.4741,-28.346,-26.9795,-25.6174,-14.8242,-13.0392,-9.9751,-12.1616,-16.0583,-13.7738,-7.3186,-1.8752,0.3411,-5.0945,-15.1765,-7.1938
2025-09-04,-4.343,-5.0509,-2.5518,-5.8699,-7.2992,-12.2546,-10.561,-12.5378,-5.3902,-1.7145,-12.3561,-9.8357,-10.5359,-2.0124,6.3612,5.9095,-0.0922,-6.0759,-13.1495,-17.9191,-18.8025,-18.2981,-18.5233,-20.7183,-13.8827,-12.5608,-3.5927,-1.3125,-3.6175,-1.4925,-3.8563,0.6339,8.9351,11.6729,14.9184,15.7467,20.4996,22.3054,32.3424,27.8047,28.1456,23.9239,13.3845,15.4484,9.0228,3.2031,-0.125,7.6751
2025-09-05,7.5184,5.5045,1.32,2.1877,2.1911,0.4146,0.5591,2.3156,3.1215,3.4479,8.3146,12.1715,2.4041,3.1252,-0.406,0.8887,14.8693,17.3235,14.1853,14.4664,12.9689,13.6037,5.6136,-0.7984,0.2731,2.5786,4.1129,6.0444,6.6468,5.3661,8.3999,7.24,7.0709,3.9387,2.2403,2.2682,-10.4915,-10.9335,-11.5921,-12.3405,3.8266,7.7391,1.4683,7.1815,5.8503,5.0257,4.2094,3.9132
2025-09-06,5.7509,0.2248,1.4103,-4.1868,-4.0606,-3.6191,-10.9865,-11.9172,-5.188,-6.3214,-5.7397,-4.1056,-6.074,-3.4378,-4.0202,-4.1625,-2.5128,-3.9275,-2.8074,27.9097,44.5398,50.9847,58.1415,58.6523,51.9052,56.7539,27.1185,129.4212,127.7522,124.2754,73.2188,69.9615,70.4965,68.6543,63.619,71.9556,82.5562,77.2963,82.5357,68.7424,61.6177,68.4169,65.9568,76.6582,70.0824,64.7798,49.267,40.6405
2025-09-07,29.1705,21.9112,15.9878,5.1633,12.0172,7.7848,7.8936,8.2054,6.7608,11.1937,29.1616,31.474,29.0508,21.7056,6.3709,-13.0801,4.4045,-12.5553,7.773,4.965,10.7808,6.9662,-2.0833,-4.7046,-0.5925,-10.2316,-14.4929,-21.9316,-19.2399,-17.524,-16.0768,-17.8407,0.5087,0.4618,-15.9762,-10.5355,-4.6208,-6.1747,-4.009,1.071,-1.8656,-3.9121,-9.8374,-8.4634,-3.9697,-2.3719,6.2964,6.2286
2025-09-08,3.9594,-0.3455,8.9123,6.5418,10.2755,6.2817,-1.9198,-0.7707,4.8529,3.1643,-12.2646,-9.9729,-13.0436,-8.5355,-17.5602,-20.5258,-20.0812,-15.8787,-13.4981,-11.816,-7.5031,-6.2175,-7.5623,-9.6484,-12.5201,-12.1902,-11.1517,-8.4989,-6.3427,-5.1129,-11.6499,-12.2448,-20.1585,-27.9532,-63.3887,-83.6453,-120.1367,-143.3745,-122.8911,-118.9317,-48.2987,-38.8054,-25.685,-12.088,-10.5886,-15.0459,-0.8997,6.4001
2025-09-09,1.6919,0.2255,-1.1065,-2.7911,-3.3931,-0.7455,2.6357,3.2076,3.9069,4.2405,3.2139,5.0796,4.8219,7.7028,-10.9429,-7.7368,-8.7919,-2.8922,10.0507,14.881,10.9661,12.7512,6.8969,4.3113,-3.9452,-2.7086,1.0212,1.8701,0.3964,-1.223,-5.6834,-10.0137,-7.4442,-9.7504,-5.9216,-4.5288,9.2276,11.9251,15.9446,20.0331,8.5845,11.4148,6.422,7.7774,3.8499,0.8353,8.5731,4.7979
2025-09-10,-2.9548,-5.0876,-10.1096,-10.0507,-12.3524,-14.1672,-12.0791,-13.8041,-17.6919,-6.5476,-5.2611,6.0494,4.181,-10.952,-25.5202,-25.2903,-28.2714,-28.4914,-23.6952,-13.9991,-6.7735,-3.6696,7.4553,15.7105,11.9652,15.0065,17.5108,10.5672,6.8747,4.9678,-2.8966,-8.4814,-8.2575,-17.25,-8.1764,-12.7529,0.862,6.779,14.2075,21.0692,4.0859,3.5757,8.0824,35.2091,40.233,46.2294,57.7902,51.0261
2025-09-11,52.4552,52.7832,42.6687,39.1789,38.617,37.8937,31.3614,33.2856,35.8255,39.3592,52.0687,53.9282,56.5619,35.0407,47.7752,45.3691,27.5509,39.2457,37.3286,42.1577,46.1603,48.7237,33.2359,31.8515,29.4219,28.9273,23.0007,24.7385,32.7205,41.6447,50.9708,53.0819,47.4883,33.2726,24.4258,-4.4858,16.2404,27.8579,21.9443,21.7818,15.9056,25.1983,38.7871,55.9826,64.8998,64.0176,61.3493,62.7879
2025-09-12,63.7739,59.0762,40.7547,44.3872,37.9059,36.764,33.2054,35.0139,28.7698,28.5813,38.6312,39.8956,41.7512,46.5737,46.5061,33.549,40.6952,41.8972,33.6373,33.1443,41.3279,39.6632,22.2425,21.1892,18.001,16.1558,16.6546,13.6792,16.6457,15.0712,20.4288,21.6309,27.5089,11.035,-5.6757,-6.7283,-8.26,-2.8553,-8.2131,-7.5841,-10.6497,-11.0441,-14.7412,-12.9416,-10.0204,9.2121,10.8639,25.0629
2025-09-13,23.9392,26.7082,30.2384,27.9608,28.9938,28.3363,24.6293,26.2327,27.5765,30.537,33.4783,38.7366,38.2532,41.837,43.1003,48.0373,48.8471,45.899,51.3166,51.1183,50.1289,47.7632,34.5308,33.3534,29.6258,25.4589,32.0239,26.3337,32.1605,30.7787,29.8899,24.688,9.5014,-24.5509,-23.437,-16.4851,-15.7749,-11.5368,-3.3832,-1.2718,-8.2432,-8.9369,-2.7492,-1.532,-4.2793,-7.7751,-8.3423,-2.5418
2025-09-14,-2.9131,-7.064,-0.6056,-4.5683,-3.0433,-4.4831,-1.4777,-1.5549,1.1987,-5.0066,-9.1244,-13.1314,-9.8854,-13.2959,-20.3187,-21.6474,-16.2704,-10.8849,-9.8859,-9.1934,-11.1174,-14.6079,-21.2442,-24.9516,-30.9474,-28.7757,-40.1585,-38.5933,-46.2758,-38.8257,-48.5648,-50.3828,-67.746,-52.2208,-36.0893,-20.5479,-9.5933,-2.0141,7.5506,9.305,0.1808,-3.0713,1.4422,3.5956,1.3487,14.8733,17.5427,19.8909
2025-09-15,10.1084,8.1634,5.8643,7.5599,12.3524,12.1226,16.752,17.8164,17.8716,19.3613,38.1399,38.1794,41.1764,34.1159,32.7092,23.0835,15.8602,8.4062,5.5714,17.877,11.2046,13.5819,11.0553,11.5154,5.9896,-0.0658,4.2999,5.335,4.3363,3.9842,7.3455,3.7876,2.0264,6.5709,8.0814,9.2401,5.935,1.7584,-4.4311,-2.931,-11.4445,-11.1544,-19.6575,-8.6726,-7.0542,20.4621,16.5074,22.7068
2025-09-16,28.1283,31.0409,30.4156,30.5969,30.47,29.9934,33.9199,36.255,26.1047,24.2749,15.4876,18.3185,20.8846,18.9803,29.7847,25.9526,18.9677,15.7696,14.9712,20.7942,21.1292,21.0142,14.9023,13.3066,5.8187,3.02,7.4773,3.1118,6.1811,4.8781,0.0935,-4.6351,-0.9376,-7.0369,-7.2292,2.1756,18.2898,16.489,17.3729,18.2858,15.0443,10.253,2.7089,9.3626,7.6172,-3.7325,-22.9287,-10.5724
2025-09-17,2.6306,1.437,4.0756,4.3768,3.761,2.7187,10.4371,15.0598,23.1662,28.9826,23.4944,17.2123,1.6073,-1.0879,-9.5455,-7.0179,-14.3655,-8.9672,-16.9914,-9.6245,-5.4459,-0.7387,8.2766,11.2305,2.6538,6.2956,5.2711,10.9018,14.1173,13.6363,9.9561,2.3955,17.9925,15.5964,13.3172,6.396,8.6518,11.9407,34.6405,37.6877,25.9568,26.1455,12.0747,28.3746,17.4238,26.333,20.8372,18.473
2025-09-18,15.4327,17.0366,9.152,5.8848,7.9652,-3.3123,2.0528,2.9751,-0.6774,-4.6755,-8.2229,-9.6084,-11.0954,-18.3026,-19.5406,-25.0362,-16.0068,-15.6632,-19.7445,-13.4519,-12.1955,-13.3485,-19.239,-22.6915,-36.2871,-40.2393,-42.0956,-44.1491,-42.8523,-49.1215,-57.5007,-54.5735,-47.0122,-32.1533,-27.305,-26.8925,-20.1758,-21.0923,-1.9119,0.4955,2.2371,2.1441,-2.7774,-9.3775,-9.6963,-7.8168,7.3026,20.5264
2025-09-19,25.2389,28.3921,25.5096,27.5783,29.7055,32.2571,37.4544,40.4358,39.118,41.2136,44.9351,39.6325,32.6242,15.601,-5.8562,-9.0115,-8.4908,-9.2208,-12.9412,-19.714,-17.442,-17.8214,-12.4027,-10.6294,-10.4858,-6.0022,-10.7206,-16.968,-16.3055,-24.453,-31.964,-31.7904,-24.445,-20.5892,-22.4257,-20.1224,-12.6191,-11.6739,2.2749,0.489,-0.0156,4.9549,7.8891,8.0853,7.4558,3.6989,-7.3821,-9.5741
2025-09-20,-4.4092,-5.4345,-12.725,-13.7755,-12.0974,-10.101,-3.2205,-4.2094,-2.2679,0.7685,5.4599,3.0446,9.4931,14.1954,-4.8184,1.227,-0.4841,2.3097,3.2484,-2.1122,-8.7075,-12.5729,-9.8592,-8.1982,4.9836,7.2488,2.0559,4.8428,-1.4224,-5.9465,2.0964,3.0038,-0.9345,5.8604,15.9139,22.2008,22.849,24.0608,48.2142,58.6688,63.4969,70.9998,71.1746,68.6394,61.3562,50.8035,34.2886,28.1787
2025-09-21,26.214,21.8719,16.8719,13.8659,4.5751,5.6605,9.2799,7.5424,5.4541,-0.7795,-4.2828,-6.3539,-3.8124,4.9685,31.9806,39.2585,29.8383,29.4173,27.0628,20.6997,26.6067,28.0515,25.2102,27.7476,29.5541,28.0402,25.4439,18.1471,22.7807,5.5291,9.6086,5.0634,6.0668,3.2996,-3.8056,2.7959,2.9089,4.3593,1.7288,4.0794,-3.0843,-8.5187,-14.7543,-8.7005,-4.6124,-15.0334,-25.525,-14.5596
2025-09-22,-14.1245,-11.0111,-10.9021,-9.8542,-12.0853,-14.2204,-15.5442,-14.9716,-11.3365,-9.7744,0.2172,-3.0089,-12.4074,-5.1656,-8.6915,-7.1664,-14.0375,-17.3284,-17.0204,-16.2522,-15.1111,-14.2483,-15.521,-9.7783,-4.2019,-3.747,-10.3747,-9.6133,-9.1402,-4.7049,-3.3985,-2.2154,10.3254,15.8047,20.3801,19.5171,21.2896,19.8479,28.3984,31.1414,31.7431,29.4485,17.5402,17.37,14.1864,9.2874,-4.2617,-1.4933
2025-09-24,12.7348,12.2226,7.5347,8.2268,6.2221,4.6596,7.4866,4.7298,-4.4587,-2.4702,-1.7656,7.2968,-0.4664,5.2712,0.6834,9.2025,-0.4488,-6.0971,-7.4205,-0.0794,9.099,9.9344,5.2592,6.0271,9.1524,9.2226,7.2948,10.3152,9.0329,6.8541,5.7655,7.1524,10.5649,10.9847,19.4294,19.6564,32.8242,32.8678,32.2267,29.8356,17.7037,18.4494,4.9177,1.8743,-1.7645,-5.7541,-11.8109,-11.3137
2025-09-25,-14.6453,-18.9137,-19.4847,-21.4451,-26.6221,-27.3632,-28.4858,-23.4443,-21.8093,-21.2127,-10.1224,-0.7014,-8.4546,-2.3255,-14.2622,-12.0148,-12.4693,-12.6292,-8.644,-7.1482,-8.8485,-5.0895,-12.3154,-14.3234,-17.9919,-19.2451,-18.942,-16.8549,-12.6477,-8.6365,-9.8863,-3.587,3.0697,8.7399,-1.8444,-7.198,-1.2666,1.7654,6.2278,6.7042,0.4947,-2.7797,-3.0252,6.3239,-7.9232,-14.5675,-17.3097,-14.7922
2025-09-26,-12.8822,-14.7922,-14.7008,-16.2069,-22.9225,-23.7695,-27.1612,-24.7356,-27.7272,-28.0908,-19.3974,-10.5973,-3.067,-0.586,-4.6582,-5.4802,-7.0676,-9.0187,-1.9077,-2.2277,1.4755,-1.2315,-9.7489,-9.6904,-13.649,-10.4062,-9.1058,-9.4925,-4.7726,-9.6469,-10.5887,-10.6349,-5.3559,-5.1772,-7.1797,-4.911,4.3874,9.1656,23.4837,23.6365,16.5549,21.2807,2.7692,-3.066,-1.3456,-4.775,-8.6251,-7.7123
2025-09-27,-8.4242,-8.431,-11.357,-12.6622,-16.4785,-14.5504,-14.6258,-17.9993,-19.2365,-20.4039,-13.9524,-12.9224,-14.0496,-11.3086,-12.8537,-8.3666,-7.2701,-5.3442,-7.9996,-14.768,-16.4333,-16.9546,-16.9708,-17.6567,-18.005,-22.3536,-16.054,-18.9142,-18.3256,-17.8909,-14.0176,-12.3818,-10.5315,-3.7525,3.698,5.2228,4.0557,0.7524,-1.9598,1.6697,-6.9065,-6.4426,-10.0667,-12.4427,-12.8048,-16.2651,-15.7152,-11.4091
2025-09-28,-12.5254,-14.2905,-21.8383,-23.35,-22.3406,-24.2586,-26.0361,-28.0982,-26.4949,-27.318,-20.3863,-20.0417,-17.5263,-16.3675,-13.4256,-8.7465,-2.6989,-6.2788,-10.8791,-12.7739,-13.8962,-15.5201,-12.996,-15.5352,-9.3512,-6.5339,-6.1391,-10.0096,-7.6635,-5.5871,-0.2408,5.6091,3.592,-7.1765,-17.5219,-19.0739,-3.9356,-1.0798,4.8065,4.2021,-2.6841,-4.6627,9.3124,17.9991,11.9665,14.0545,13.4839,19.337
2025-09-29,19.5782,20.1552,16.4848,15.9751,16.394,16.4725,15.3377,16.0381,13.8705,15.3523,22.1327,26.5658,28.321,17.7344,12.085,10.3352,12.88,9.8507,30.8954,32.6399,28.9838,28.6539,22.8196,25.1161,28.8442,29.2857,29.7872,30.2132,25.5662,25.2196,12.8948,10.2027,-1.3211,-6.3717,-19.3525,-8.0466,7.7856,5.694,28.3051,34.4459,21.0744,26.1325,16.6208,17.5199,11.2742,14.8002,13.2895,14.6409
2025-09-30,18.4625,15.8302,7.4503,9.1893,9.4293,5.568,5.1414,5.8406,10.526,6.5747,1.3816,10.7132,12.6646,6.1022,-2.6342,-3.4209,-2.1297,-3.2277,7.7446,12.9973,15.3574,7.0452,6.6257,10.2145,11.6007,15.4141,9.0182,9.3715,7.4556,10.0327,9.1832,2.8057,6.0062,1.4916,-5.7819,-10.1801,-4.3483,0.844,15.4429,19.6172,13.039,16.5879,12.6481,11.9019,7.4349,1.1152,-6.8228,-3.715
2025-10-01,-1.2717,3.3429,-9.5435,-12.288,-14.3643,-12.2435,-10.066,-8.3636,-10.8942,-13.3911,-8.5501,-2.7857,1.8476,5.8275,-8.714,-12.8094,-7.5163,-6.2874,6.5312,3.2333,7.953,3.1177,-3.0375,-4.436,-2.803,1.9448,8.27,10.0804,6.5119,8.3146,-0.7151,2.991,2.798,3.3634,-3.9226,-8.4145,-4.4613,-4.7305,-3.268,-0.5104,3.2564,13.9865,2.9721,-1.1876,1.0349,-4.8876,-9.016,-7.9447
2025-10-02,-3.9449,-4.9734,-14.674,-17.9217,-15.6347,-17.5859,-15.858,-10.5928,-18.2611,-19.4023,-18.4207,-12.5309,-22.3135,-18.0761,-7.3227,-7.4117,-1.443,-1.4417,-6.5018,-4.6638,0.555,-6.9846,-14.8989,-18.8409,-16.0116,-7.7891,-2.9128,1.9516,3.2469,4.5316,-5.131,-6.7376,-7.0852,-8.3361,-16.0492,-9.4039,-12.0695,-9.1011,-1.5336,8.6181,13.8645,8.0593,-7.8653,6.0514,7.4671,12.8465,-3.0485,-3.8332
2025-10-03,-1.6848,-2.0119,1.7045,1.536,2.6727,4.2486,10.3063,8.7025,9.9177,7.4117,1.6136,-19.0555,-27.9832,-30.8916,-30.5833,-29.2403,-29.7065,-27.4532,-29.3269,-33.2508,-23.5018,-21.2571,-10.41,-0.5721,5.6882,6.7097,10.2138,16.0812,16.957,19.2441,33.6991,35.5148,19.9881,17.741,22.0064,19.6722,13.5986,10.9971,6.0013,7.0027,4.2048,5.8581,3.5384,5.4646,-7.7972,-1.5911,-15.1808,-11.5463
2025-10-04,-13.1338,-11.7936,4.8236,9.918,10.2078,12.4148,2.472,6.4294,8.8991,12.8111,13.887,17.2025,17.3538,24.9023,9.5475,14.8802,13.2296,13.1797,0.0478,-3.6163,-4.9257,-6.9448,-16.1703,-16.5049,-19.454,-27.1636,-21.4504,-26.3943,-22.4945,-22.3352,-11.2304,-5.3775,4.8088,23.8346,32.1465,34.7645,40.7195,46.4707,50.9765,49.9774,47.907,56.33,49.994,46.2144,33.8066,24.4818,19.1477,16.1327
2025-10-05,12.6214,9.757,2.8585,2.8896,-1.6254,-0.4211,-4.5491,-2.8761,-5.32,-4.4576,0.6825,2.5436,4.3504,11.1885,10.8911,13.3606,12.1956,10.3916,-5.1887,-12.8794,-9.7309,-9.5056,-16.2643,-16.1864,-20.4456,-18.2683,-7.8435,-10.6017,-8.1596,-9.8751,-8.9562,-21.1929,-12.458,-36.7153,-32.1369,-27.8881,-25.1675,-21.2687,-22.2197,-21.152,-23.2947,-23.2515,-14.3697,-15.3043,-17.2553,-1.0954,-3.9559,3.6261
2025-10-06,4.2438,-1.1934,1.197,-0.33,1.3017,-4.7934,-18.0429,-28.0131,-30.1497,-33.537,-41.4859,-39.06,-22.9769,-17.7054,-18.4396,-13.2066,-20.1464,-23.5421,-27.89,-29.1115,-32.3903,-28.4661,-43.1869,-44.6454,-38.9282,-33.1232,-40.1658,-43.6061,-41.6358,-42.1153,-38.4434,-36.5529,-26.0771,-22.3462,-15.3875,-18.2489,-23.5588,-22.6001,-16.833,-13.1938,-12.213,-12.1905,-7.9792,-16.091,-3.7726,-21.6916,-35.9999,-36.5919
2025-10-07,-30.6104,-13.5554,-33.4582,-30.0169,-31.1714,-30.696,-28.9396,-25.8139,-29.4139,-29.2883,-31.6904,-24.6641,-20.2359,-4.4779,-6.0365,-20.7433,-20.0323,-19.0698,-10.4445,-15.6788,-12.8367,-13.6945,-9.7113,-7.3418,-4.6208,-4.3372,-4.6569,0.2349,-0.0988,0.0875,-11.197,-10.8585,-5.4855,-7.4744,-8.604,-12.5813,-13.2391,-13.4416,2.9614,8.0182,-0.2812,2.0377,2.4164,3.6977,2.6197,2.1005,2.6943,1.5642
2025-10-08,2.3352,1.8018,-4.8856,-2.4515,-1.6623,-11.7016,-5.7148,-6.5014,-4.4438,-9.9979,-2.2123,-0.1581,1.0236,-7.0813,-17.4236,-15.5468,-13.9886,-9.9698,1.6467,0.4939,2.6862,2.9946,2.9249,2.5249,-0.4046,0.4047,0.3068,-0.1084,-1.3166,-2.7646,-2.103,-0.9341,4.857,4.54,10.2183,4.0658,-1.3609,-3.2414,-4.6279,-0.8104,1.6341,4.9702,-10.197,-5.9561,-6.9402,-12.6767,-22.0957,-28.1196
2025-10-09,-25.0097,-27.7261,-28.8327,-25.9401,-30.9195,-28.2473,-29.7373,-28.0359,-29.0693,-30.0962,-28.1423,-26.5608,-24.7549,-24.8314,-32.6697,-30.7816,-34.9679,-32.164,-29.6391,-33.8411,-24.011,-31.1122,-28.256,-28.4825,-30.6115,-30.4299,-30.2089,-30.2805,-20.4727,-27.5325,-26.9874,-23.3517,-27.9342,-20.0593,-27.21,-28.0694,-13.2634,-7.664,-3.784,-4.7658,-2.7352,0.8986,0.2297,-7.9339,-10.8449,-9.6963,-15.6031,-15.9191
2025-10-10,-8.8905,-10.1382,-5.934,-9.0015,-14.1529,-14.56,-14.5439,-10.7514,-11.2839,-14.7635,-13.3188,-8.2174,-8.2756,-8.1596,-5.3636,2.3932,7.2404,9.2884,6.9345,6.1331,4.9953,2.4516,-1.0517,-2.6923,-3.3021,-4.2344,-3.2718,-2.8719,-4.4776,-7.4956,-7.5425,-8.7884,-1.0179,2.2911,6.243,6.9281,19.2854,18.9861,15.0664,14.4114,6.6123,6.001,6.369,9.4172,12.9987,11.8825,4.9364,0.3273
2025-10-11,5.9804,5.8944,12.314,12.1448,14.4121,14.7138,19.6538,19.0401,18.6954,17.0906,18.7333,18.5142,19.0479,18.4449,18.7807,15.4078,13.4376,15.6316,18.1601,11.5273,8.036,3.635,-4.3626,-8.986,-8.5043,-10.8134,-10.5717,-8.9306,-7.2895,-4.4371,-10.2069,-9.4257,-19.4769,-21.4082,-4.664,-7.7223,-6.0913,-3.6691,-2.8264,-2.932,-5.4334,4.3824,11.2113,11.4723,10.1396,9.7327,12.5901,5.9442
2025-10-12,5.2416,6.5209,3.917,2.0964,1.5094,1.4311,4.1702,6.7238,9.3847,9.1,17.6808,17.3631,13.1483,14.3163,13.8003,12.8522,12.7418,12.3797,6.3664,-3.8083,-5.0578,-8.0685,-16.2109,-21.5291,-20.8707,-24.4251,-23.2512,-20.1694,-13.496,-8.3708,-15.822,-3.9125,-0.2845,-12.9687,1.1255,-0.0296,5.5841,8.45,8.8746,17.9709,1.1691,8.5313,4.6393,9.5334,7.2422,11.1857,15.621,18.966
2025-10-13,12.656,14.2127,15.1262,16.0017,16.354,17.1567,13.408,14.4843,15.5045,11.0229,16.2042,19.8805,24.2859,28.29,14.6073,17.0588,24.7984,21.6303,28.7974,24.064,26.4165,26.3665,25.0211,14.5313,20.5944,-0.5294,-0.8371,0.788,1.1858,1.6812,-44.1569,-56.8962,-85.4619,-107.3347,-157.8954,-150.6183,-129.4603,-127.8023,-64.6158,-39.1398,-13.3522,-11.355,-1.2977,2.8754,1.3578,5.5091,8.7252,6.8483
2025-10-14,15.492,17.2829,19.1562,16.7156,23.4313,20.7943,22.621,25.5388,22.827,21.5236,26.61,25.4127,31.3883,34.6281,22.3404,21.162,20.0615,23.4283,30.6344,29.102,30.2304,30.6176,33.9759,34.881,33.4509,34.2416,35.7849,40.5422,31.3099,29.0716,5.8446,8.2822,5.414,-11.2324,-19.6333,-13.7512,-3.8397,-1.2184,14.7623,25.4038,8.3124,6.358,6.9642,9.0954,9.3369,13.1032,19.1206,19.4026
2025-10-15,22.2184,26.2486,24.711,20.9901,20.9301,22.5812,24.7988,22.3502,21.3547,19.7316,24.3232,23.9745,27.6107,28.0149,9.0253,10.2122,15.8131,19.8675,23.7244,21.8026,21.7022,21.7116,23.4595,17.9436,21.5468,9.1758,11.9669,14.4276,16.559,19.0122,14.209,7.8965,9.7094,-13.2173,7.9653,13.5485,18.3659,18.7635,30.0871,27.0886,11.8981,16.2909,13.4779,16.2244,13.1448,16.9551,18.7413,17.4345
2025-10-16,21.3218,19.5532,21.3543,24.5057,23.6412,23.0068,26.2389,23.8001,21.5384,20.5478,22.9802,26.0148,22.9433,21.3577,25.4401,24.8204,31.4403,30.5695,30.3132,29.7349,34.439,32.9682,35.9412,36.1251,36.6539,39.43,36.3265,37.0536,39.6342,37.7227,38.6119,37.0502,40.1641,36.9178,35.75,36.161,34.0816,30.2611,26.1898,25.6813,23.2904,23.7116,17.41,13.5931,13.5528,17.0062,12.2711,19.7683
2025-10-17,20.5088,19.8828,21.0749,19.0645,21.2875,21.4879,24.0888,23.3486,21.0985,20.9308,22.509,22.3282,11.7168,15.6589,9.3975,10.6792,35.8464,32.713,25.7868,27.9304,29.6592,30.9874,38.654,35.1881,38.3598,36.8189,36.3446,37.72,39.6691,38.6775,37.2258,34.5208,28.0876,19.8886,28.6393,28.9696,27.9952,26.2291,21.5924,20.6268,15.8593,19.234,12.5953,15.0939,9.2465,15.8379,12.4811,7.7025
2025-10-18,7.2659,9.5159,3.2161,2.8156,3.13,8.0461,6.2099,7.7333,6.5223,7.1102,10.6938,12.042,7.0975,2.0822,8.5076,3.527,9.3248,10.3115,8.6743,1.4529,-5.0523,-4.6211,-3.897,-1.9039,-7.3675,-9.2739,-12.9775,-13.0125,-11.0337,-13.1128,-8.4383,-5.7517,-11.6704,-9.5751,-1.6598,3.6074,1.0835,1.0775,11.6698,22.9598,19.3785,16.7233,2.4629,-7.0541,-11.1251,-16.9341,-29.3987,-23.6457
2025-10-19,-22.8291,-24.9583,-25.3514,-23.9194,-28.2064,-27.9536,-27.8257,-27.0988,-33.3522,-31.5738,-29.4878,-31.3324,-32.5839,-32.2933,-32.2393,-30.6335,-25.8762,-24.6179,-20.9804,-22.5637,-11.2972,-12.633,-24.2338,-26.8303,-28.8152,-27.7209,-24.7727,-25.3395,-23.6288,-19.2119,-24.7611,-28.5956,-30.1772,-22.5225,-7.4742,2.7068,11.2198,9.9158,10.2749,11.5321,3.4472,7.5672,10.1887,12.7513,11.2438,7.5665,9.1062,3.0038
2025-10-20,5.4205,2.0121,1.4926,-0.4495,-3.1439,-9.0737,-13.4894,-11.67,-11.7341,-12.0363,-7.1323,-3.3991,1.1659,22.199,31.1234,34.4067,32.2956,28.1821,16.1947,5.1609,8.2803,6.256,6.5763,7.0488,16.561,13.6805,16.1341,21.5991,17.3394,13.9702,20.727,17.5813,20.8948,11.9803,23.5113,26.7247,33.9881,35.5857,23.0252,16.3275,9.3822,3.8232,0.0874,-3.2301,-3.0723,-1.9535,-18.92,-15.8304
2025-10-21,-10.4034,-6.536,-0.3686,3.2449,4.1592,8.0626,10.6118,12.0704,13.5713,15.4865,15.9271,13.7704,21.192,30.7837,22.2688,16.6268,5.6873,6.7145,8.247,9.5148,3.377,1.6128,-2.9245,-5.2772,-13.2274,-12.1836,-11.7359,-7.1942,-9.5229,-12.4362,-10.5343,-9.2132,-1.8864,-0.0248,6.1302,10.0027,13.8916,17.1746,16.2658,15.036,16.0529,9.0339,-3.2651,-2.6911,-6.9647,-8.4375,-6.2555,-5.2135
2025-10-22,-3.7482,-8.8649,-14.319,-16.2679,-20.2825,-18.5943,-13.0739,-13.066,-14.1929,-9.5357,-2.2807,1.5505,0.4096,21.832,24.9213,26.462,18.1149,13.4435,11.8244,7.7603,12.0433,12.9918,14.654,15.1334,20.7901,20.3726,18.5263,16.3168,7.2009,2.8771,-20.7053,-32.6166,-26.4566,-48.1336,-110.9308,-112.1301,-101.9317,-96.2,3.2797,6.0229,10.4953,6.28,6.9247,5.9447,2.9601,5.4058,-2.5903,-7.3709
2025-10-23,-3.7591,-7.2698,-2.9597,0.034,-5.5087,-4.783,-11.6283,-9.5105,-10.7506,-5.733,2.2634,2.2941,3.2385,11.0331,4.3647,4.606,-0.9372,4.3405,0.3213,2.2601,-4.8574,-7.1341,-9.7569,1.3535,-7.1755,-3.4593,-5.0465,1.5629,4.0437,1.0137,5.5941,3.55,10.4578,-0.1488,26.9349,36.1751,43.3123,44.2665,25.4524,19.9337,8.6858,6.8483,8.9195,31.0839,31.1284,31.8698,44.1842,45.5052
2025-10-24,46.9059,45.1062,41.716,43.5616,38.7821,39.7952,39.3643,38.7941,31.8599,29.892,27.7955,15.8895,-4.0193,-10.8343,-19.0903,-13.7211,-19.8209,-19.7882,-27.9215,-29.7091,-24.6301,-12.178,8.9034,23.5658,20.7862,24.6639,26.9864,33.692,32.1438,32.0392,25.6229,16.4194,11.9274,13.7763,14.1547,21.3395,17.5862,22.3116,13.0071,26.8572,20.313,36.7763,30.3168,33.597,12.6142,26.5121,21.7382,22.8598
2025-10-25,26.1443,22.6582,10.5472,10.6776,11.2671,13.6322,10.3993,14.5278,12.3555,14.0243,15.0737,20.1392,23.4604,28.2464,40.7236,40.4134,36.1965,34.0531,25.0898,16.1885,11.8393,15.9182,7.7724,5.7207,0.461,0.695,-4.6047,-6.4028,-4.2884,-2.2873,5.9818,8.7422,19.3299,4.6107,-3.8006,-5.2629,2.375,-0.8802,-6.1008,-1.153,-0.6946,17.4193,5.647,8.1613,-6.218,9.4024,-5.3765,-3.8232
2025-10-26,-0.3787,1.1873,-7.4721,-15.9708,-2.153,2.5749,8.6838,11.2654,15.8623,17.576,22.3411,24.0025,26.7572,26.9069,30.8532,22.9773,17.4942,14.7474,14.0319,-0.0193,0.4343,-2.198,4.5748,3.4121,10.3683,15.3731,21.3878,14.6974,9.0587,7.0989,15.5158,16.2123,9.135,20.6241,39.6829,50.9642,41.7853,44.1446,30.5015,29.9849,59.8178,55.6302,49.9956,51.2532,48.4366,47.1042,39.902,41.1017
2025-10-27,33.1561,29.8468,28.8489,30.1937,26.2381,27.1473,28.5778,30.3779,31.2118,31.3546,28.0629,11.5073,13.1104,-12.6187,4.947,-9.5379,-6.6438,-11.3851,-21.7446,-20.4252,-20.3475,-21.6741,-6.9581,-6.9141,-7.4897,-11.5051,-7.4131,-3.0241,-0.7719,-4.571,2.7331,2.9549,11.7274,7.9967,38.0275,48.8221,55.9885,55.1879,33.0895,30.0286,21.0604,12.8285,1.0032,2.0389,-7.2952,4.0616,16.299,30.2208
2025-10-28,22.7574,31.2306,25.6157,33.8793,25.8219,27.0582,17.9764,21.8627,17.1373,20.4071,3.0268,-3.2231,17.0819,-6.8331,1.442,5.336,15.4392,10.5571,6.6898,12.2591,13.5623,17.2165,8.399,7.3254,14.1654,13.816,5.6518,6.2821,12.8667,11.7972,3.6757,17.3162,23.2088,13.1152,22.2588,25.575,34.04,31.4924,19.1177,19.1504,7.5904,-6.7844,-4.0065,4.6916,-7.731,0.8449,-1.0873,1.7243
2025-10-29,0.4185,-4.4532,1.9174,12.2249,15.9193,23.6041,15.0611,12.7976,18.0764,23.8051,23.9859,17.6453,13.1037,15.1232,35.3794,26.7595,30.7444,28.8618,24.6194,15.7436,17.2657,13.6832,4.6797,0.1462,-2.5803,-1.1144,-4.5349,4.5536,-4.0656,2.3404,16.8772,14.2545,14.3574,13.9208,28.6004,29.0161,35.2075,37.2452,38.5423,26.0443,16.6364,9.1778,-1.5205,-12.7227,-15.5008,-18.1543,-25.0181,-23.72
2025-10-30,-24.0789,-28.4939,-32.5992,-29.6408,-31.4353,-30.8839,-25.6092,-25.2361,-22.0292,-21.608,-17.677,-3.1018,4.7361,20.1799,19.731,20.6522,18.847,20.6917,15.0259,16.3705,17.456,22.3285,21.1614,23.1771,24.6217,26.031,19.3596,25.9751,26.4003,27.8286,22.0223,31.1278,25.1887,30.8303,31.2544,36.8609,28.148,26.9444,17.6659,9.8901,-0.5283,-3.7988,-7.7622,-3.3144,-4.2724,-0.8666,5.5506,5.3047
2025-10-31,8.6967,6.4219,6.8177,7.0878,-0.3873,-8.6818,-11.4063,-18.4531,-24.7922,-20.1844,-25.0559,-27.2377,-8.9719,-5.5782,-7.3826,-8.7241,-15.3543,-23.6515,-24.576,-27.8837,-35.9658,-37.1072,-45.1358,-44.9833,-52.5346,-51.3302,-48.8073,-45.6677,-44.1386,-43.4165,-34.0214,-29.8266,-29.4283,-27.0787,-12.9198,-7.4056,0.0044,6.7588,11.3883,7.5156,2.9297,-7.1345,-18.8656,-14.2199,-11.6918,-3.0752,-9.0947,-7.9072
2025-11-01,0.1867,-6.7296,-19.1859,-8.3612,-10.7489,-6.5385,-4.1225,-5.664,-11.9996,-8.3297,-4.7794,-5.5365,4.0296,-2.5431,-3.8615,-0.9546,10.426,18.0739,17.1595,23.9338,14.7179,15.47,2.1167,0.5406,-3.8286,-9.6649,-10.2447,-17.3106,-11.2768,-22.0667,-13.9826,-26.0034,-19.4891,-14.7508,-7.268,-4.5534,-4.316,-3.9009,3.3486,10.998,7.1369,9.6007,0.8829,2.2434,-0.0523,-6.2959,-17.0088,-13.9578
2025-11-02,-11.2475,-19.5866,-23.4859,-24.4453,-28.5803,-31.5147,-32.169,-31.2524,-34.368,-31.9659,-24.6415,-24.3327,-24.2689,-23.5326,-24.8706,-19.5313,-24.0523,-18.0013,-31.1564,-35.0391,-32.1171,-27.0725,-34.4795,-30.3435,-24.8186,-21.2601,-38.1994,-39.7715,-34.1532,-29.757,-25.0578,-19.8711,-13.9377,-14.2637,-3.202,-0.6859,-2.8458,-1.8895,-8.5144,-4.7508,-7.701,-6.219,-21.3427,-20.2114,-30.0828,-30.3233,-26.5205,-11.9604
2025-11-03,-5.8161,-4.6076,-0.3495,4.2204,-12.9371,-7.3928,-14.4292,-12.4138,-7.6223,-6.6105,-4.7326,-13.4726,-5.7113,-15.1577,-18.6403,-16.8668,-10.3559,-12.3813,-7.6898,-5.7059,-5.8774,-5.4616,-9.7346,-11.2576,-16.2667,-16.7808,-18.0499,-22.0681,-22.181,-19.5166,-12.2496,-4.9424,-4.9193,-3.7613,1.0733,2.2998,4.051,11.7428,10.4125,25.8284,12.731,22.4411,10.7607,10.8218,15.5158,7.7204,7.9159,4.8738
2025-11-04,9.982,9.057,9.0343,6.1027,4.1885,5.4988,6.1866,6.2657,-4.6911,-13.0173,-15.3966,-26.1824,-14.2621,-17.7245,-17.097,-12.7384,-20.1688,-12.0489,-4.6505,-13.5825,-18.5284,-14.4043,-21.3447,-18.1386,-16.8103,-13.1054,-8.0364,-6.3688,-4.2274,-3.2774,-15.2519,-14.8839,-11.7538,-4.482,9.4315,13.8486,15.1972,16.3542,4.1832,4.0765,6.0568,-3.6468,-10.9163,-15.173,-12.8943,-13.0817,-5.8112,1.6142
2025-11-05,-0.5916,0.1937,-1.3714,2.0042,4.5888,9.8015,13.8905,19.6627,14.5811,11.8091,11.8846,16.6956,1.2859,7.1992,12.4803,15.2914,13.0483,15.9575,13.9361,14.0746,0.8431,-3.8304,-1.1513,-2.9172,-0.0587,-1.5761,-6.5398,-1.486,-8.6292,-10.1313,-4.3307,-1.6326,5.8139,14.7215,27.0776,29.1757,31.5779,31.7568,17.5286,8.26,3.404,-4.7317,-25.0747,-23.5459,-19.3911,-21.3769,-23.199,-25.3252
2025-11-06,-13.2017,-15.416,-15.7194,-19.3644,-15.2864,-17.3483,-17.1447,-19.6104,-24.1446,-23.5316,-19.9245,-7.1968,0.503,6.3441,9.5367,-0.7904,3.1586,12.0338,17.8099,22.2959,26.501,23.7683,24.8377,25.2639,23.4422,23.7053,14.2782,14.5895,7.7662,9.9236,11.3828,0.8514,16.1653,20.1052,36.4543,40.4756,44.7625,46.9074,34.7143,31.5779,19.41,17.8543,12.1898,6.9526,6.1474,11.8253,14.661,14.9905
2025-11-07,18.7691,20.3242,19.9737,18.7586,19.4314,20.0416,20.9525,20.5114,19.2668,18.2302,16.5935,19.6577,24.7727,29.5474,26.319,19.0923,17.972,22.9894,19.8618,16.4332,21.8747,23.531,10.3412,11.3356,6.8803,9.6344,6.6746,8.7242,7.5439,9.6421,14.0877,14.8448,13.8686,10.1896,15.6471,18.4508,16.979,20.1834,14.5158,15.8205,11.9629,4.3422,1.0561,-4.2412,-2.5114,-6.657,-1.8532,-2.9452
2025-11-08,6.8249,5.4043,5.9718,7.5951,10.1102,11.6894,13.347,12.0636,13.8203,11.8525,14.1335,13.7308,16.9328,17.0769,19.0069,20.236,23.9249,23.3002,22.5361,21.2854,22.1926,21.2284,16.1217,16.8045,14.1058,13.1855,8.5771,6.8567,6.4069,7.5419,8.3561,-0.5265,11.9198,18.0336,28.866,30.8703,30.2814,33.7516,29.145,33.5923,26.3383,17.8767,12.4485,9.9612,9.5559,6.3772,4.7308,2.2981
2025-11-09,1.0009,0.0761,-1.6661,-1.6474,-2.2343,-1.2882,-2.5538,-2.6394,-1.3105,0.0357,1.5603,2.9581,0.5302,0.4445,0.475,3.0776,-2.4685,-2.0533,-4.7466,-8.3332,-11.8972,-15.5985,-17.9959,-17.7986,-15.2193,-12.5513,-11.2229,-8.8185,-11.2243,-12.2383,-3.9513,-6.8742,1.0836,5.9783,13.2089,14.8878,14.3114,17.7208,19.2604,18.16,13.5771,10.9097,9.172,1.8854,3.3368,-3.1361,-1.0729,-3.5422
2025-11-10,-4.655,-4.0406,-3.4443,-5.1357,-7.2202,-4.0446,-4.5103,-0.2208,10.0005,15.7203,-1.389,2.3713,6.4674,17.7132,22.1527,26.9224,27.387,30.1239,21.9595,17.6521,16.0832,16.83,14.5314,15.5286,18.3871,15.9595,14.1372,19.0918,18.5896,25.583,29.9126,22.3752,26.818,28.2903,34.6562,32.6793,35.9348,38.7346,30.3868,26.2108,17.6878,16.428,11.0928,2.0732,1.955,-0.2449,2.9113,-1.4947
2025-11-11,7.2664,7.32,6.681,8.3873,7.2017,7.8658,7.7503,8.7678,9.7314,8.6776,4.6653,3.7571,5.4634,16.8423,16.3657,18.8458,14.2264,17.4278,17.0929,20.5573,13.837,13.5083,5.2367,4.7561,-2.5548,3.0591,-1.19,3.6232,3.1948,5.0477,17.1731,19.573,19.3035,15.9593,20.4963,23.9949,24.5311,29.6099,19.8932,7.6185,1.3742,-3.066,-0.8675,-7.3346,-13.6041,-15.269,-14.3965,-11.0694
2025-11-12,-4.6298,-4.6517,5.3766,7.7577,10.099,17.1824,28.8569,30.4635,24.1452,21.7089,22.6855,21.2816,33.2192,23.9029,18.5851,21.1549,32.5866,31.5899,26.6657,21.9284,23.4595,27.9448,26.967,19.9171,27.5144,25.0984,26.2658,26.0817,22.0677,24.8338,24.499,14.728,22.7926,23.6641,29.458,31.0563,35.1463,43.1125,35.4945,28.965,18.602,14.4421,17.6246,26.7144,30.2976,30.6742,44.9594,45.333
2025-11-13,34.7059,28.8794,14.6406,19.6568,25.1102,26.4278,26.8247,29.0371,29.4813,28.4415,18.7627,16.8337,28.2853,36.5548,39.6549,32.1782,18.0316,14.7723,13.9717,17.9927,11.5751,14.2379,9.4464,7.4846,11.0933,9.1435,13.4184,13.0862,13.925,13.8043,17.2316,18.847,19.9132,22.632,31.4367,28.8659,23.6533,26.3933,24.9997,25.6486,14.0987,13.0249,12.1441,2.6253,2.1861,-1.0223,-7.7119,-9.9884
2025-11-14,-12.0802,-11.5496,-15.3309,-9.0278,-13.4144,-1.4421,-1.4694,-0.2586,-5.9354,-7.1332,-1.1448,7.1216,2.3387,-0.1763,-1.991,5.9379,1.0686,-1.1823,-5.3359,-3.206,-11.4901,-14.0424,-21.7113,-23.7686,-24.4822,-21.9836,-16.4838,-16.1555,-15.5074,-11.4656,-8.878,-5.4764,-4.6559,-6.4825,-8.8638,-7.7604,-7.7647,-5.5726,-12.0641,-12.5517,-15.6142,-18.0718,-19.7549,-15.4619,-21.4722,-25.0978,-33.3958,-34.1498
2025-11-15,-32.8307,-35.5674,-36.7096,-37.2836,-40.838,-35.8041,-39.6728,-39.4666,-32.9541,-37.0252,-24.4893,-17.4716,-16.1848,-8.716,-0.6616,-1.4616,6.3046,-2.636,-3.1887,-9.4838,-4.3247,-7.4738,-5.54,-6.1656,-5.4002,-6.8491,-3.9954,-1.1379,0.9676,2.1773,-3.5658,-0.9747,0.5953,5.7776,10.4343,10.0828,17.6336,19.9597,14.9347,18.7948,10.4576,12.1981,9.8901,-0.5886,-1.8051,-2.5052,-5.5443,-8.1893
2025-11-16,-5.8871,-6.1253,-3.8272,-3.7988,-9.6836,-9.6399,-7.7865,-5.4058,-5.7405,-7.1893,-8.5382,-7.1635,-3.0488,-0.1948,-0.9313,4.0153,3.0258,3.7864,9.3031,1.4542,-0.2506,-1.4426,-5.8688,-5.5389,-3.9096,1.1687,-2.1355,0.2536,-3.1222,-1.1694,2.4427,2.6661,4.0248,7.219,12.3002,12.6741,9.0958,15.8302,19.549,15.5449,8.4956,3.7716,2.5723,-3.8808,-9.9648,-11.3353,-25.271,-29.4295
2025-11-17,-28.7673,-30.1801,-25.8623,-29.5044,-33.744,-36.8641,-37.0735,-33.9321,-35.6385,-34.9839,-31.9158,-28.6215,-11.0338,4.2511,8.3171,6.5982,6.112,6.8341,4.2077,1.5303,5.5678,5.0814,7.2379,10.1969,16.5198,22.2713,24.579,30.5553,25.1835,21.9824,12.6336,8.5122,2.4512,-0.9074,22.237,27.2163,25.293,25.3733,-4.2214,-1.6887,3.1847,-14.9312,-4.7002,-6.3997,-6.2474,-3.2933,4.7512,9.6364
2025-11-18,18.7393,19.8557,25.7622,17.7583,19.9238,20.837,20.3578,18.8507,15.1325,14.804,15.0181,17.0089,23.0588,32.1038,43.4431,35.1346,44.0682,39.2662,32.5036,31.0184,36.5064,41.2175,30.5442,35.8693,42.2052,48.3546,47.1422,48.8047,50.1043,48.7359,37.4459,32.1239,35.6903,40.2953,38.7174,42.8668,33.9994,30.2024,27.0317,16.4287,13.5819,8.4581,7.7636,-3.019,-5.3451,-7.1571,-23.5763,-26.5755
2025-11-19,-41.4091,-38.8758,-39.1448,-33.034,-32.847,-34.514,-40.1204,-43.4639,-48.4349,-50.9622,-55.1768,-48.7534,-45.0761,-24.0735,-16.5409,-7.5097,-16.7294,-18.9266,-26.6484,-29.1676,-26.9235,-23.6542,-23.603,-24.3118,-18.9996,-17.4528,-16.3897,-4.9212,-3.9392,-2.8005,-2.6144,-2.4681,7.3662,7.6723,9.1367,4.2459,1.9022,-1.4027,-5.0689,-15.786,-11.5727,-15.2269,-11.1258,-27.8605,-28.0394,-28.0448,-23.718,-29.8329
2025-11-20,-14.0824,-19.5552,-22.0413,-23.0157,-26.1114,-28.9958,-28.8763,-30.6081,-34.6949,-36.3299,-40.1019,-29.7085,-16.0072,-1.7374,-7.0754,-8.4968,-17.6195,-20.4312,-26.5947,-30.4896,-27.2586,-25.9597,-31.3944,-24.3406,-19.7179,-9.7175,-3.7807,3.0321,-0.7411,-4.4304,-28.5206,-31.3381,-30.8212,-22.7163,-25.3187,-23.224,-19.6659,-23.3183,-18.7879,-27.5602,-19.1863,-19.3915,-16.0803,-19.1657,-15.8215,-12.1561,-13.1098,-13.4689
2025-11-21,7.2155,1.5185,9.5184,1.688,8.3377,4.8067,-6.9383,-7.1928,-4.2771,-5.5186,-11.6666,-24.4575,-29.7278,-42.8031,-64.8211,-83.584,-27.2599,-34.622,-19.2046,-17.7841,-14.6187,-5.0408,-9.55,-2.7947,-12.9001,-6.7904,-1.4013,7.247,18.9899,17.0961,28.1516,18.8539,11.779,12.9639,11.6612,10.3455,14.0095,19.1004,20.4719,17.4285,7.2321,5.6305,7.7542,-1.5695,1.6353,0.9406,5.9099,1.3483
2025-11-22,1.7401,-2.6793,-8.1839,-10.9972,-10.7256,-12.6355,-8.2942,-9.9705,-11.3753,-12.4951,-8.8883,-10.4875,-6.9229,-0.9211,1.8388,4.8606,10.6695,9.0367,19.5238,19.1594,21.2376,20.6453,18.6421,16.7554,18.8202,17.957,13.8928,17.0481,17.1937,20.4983,26.8379,30.2767,30.5723,30.5897,36.1626,35.7386,36.5646,37.0417,24.6182,20.9405,18.7625,12.7963,8.5944,9.3441,10.1872,10.1951,6.7498,7.2262
2025-11-23,-1.622,-1.4609,5.503,8.1592,9.1372,13.9879,20.5552,19.0467,14.1559,13.2597,15.9095,13.5525,10.1022,14.4365,14.6031,18.619,18.7763,15.4033,10.6309,7.3317,9.1617,5.3106,8.1619,10.5348,16.1681,14.8745,20.5202,13.5812,13.9561,10.2125,7.7091,3.8677,3.993,2.2436,2.9247,2.5336,-4.011,0.5315,-1.1272,-1.0802,-0.5576,-4.1618,-7.1064,-11.0917,-12.5571,-10.7469,-7.8986,-10.1238
2025-11-24,-13.7973,-11.9865,-10.5755,-13.0229,-13.7562,-13.3635,-12.4336,-12.9799,-14.1446,-16.2824,-13.8311,-10.3831,-7.7024,9.8206,9.2843,9.5849,5.508,8.2049,2.2252,3.4786,5.2492,3.3299,-4.1581,-4.5659,-3.6563,-2.8589,-9.0779,-2.5662,-6.01,2.5264,13.874,20.4286,15.3027,12.2576,12.4581,13.2232,8.3473,4.1309,-0.9609,-2.822,-11.6271,-12.4973,-6.2162,-15.9301,-13.2294,-13.2376,-12.554,-15.4234
2025-11-25,-3.8316,-0.5911,-2.4265,-4.0902,-1.3422,-4.8995,-3.3709,-4.0481,-3.3453,-3.0759,7.1054,7.3569,9.7318,24.3682,28.5757,39.5023,33.7999,30.7153,25.1257,22.8976,23.1238,20.2768,20.0261,20.6091,26.0295,21.6766,10.3148,16.6939,18.8401,8.0838,-10.5601,-16.7923,-16.8571,-20.8233,-19.1525,-21.7575,-15.9929,-8.0077,0.051,-8.8302,-5.2276,-0.8625,10.5459,9.9295,7.7331,13.5515,20.8133,24.5442
2025-11-26,28.7452,28.6456,27.694,25.3427,27.9092,22.8905,21.9348,22.6697,22.1175,19.4583,9.4854,6.9853,12.9553,24.4872,17.8683,15.3215,-3.592,-6.6865,-3.5881,4.6435,1.4244,10.0248,16.568,16.767,14.4427,17.6399,15.8742,25.8951,28.1346,25.6446,23.6614,23.8253,14.7986,15.2565,3.7905,5.6315,8.5264,9.1289,13.9785,8.5736,13.5035,9.4572,5.7899,1.4394,-1.4192,-3.4077,-2.4507,1.5056
2025-11-27,-11.4905,-11.8265,-9.9563,-11.6259,-17.3951,-15.4118,-9.0466,-9.5687,-24.8798,-25.7584,-20.5413,-24.3831,-18.3537,-13.1417,-7.8982,-4.8858,-7.7938,-6.2179,-9.0721,-4.9748,-7.4548,-2.9319,1.5613,4.0117,-1.2849,0.1117,4.1374,17.7161,16.5075,12.0255,1.7916,8.4848,-2.5985,-0.8177,-2.8189,-1.6168,-4.7119,-3.9708,-8.3876,-8.065,-1.7093,-2.0622,-13.2133,-17.5768,-20.2402,-15.8818,-15.7921,-19.9577
2025-11-29,-13.9979,-15.3547,-5.2173,-8.1805,-2.467,-4.7944,6.1488,32.4348,36.1392,38.808,31.9295,32.1711,29.0574,37.8575,24.9228,32.1453,24.086,28.009,27.5744,29.7996,25.1705,24.9123,15.1873,11.5697,9.9089,10.4111,10.9625,14.3892,14.5769,14.3691,13.7895,17.2491,6.5645,13.5538,18.1634,21.0238,21.4732,18.2135,5.3237,3.1545,5.7223,4.9102,-3.7754,-6.1365,-8.5103,-9.3124,-14.3088,-13.657
2025-11-30,-13.3549,-14.3914,-11.1109,-15.067,-10.9033,-9.3324,-9.4972,-8.404,-7.1054,-4.8697,11.7486,12.8406,14.7846,9.9856,11.3293,6.7489,5.6765,5.3735,7.6921,3.9827,10.3175,13.9423,13.1267,14.7878,17.966,18.7913,20.8422,22.0769,18.6699,18.8167,28.7895,24.3606,25.46,26.555,27.557,26.9484,27.2589,34.2689,20.7023,22.4024,16.2055,15.5294,10.1633,4.1334,5.196,18.6135,16.8316,22.7652
2025-12-01,-2.4082,-7.7446,-16.6278,-15.6894,-19.8725,-18.0509,-24.7767,-25.903,-23.745,-25.6217,-22.4138,-29.2394,-24.151,-14.5324,-10.6092,-2.4644,3.0621,1.7638,5.4902,4.2278,11.1034,8.4066,4.7474,6.7552,4.8129,5.3942,7.3981,9.4908,9.6475,6.7096,10.1523,13.4081,11.9447,14.4268,14.5398,16.3736,19.1101,15.914,5.0222,3.1234,0.4782,0.7447,-1.4915,-8.2781,-12.4911,-9.3363,-16.2012,-12.984
2025-12-02,-11.7853,-7.2115,-6.065,-6.0106,-8.3979,-9.217,-9.0289,-6.4035,-5.6905,-0.6769,-0.7821,-2.1121,-2.6919,8.1591,6.4836,11.1751,7.7987,7.3363,-0.3271,2.9677,-3.6136,-2.0491,-6.0848,-6.5215,-4.1588,-7.0317,-7.0754,-5.4343,-2.6421,-1.0805,-11.6086,-10.4464,-20.6543,-15.9353,-15.667,-14.8828,-18.012,-19.7551,-16.4872,-20.4379,-14.2892,-11.5187,-10.4792,-8.6611,-7.9244,-11.897,-5.3314,-10.1567
2025-12-03,-0.2264,-2.8585,0.5783,-2.1995,-2.7121,-4.8847,-5.7838,-5.8118,-1.5426,-5.635,-6.4127,0.3206,-8.9481,-1.8985,-0.9548,5.4706,-2.8784,0.0679,-0.9019,0.0002,-3.6482,-3.4671,-5.1745,-7.5419,4.7818,2.9726,5.4439,5.5064,6.6148,2.0209,-1.0167,0.0747,-0.2019,-4.7168,-4.2875,-3.0098,-8.3122,-4.9643,-1.7064,-0.7709,-2.2917,-4.6835,-1.2849,-7.6941,-10.0895,-16.6234,-29.5478,-34.7106
2025-12-04,-16.4052,-19.2706,-21.2265,-18.5603,-24.1146,-22.7618,-23.0305,-21.9035,-21.0976,-18.1732,-11.901,-10.1293,-14.5905,-2.7407,7.6218,19.1792,13.1275,14.1091,10.8686,7.8522,10.3691,7.2671,4.3981,2.6777,7.2981,9.207,10.4258,12.8492,15.7056,15.9749,20.1281,26.0566,34.0387,31.7357,35.8218,32.3412,32.8212,27.9643,15.1669,10.5851,7.4028,8.412,4.9779,12.8496,12.9403,16.158,17.8001,23.2042
2025-12-05,15.39,13.3376,15.3347,16.0145,17.9654,18.6859,20.4174,19.5646,20.4247,21.1193,25.6809,32.4917,22.6076,18.2508,11.5303,12.6227,10.0509,13.0252,19.3565,27.4567,25.8074,30.1299,18.4157,20.0736,16.624,11.4001,9.3367,12.166,16.813,18.5394,12.3835,15.9858,3.5986,5.8874,-2.0015,-0.635,-3.5046,-5.5004,-12.2292,-16.1775,-14.8529,-17.6516,-19.5711,-22.6608,-22.5806,-28.8439,-26.9306,-32.6082
2025-12-06,-24.3274,-26.6781,-28.0195,-28.7683,-24.0356,-27.3094,-25.5488,-24.9695,-22.3907,-20.3236,-14.4035,-14.6172,-8.3902,-3.6863,-5.6888,0.0168,4.2997,4.0316,3.4069,-2.1761,-3.9241,-4.041,-2.7184,-1.9381,-2.4856,-2.9145,-0.4853,-0.1838,0.8074,-1.0598,-0.3581,1.4141,10.0951,12.4077,12.5686,14.9595,12.6874,11.4818,8.6177,11.3281,7.0886,5.1938,5.4055,-0.4374,-2.2847,0.1445,1.8158,-0.1495
2025-12-07,5.4018,6.6141,6.6203,10.4233,10.9099,12.2266,8.9725,5.2771,6.4631,3.533,8.1472,2.9548,6.3876,8.3048,10.4448,17.8799,8.9312,2.3927,9.5497,9.3305,9.3024,9.4943,5.5002,4.6036,1.688,5.6156,2.8083,3.9122,1.641,4.5515,7.6106,11.2896,3.9755,6.403,3.9248,7.289,8.1368,4.9728,5.6361,9.9238,8.4815,9.9846,27.1069,28.43,32.5018,28.9926,22.4998,25.7014
2025-12-08,28.0372,25.5939,22.874,21.8029,17.9324,15.3203,13.5993,12.3979,12.3072,14.9023,9.1081,6.7317,-0.2785,-6.2636,-10.9549,-5.9055,-11.4837,-9.405,-14.788,-16.5145,-15.2907,-10.5574,-11.9439,-16.2164,-13.8124,-15.1182,-14.7349,-10.9429,-8.6652,-9.2492,-0.9999,-1.9655,2.2337,5.1908,3.6661,9.958,11.8345,13.1575,10.4617,-4.0778,-0.5939,1.5351,5.843,1.6087,-2.9563,-1.9137,-3.8442,2.4986
2025-12-09,6.1832,8.691,6.1835,10.4904,5.4255,5.9039,-2.7383,-0.394,-4.5177,0.9971,7.9663,5.9285,1.1163,4.8071,-6.2727,-5.0269,-14.7242,-13.4942,-20.4541,-22.0872,-23.6699,-26.4685,-29.6593,-29.7691,-30.012,-31.1135,-31.0358,-31.4041,-31.6834,-31.8862,-29.0728,-27.4223,-26.0399,-23.5492,-19.5756,-16.7195,-16.1943,-15.7673,-9.7463,-8.893,-7.2491,-0.2192,1.7633,21.751,18.7504,17.7016,21.1635,18.8184
2025-12-10,18.8382,21.9482,21.5737,22.1813,19.684,19.9898,17.6735,17.4447,13.0078,8.5414,5.8587,-5.379,-14.2924,-16.9597,-16.7893,-14.4064,-16.6213,-16.9911,-20.5957,-19.7816,-24.8476,-25.5102,-22.8214,-21.6802,-25.1919,-18.7694,-11.318,-15.7446,-12.5804,-14.3488,0.6002,-6.2136,-9.1318,-9.6364,-13.4008,-12.4164,-5.3422,-1.0927,-3.6795,-2.7994,-7.8945,-4.8363,-8.1079,-6.8729,-13.8513,-13.317,-20.551,-10.1438
2025-12-11,-7.1511,-10.9087,-10.2212,-10.0661,-9.2653,-8.6226,-4.4066,-3.428,-7.6865,-5.1188,-4.9907,4.3261,3.6648,0.3999,4.5339,5.7265,1.2907,1.2511,2.4746,-3.7753,-9.1811,-13.2344,-21.0631,-23.6138,-16.6965,-15.7349,-11.8988,-12.4196,-6.891,-3.5434,-6.4024,-2.717,-0.2579,3.0302,1.2831,1.7032,1.9068,4.1394,5.8665,8.0896,3.7067,-0.8437,1.8393,-1.2606,-0.2135,-3.6728,-2.4961,-9.172
2025-12-12,4.138,0.9037,4.6421,3.2794,8.1948,7.4389,13.0683,9.3338,13.3594,14.1034,13.4116,21.3104,10.2388,12.7288,13.578,18.1691,18.5664,18.8257,11.3355,12.2996,15.0087,19.0831,18.6154,13.5988,13.2967,12.1641,9.1786,3.2948,11.9163,10.5772,10.7973,9.484,22.4573,16.2848,19.6469,23.1784,21.173,22.7207,17.5414,14.5223,14.3613,12.7553,5.2555,4.4411,3.5074,2.4308,4.233,-0.5874
2025-12-13,-7.4421,-6.3597,-6.4041,-4.9519,-4.4623,-0.7277,-5.3394,-4.8502,3.4043,-3.5796,-6.411,-8.011,-5.9624,-1.8729,-4.2577,-9.4245,-12.4915,-11.8313,-17.0239,-15.4377,-19.5936,-14.4567,-16.8013,-16.6093,-17.8618,-13.2922,-11.3632,-11.6103,-12.9529,-13.6678,-14.0475,-11.8438,-10.8239,-5.286,-5.506,-2.3446,-3.9219,-3.9626,-3.9703,-3.5948,-6.5725,-11.0229,-13.4402,-21.3522,-19.1075,-31.4424,10.0765,10.2269
2025-12-14,10.332,12.205,9.9786,7.1012,-0.8663,-1.3726,12.6649,16.46,14.6462,16.1452,16.6624,16.0593,13.9125,14.7538,2.237,-5.7684,-6.9566,-20.2097,-14.7914,-19.5256,-7.5906,-0.271,3.9279,6.4121,-2.4844,-1.5867,-3.6849,-1.6098,-2.2319,-2.3546,-5.9672,-7.507,-8.4468,-6.9767,-11.6749,-10.5054,-10.2701,-6.9257,-5.6913,-1.9816,-2.5126,1.8009,-7.4048,-6.5269,-8.761,-23.4275,-30.803,-34.9776
2025-12-15,-29.8308,-30.7672,-20.0946,-22.2276,-14.6234,-13.1451,-7.2956,-6.451,-9.2429,-7.5455,-11.458,-5.8007,-4.5135,8.3118,7.0129,11.1393,14.1216,14.2984,19.804,17.1538,14.7561,15.5707,14.4594,14.5428,13.2492,11.3369,13.2706,9.8334,7.369,5.5138,8.1296,12.394,16.1776,13.3438,15.3831,11.5413,9.0422,11.8556,16.3454,16.9597,12.7979,14.3363,10.1897,7.4887,8.2263,6.1852,-1.8838,-4.0455
2025-12-16,3.1437,0.4792,-2.3284,1.8223,0.255,-7.7489,-9.4297,-6.749,-5.3697,-6.9092,-5.5764,-2.9255,2.5337,9.4205,15.7288,16.9975,19.6953,16.4499,10.9428,14.7385,13.7959,18.4163,19.4242,21.0898,19.4614,20.0526,20.7257,19.7165,21.6982,18.6478,22.2151,21.7061,28.3687,26.87,26.2164,19.9336,20.2857,18.0795,1.3909,5.3649,4.5501,7.2711,2.0613,10.0197,11.2142,9.6281,12.0569,10.4404
2025-12-17,9.6264,10.3804,12.7868,16.3535,14.0192,12.7903,8.9844,9.9236,5.47,1.8983,3.4924,4.9767,1.252,3.9784,-5.3046,5.6005,-5.3193,-3.2717,-4.5483,-5.4739,-7.6046,-9.2116,-10.5148,-12.1134,-2.3068,-7.2377,-6.8057,-5.3179,-1.4766,-0.1274,5.4277,10.0898,-1.6979,-2.2986,-7.6595,-12.7771,-4.2652,-3.1345,-2.9386,-10.0063,-8.176,-10.8349,-8.4316,-12.2758,-11.0168,-14.2889,-11.9992,-10.2109
2025-12-18,-4.4588,1.7027,8.8144,18.8343,13.0756,15.6817,15.1408,10.5676,7.6286,2.4908,-6.2119,-11.6059,-10.4143,-9.2271,4.0032,6.1464,5.9525,4.7051,-0.1107,-0.1907,0.7729,1.3756,2.1769,4.9952,5.3207,6.4268,3.4009,0.6527,-1.1904,0.0111,5.4045,8.8976,6.3967,11.4556,12.3599,11.7431,19.358,18.3349,3.332,1.1189,-6.398,-8.9341,5.7862,16.8942,36.3149,42.7981,40.2476,39.6388
2025-12-19,39.5184,40.7991,40.1107,37.1753,35.8438,35.7796,32.2344,33.6572,30.8004,31.9025,23.555,13.8004,0.6474,-2.9546,-14.7161,-13.399,-14.3742,-13.1141,-18.8715,-17.4128,-21.292,-17.8984,-23.5377,-21.4441,-17.3098,-22.3421,-12.8419,-12.9478,-10.2771,-12.5507,-7.2865,-11.3753,-11.8132,-9.9355,-10.2119,-9.8027,-5.3925,-5.957,1.0105,-1.0095,-4.5406,-5.3291,-4.9589,-8.6905,-4.5052,-5.5969,0.1608,-3.1174
2025-12-20,-0.4583,-4.9044,-0.8709,0.4073,0.5555,-3.6543,-0.5901,-3.0001,-4.2541,-5.9439,-6.5485,-12.2545,-11.0944,-2.1961,-7.7827,-6.5533,-12.4592,-10.1195,-14.9313,-14.4721,-15.7405,-15.3875,-17.4816,-17.2266,-17.3193,-16.9329,-16.5537,-12.537,-13.923,-14.9023,-12.4556,-9.2661,-7.937,-3.4476,-0.2887,0.343,-2.744,2.2223,7.4709,0.6958,-0.3366,-2.6799,-4.7575,-8.591,-6.0364,-9.7287,-12.9158,-11.4416
2025-12-21,-10.3697,-11.7207,-12.5782,-13.2744,-13.8266,-14.9695,-14.9341,-17.7259,-16.1613,-18.1937,-14.773,-16.5216,-15.7645,-13.9335,-12.5184,-13.2564,-13.2038,-5.5724,-0.717,3.838,3.6884,7.347,10.5213,9.8614,10.4456,12.7587,12.9757,11.2633,10.7317,8.7725,14.6275,18.8075,19.2966,22.8011,28.354,28.1718,25.7161,23.0561,9.8684,7.1025,2.0765,2.7865,-1.2331,-5.56,-4.4423,-6.2226,-12.5438,-7.0066
2025-12-22,-1.4329,5.1055,9.0578,13.2655,14.5192,14.9201,16.8149,15.1065,18.0532,21.3153,1.1673,-12.6,-7.2714,-0.8665,-2.8783,0.6163,-0.8473,5.046,3.0871,1.4625,1.5447,-3.5204,-6.9402,-4.1657,8.7373,23.8765,5.733,3.9748,7.8756,3.5759,13.0804,12.274,14.307,13.4945,24.357,19.2284,14.6706,19.8942,10.3701,13.5633,14.6946,10.4845,5.0737,3.2644,3.5393,-0.3785,-1.8952,2.268
2025-12-23,10.0941,9.2513,10.7036,7.6891,10.4619,10.8885,9.0087,7.7086,10.0299,9.4783,12.2897,11.5304,11.7895,19.6583,26.2482,31.6955,30.0538,30.2607,17.7824,14.122,9.7515,6.6665,1.5557,0.5119,-0.8827,-3.256,4.9237,3.4708,3.5045,4.4169,18.6452,20.699,19.2944,25.7564,31.2257,30.8084,30.2209,30.65,14.3383,13.7223,13.9409,10.6164,10.8453,7.3704,6.6199,7.7465,12.6426,19.8493
2025-12-24,7.3207,10.1637,12.0476,14.692,15.8569,8.3096,8.4668,9.8901,7.6116,7.9758,9.8919,8.6518,10.52,13.5409,13.4949,13.0637,9.4257,7.9185,1.4726,1.5831,-0.1867,0.0807,2.4992,-0.2788,1.6135,3.8398,6.9608,2.1642,-1.3452,-4.3103,-2.4128,0.5895,8.8668,12.9978,18.0103,20.8186,19.8275,18.5814,10.141,10.846,10.072,1.2651,-3.3309,-5.5995,-11.5244,-13.2368,-14.5605,-12.6492
2025-12-25,-16.6698,-10.9694,-12.9987,-9.648,-6.995,4.0195,3.0916,1.5265,-2.3469,-5.0974,-4.7791,-1.6728,1.204,3.0778,-4.2338,-6.3275,-7.6373,-10.9514,-18.6806,-17.6788,-20.8747,-17.4846,-16.6286,-17.4153,-16.9467,-19.7415,-15.7246,-15.5843,-14.8884,-17.0572,-20.1496,-22.1991,-24.0036,-16.2407,-8.6505,2.3349,7.0548,6.4178,4.924,-0.8181,-7.3862,-15.965,-16.4417,-23.0022,-18.1122,-23.4298,-21.029,-24.7391
2025-12-26,-13.7039,-19.2387,-15.0211,-13.0146,-15.8227,-13.2904,-13.5295,-13.5784,-13.8307,-12.7287,-7.5368,-8.4417,-15.2166,-5.1535,-11.7657,-12.5183,-18.6376,-13.9091,-9.4572,-11.6022,-0.79,0.7525,-0.4566,1.7061,-1.788,-0.3319,-5.3874,-4.2417,-16.41,-19.2203,-15.0394,-17.793,-7.9432,-2.0179,5.0125,11.3274,12.7452,11.8861,-1.539,-3.2003,-5.5539,-9.0981,-7.5848,-8.3833,-6.193,-4.1089,0.1717,-4.616
2025-12-27,3.3082,2.4763,7.9136,4.3539,4.3797,4.7281,5.1307,1.2201,-0.1565,-1.196,0.3814,0.2253,-2.8379,0.6063,1.6224,1.526,1.1667,-1.1067,0.0763,4.0759,2.5627,1.1189,-1.6857,-1.0568,-1.7226,-1.243,2.0762,1.9247,3.0364,2.4132,1.5673,5.6734,7.5197,10.3015,14.5244,18.8135,19.2264,22.9617,14.8823,14.5179,10.6988,6.2344,-0.5296,-6.0265,1.0395,0.4604,5.1581,-2.5247
2025-12-28,-2.1364,-0.2093,5.4935,5.656,6.98,6.1177,4.8152,3.6562,3.6098,2.1969,-2.6919,-7.0969,-7.4952,-5.2595,-5.8597,-2.2131,0.7609,-4.4419,3.052,4.5012,7.8556,0.7203,3.0939,1.1134,0.1177,6.5163,8.3637,4.5865,3.7425,6.8048,13.4065,14.208,21.2406,26.7807,33.0329,39.4047,37.6468,40.8976,28.5415,17.7025,20.051,14.843,8.4516,11.7319,9.5801,8.2685,14.6595,17.0951
2025-12-29,20.4068,19.1921,22.1518,21.3748,19.6167,19.6402,20.5376,17.2284,12.1679,14.7525,6.9314,6.4263,3.6605,2.8921,6.5108,5.5166,10.8037,8.603,10.7876,12.3098,13.261,9.845,4.9337,2.7012,1.207,10.0502,2.3821,2.9606,2.0326,5.1354,13.122,17.2956,16.1776,21.4754,18.776,15.9958,15.602,18.2703,5.708,6.191,6.5122,2.0788,1.6832,-2.2067,-0.9922,-4.7448,-5.471,-7.1629
2025-12-30,-0.9951,-1.7171,-2.5876,0.8779,-1.6489,-0.3574,-0.1161,-0.5862,-2.8137,-6.5897,-5.7534,-7.9954,-7.8738,1.8507,9.0671,10.7381,11.1662,4.632,10.6695,9.3798,9.8396,6.4125,0.7643,4.9534,0.2721,7.0482,10.6051,11.6979,2.107,-0.2983,7.1958,7.8024,12.6018,14.8033,16.9743,15.5954,13.5264,11.8639,2.5045,5.1571,-0.5075,1.9353,0.7086,1.1947,4.8338,5.6337,12.7068,10.1529
2025-12-31,12.5689,9.4093,5.6741,15.7792,15.9675,16.8696,13.8944,15.2744,15.476,19.5739,17.7332,15.554,17.6251,5.4584,10.3008,6.0663,-1.6944,1.2437,0.9777,1.4968,5.2204,11.499,3.4877,7.8986,6.4518,8.971,7.1939,8.9979,6.7835,6.3782,2.5094,2.7179,-2.169,-1.0061,-5.0103,-4.063,-5.4436,-2.6733,0.6485,-3.9609,3.608,3.2092,4.0895,2.9702,4.1299,0.6519,-8.8571,-8.8275
2026-01-01,-8.1257,-13.4194,-22.0325,-22.7179,-22.9442,-15.737,-14.8414,-10.7123,-9.9261,-7.334,-3.8084,3.5882,1.7219,3.7153,10.2432,5.8219,12.0077,13.0179,9.2157,16.0917,18.072,17.7977,16.334,14.4043,21.3823,21.4068,19.2096,17.3171,8.4457,1.1113,-0.3749,-10.6328,-16.0412,-16.7524,-20.4543,-19.1245,-17.1341,-20.4595,-16.7019,-16.1998,-18.271,-17.0653,-20.1586,-20.5869,-21.3864,-19.4983,-13.1159,-7.9691
2026-01-02,-1.1793,-10.3857,-16.5825,-11.2631,-6.4839,-5.7098,-9.5632,-13.5516,-16.9798,-18.933,-25.3662,-23.5447,-21.5528,-25.4709,-21.1707,-23.1174,-19.5328,-18.0482,-16.9261,-17.1482,-16.1565,-18.8494,-18.3331,-20.9086,-16.2436,-18.8455,-18.3202,-16.6621,-16.7231,-14.5539,-11.4361,-11.5578,-15.1175,-15.0179,-20.1748,-23.2319,-28.5636,-26.4739,-25.0762,-20.3987,-17.2532,-11.5562,-18.2392,-19.967,-17.6952,-23.273,-30.9813,-33.9724
2026-01-03,-33.6536,-31.7508,-29.4761,-28.2287,-29.5635,-22.971,-23.6894,-22.6505,-20.775,-21.9478,-22.5147,-15.8275,-14.7962,-12.2037,-4.8159,-10.2393,-7.6478,-10.3475,-7.011,-10.571,-10.7009,-14.008,-14.2766,-17.7982,-14.6536,-15.488,-17.3747,-13.3424,-14.5644,-11.1574,-16.9272,-20.0699,-15.7105,-12.934,-9.5265,-10.6121,-12.3225,-11.7767,-12.4538,-9.6512,-11.008,-9.5213,-12.939,-14.8056,-14.7835,-14.6741,-19.9614,-17.9858
2026-01-04,-21.0434,-20.7847,-20.6831,-20.7209,-18.5359,-17.8805,-14.4538,-15.8769,-14.8479,-20.2802,-16.6671,-18.5419,-18.69,-14.9489,-11.3101,-8.6777,-14.0075,-15.0874,-9.0688,-12.1633,-10.1168,-12.1003,-17.2411,-16.8387,-9.0064,-6.9385,-3.7211,-0.7179,-7.1077,2.0759,-3.2066,-7.6768,-11.9061,-8.7647,-11.3078,-12.4337,-17.3884,-18.1801,-20.6231,-14.986,-15.4266,-9.5685,-9.3101,-9.6717,-7.6866,-8.7851,-4.3968,-2.677
2026-01-05,10.8744,10.8523,5.0381,6.0276,4.6642,6.3838,4.7704,4.0032,3.0857,4.6599,1.7219,3.9177,7.1815,-2.1846,-7.0198,-16.6478,-20.4053,-20.3022,-7.6242,-15.8839,-15.9168,-23.0858,-32.9304,-31.2512,-24.4387,-22.9196,-17.5235,-16.9299,-14.837,-21.9309,-36.4132,-42.1192,-46.4767,-74.542,-85.5565,-105.8992,-77.7326,-103.8943,-88.3815,-61.7544,-55.1804,-38.56,-21.3729,-7.6692,-13.038,-6.451,-1.3624,-2.8245
2026-01-06,3.7288,0.1105,-5.0092,-4.9229,-8.1018,-9.4547,-13.4349,-19.0793,-28.6548,-34.8776,-52.0113,-69.5686,-79.3106,-92.7506,-91.3412,-91.5596,-116.2309,-120.8891,-149.7101,-156.5353,-163.3791,-165.24,-131.5599,-113.6407,-94.2826,-69.7827,-67.1299,-56.2123,-51.2229,-55.6653,-17.0353,-11.7908,-27.6051,-11.4392,1.1072,8.1104,0.1607,5.5875,-0.8033,2.8185,-0.0392,2.4585,2.4859,-0.8623,-2.6426,-6.5966,-14.4104,-11.6654
2026-01-07,-12.3877,-8.3425,-5.1462,-8.7988,-7.1872,-7.0012,-5.5634,-7.7755,-9.2905,-9.8352,-3.6339,-5.8389,-1.46,4.969,15.1234,21.8513,17.6209,19.5746,23.1549,22.0466,23.8392,22.4194,19.5237,16.8399,19.3068,17.3141,17.4668,15.8185,19.0936,19.5461,25.2551,25.1164,30.2272,27.8313,29.192,27.5348,28.2067,27.321,22.3376,18.7512,17.5427,18.6837,9.0101,14.203,13.1066,16.4294,22.1002,20.8218
2026-01-08,30.1557,32.876,33.6586,33.7413,35.1125,33.1441,34.3827,30.6098,28.4961,31.7822,26.3067,24.298,17.7468,-37.6387,-35.1701,-74.8294,-79.0137,-77.2693,-60.1361,-54.8133,-74.5591,-82.619,-126.4293,-118.0704,-100.2179,-127.642,-172.372,-151.9387,-148.2002,-128.2948,-79.2668,-61.808,-45.043,-38.775,-3.745,5.9659,5.0956,9.2799,20.6417,16.3334,11.8989,8.022,1.559,7.2936,7.1277,1.8793,-7.7961,-10.0218
2026-01-10,2.7454,3.128,4.9829,3.3099,2.5583,2.3969,3.0344,1.2073,2.5052,-1.1136,2.6002,-3.6384,-2.0367,1.2988,4.5459,12.8288,15.7144,25.7037,21.7768,20.6139,24.2373,24.0732,26.5465,28.5205,24.071,25.9197,28.1161,26.9445,25.7087,28.1657,21.3552,20.1537,20.6733,23.1914,31.28,28.5927,23.7997,29.479,17.2489,17.0703,12.0098,13.9357,7.7485,8.6407,5.035,4.0397,-0.0135,-5.0631
2026-01-11,-9.6479,-9.9338,-11.0587,-7.5275,-16.326,-10.1018,-16.7779,-17.6596,-16.4005,-21.8592,-24.1377,-20.9071,-23.7563,-20.7394,-17.3234,-20.8685,-20.1487,-22.175,-12.3677,-16.7924,-11.098,-12.1455,-14.7985,-17.0827,-7.5776,-5.8434,-8.3511,-8.9482,-14.2216,-10.8124,-17.223,-12.9965,-17.1145,-13.7317,-11.3387,-7.4041,-20.2892,-14.8862,-13.5714,-11.8655,-7.6468,-20.4711,-17.8781,-20.0542,-20.745,-21.29,-34.1516,-31.1818
2026-01-12,-39.615,-38.1588,-37.1045,-36.5295,-32.8069,-31.8966,-38.3973,-37.8509,-39.593,-36.3954,-38.3609,-33.3275,-24.8455,-19.0332,-19.8136,-16.7551,-12.4547,-11.583,-12.0464,-11.8077,-5.5094,-8.4728,-8.6196,-11.5221,-9.9196,-7.86,-6.1062,-8.7391,-6.7286,-6.0962,-0.0653,0.6757,0.5877,0.9787,-0.3353,-1.2458,-2.1938,-4.8942,0.6231,1.071,0.0774,-5.4391,-9.1617,-16.8583,-16.0538,-18.9564,-15.993,-16.0073
2026-01-13,-11.3963,-11.0894,-7.5062,-9.1751,-9.6385,-10.8308,-11.7755,-8.5113,-7.4158,-13.0145,-14.3533,-10.9591,-9.5502,0.595,-0.6041,4.3708,1.3355,12.5031,8.0371,6.3056,6.5681,8.0984,12.836,14.5882,14.0805,16.0369,22.9867,21.8929,19.6481,14.9947,12.251,17.143,20.0026,15.2899,20.6003,23.6098,20.0888,19.1862,11.5753,2.4332,1.543,-1.4809,-6.2105,-9.3224,-8.5767,-6.8012,-5.2339,-2.6439
2026-01-14,1.3602,2.5737,5.5633,3.3887,5.4452,7.2935,11.2831,9.4634,9.318,11.0449,9.3779,7.8332,7.0062,17.1039,15.1615,14.285,18.4039,19.1843,24.9031,24.9831,23.0345,27.5873,27.2777,27.5325,26.9277,23.9232,26.6545,22.1582,17.3836,18.285,4.2282,4.0232,-2.8939,-4.315,-14.3068,-4.9577,-5.1432,-0.7969,-4.7325,-7.8587,-6.0835,-8.4361,-8.3393,-10.9435,-12.2624,-15.4645,-18.6303,-21.4842
2026-01-15,-25.2024,-23.7075,-13.4288,-16.8475,-14.454,-14.9879,-16.2164,-18.3359,-11.1601,-11.223,-10.5121,-8.1679,-9.7347,2.6487,11.3175,12.111,19.4407,15.0111,15.2539,8.5313,16.9614,14.9491,19.6649,17.4018,12.6744,11.5283,11.1881,7.6859,-0.5621,-3.189,-15.9884,-13.7877,-2.6263,-4.5616,-11.0125,-5.463,-7.4957,-0.6028,-5.8295,-9.9757,-11.2799,-8.155,-13.7318,-13.8424,-3.7464,-6.8302,-11.0518,-14.5851
2026-01-17,-20.7803,-26.9225,-24.0628,-25.7053,-31.1767,-30.4161,-33.304,-32.0888,-29.9386,-29.1452,-16.1566,-25.7104,-25.6539,-18.6916,-16.0213,-7.7042,-8.094,-7.3383,-2.254,-2.48,-0.9146,3.937,8.7389,7.3767,1.8739,0.2438,2.0013,0.1052,0.7284,1.3233,3.5577,0.1735,-3.2316,-12.5794,-4.9797,-10.8564,-8.2414,-8.9575,-18.2741,-18.2236,-13.4581,-14.8774,-19.4486,-13.8547,-11.478,-8.6381,-10.9234,-15.2048
2026-01-18,-16.8288,-23.1532,-30.8663,-33.4369,-32.6634,-34.4709,-27.5155,-17.6722,-13.9353,-16.5572,-13.7533,-18.2899,-18.8506,-20.1565,-16.933,-12.9669,-13.5605,-9.8591,-14.1503,-10.8248,-9.1604,-5.9856,-1.4368,0.3091,0.0119,3.0283,0.9838,-2.0962,0.0862,-2.0487,-4.4344,-1.5918,-6.7488,-5.0881,-6.0805,-11.0792,-11.2817,-9.9911,-16.7939,-8.454,-12.0386,-9.6908,-16.539,-15.8295,-8.5289,-6.7594,-2.8986,-1.3703
2026-01-19,2.4723,4.3947,4.4267,3.4458,10.2885,8.4915,6.2368,5.4427,3.3863,5.3467,-2.9698,0.4523,-5.1138,-6.2083,-2.8985,-4.2618,4.4243,3.7592,18.0982,12.2211,17.4014,21.1221,27.0024,26.4247,22.5752,19.1422,14.0908,9.967,11.4775,-0.0716,-9.702,-6.0587,-18.5177,-11.9362,-0.1984,-2.2032,-5.13,-6.304,-15.51,-11.5738,-8.4514,-9.1078,-16.6149,-13.8539,-13.0705,-14.2826,-15.9038,-4.8473
2026-01-20,-3.9656,0.472,2.3267,-3.0016,-4.737,-3.9066,-8.4922,-11.083,-11.1611,-9.4898,-3.4903,0.8203,-1.1479,10.8843,7.2411,10.2223,3.6626,8.238,9.6677,6.2078,10.8921,8.4949,6.4063,0.8612,-0.6795,-0.1149,0.5911,-2.0135,-2.4047,-0.9958,-2.6246,0.6803,-11.8585,-10.7475,-18.9695,-17.2083,-18.5999,-16.9761,-21.9758,-23.3366,-16.6409,-22.5401,-21.5024,-28.633,-26.2572,-35.5424,-28.5933,-34.5587
2026-01-21,-28.4625,-31.0075,-33.6932,-35.1661,-32.7989,-35.3849,-35.184,-33.2327,-30.3317,-31.5268,-21.3155,-25.628,-24.5668,-23.9798,-28.077,-20.6354,-20.5107,-20.404,-8.0823,-8.3339,-6.967,-4.2698,-3.6093,-2.4057,-4.6108,-6.4166,-4.3381,-8.654,-14.4394,-17.1965,-17.7615,-18.63,-21.1453,-17.8837,-17.7766,-19.9219,-20.909,-18.2086,-16.552,-16.956,-19.2171,-22.7895,-23.5424,-19.7767,-27.5593,-26.7523,-19.6743,-25.4217
2026-01-22,-13.9021,-21.4206,-20.0059,-18.0728,-15.6753,-20.4,-27.2916,-36.7013,-34.1258,-37.0145,-28.3551,-28.5092,-36.8731,-36.5214,-32.9565,-25.5766,-26.9155,-24.9195,-14.0021,-20.4485,-22.9871,-21.0788,-19.5062,-25.4825,-22.9292,-23.2731,-20.9678,-19.9793,-22.326,-20.2924,-14.0825,-7.7363,-18.1759,-19.7433,-22.5133,-21.4925,-19.4368,-15.3705,-16.4358,-17.4265,-18.1334,-21.0388,-22.2098,-18.957,-19.7276,-19.9844,-19.3713,-25.1421
2026-01-23,-27.4786,-28.5168,-24.9925,-26.9719,-26.9398,-22.4172,-16.2354,-18.0638,-13.2242,-13.2672,-7.9077,-7.2198,-12.8014,-21.7898,-26.6163,-20.8717,-23.4482,-22.4916,-24.2592,-20.2718,-15.6596,-14.0569,-15.3926,-19.4193,-17.0038,-9.8657,-9.7119,-13.1868,-15.0157,-15.0848,-15.4578,-18.9942,-25.6756,-25.523,-23.8771,-22.1812,-22.1688,-20.0996,-20.1525,-19.36,-20.5003,-13.5557,-19.6199,-24.5129,-24.552,-23.5355,-28.9925,-26.3532
2026-01-24,-16.978,-19.2605,-16.8383,-16.3916,-13.8911,-14.0541,-12.3228,-11.7849,-10.2975,-11.6539,-11.1771,-11.7085,-16.6918,-18.3466,-20.7768,-30.5546,-25.6189,-29.5534,-37.2113,-38.602,-32.8966,-34.0017,-32.4457,-33.5145,-31.8721,-34.5592,-35.2218,-31.0058,-34.8074,-29.95,-36.5343,-37.7851,-34.3351,-31.4751,-30.4939,-29.273,-26.3391,-24.7335,-20.0535,-20.3356,-23.0269,-20.9663,-28.1328,-27.0722,-29.4738,-27.0629,-33.5918,-28.89
2026-01-25,-32.7787,-33.4719,-26.3663,-24.8229,-26.8924,-26.635,-26.4389,-28.4391,-29.6322,-29.075,-33.1037,-31.5837,-34.5661,-34.2531,-30.4417,-33.5359,-36.0435,-38.176,-37.9024,-41.8448,-35.2655,-37.882,-32.6353,-32.548,-30.7155,-28.0455,-21.6161,-18.3111,-17.9745,-16.6928,-18.5852,-13.9934,-15.3991,-18.4664,-17.2834,-16.0521,-20.1416,-19.0469,-23.6449,-22.5009,-22.2431,-20.8147,-20.6402,-22.4916,-22.4,-22.3578,-15.7151,-15.5857
2026-01-26,-10.1241,-7.368,-7.2456,-8.5829,-5.5422,-7.4597,-5.2239,-7.7425,-7.2896,-5.258,-11.8632,-1.8905,-7.6043,-9.9765,-23.8098,-18.361,-19.3093,-17.1524,-9.297,-6.2453,-7.6475,-5.3006,-3.0789,-5.738,-0.7221,-3.1171,2.1852,-2.2221,-1.9608,-2.3142,-8.4456,-6.8118,-7.2288,-8.7838,-24.9551,-24.3263,-27.3297,-28.251,-26.5259,-21.28,-15.827,-22.3445,-14.8735,-24.097,-23.6952,-25.4961,-28.5461,-24.7893
2026-01-27,-27.413,-23.9208,-23.6498,-20.0852,-20.75,-18.8735,-16.1271,-11.9695,-8.3741,-10.7937,-12.1789,-18.9708,-26.8151,-24.8577,-28.1216,-26.7619,-27.6469,-29.3052,-32.1463,-31.1438,-26.1159,-25.1048,-15.5711,-26.4191,-22.4417,-21.9253,-19.6768,-22.3097,-16.5528,-9.4149,-1.1924,12.0593,14.4068,-11.3521,-6.0392,-4.4873,-9.5193,-8.4423,-6.9693,-7.3496,-10.9978,-14.9273,-15.3529,-20.5412,-21.1177,-19.8351,-16.2759,-22.6835
2026-01-28,-19.1692,-20.1486,-17.7222,-20.6334,-22.1863,-22.274,-16.7488,-17.7919,-15.0077,-13.4488,-11.6556,-2.2785,-5.5827,-4.4062,-7.1531,-3.6415,-9.9275,-13.6665,-20.1426,-17.6815,-18.7682,-8.8571,-1.7303,-6.7321,-2.7675,-2.9584,-1.4374,-4.0527,-1.0315,0.1018,21.4226,33.4424,23.5657,-16.4318,-14.1801,-14.319,-12.5556,-10.7314,-11.8597,-10.7764,-13.57,-18.175,-15.5258,-13.9262,-14.7852,-15.3104,-10.9607,-4.1852
2026-01-29,-3.1207,-7.2962,-8.3798,-4.6996,-9.1202,-5.032,-4.4121,-7.3586,-12.0543,-12.9007,-15.2368,-3.6103,-14.2386,-14.4081,-16.228,-9.7496,-7.8667,-9.8019,-9.0302,-12.4657,-19.4048,-23.729,-25.9273,-27.9366,-19.9505,-24.2299,-29.8677,-32.4742,-28.5278,-28.4971,-26.7526,-14.9887,-20.7167,-32.3722,-29.4593,-25.6702,-25.5651,-17.1528,-12.2091,-18.6594,-13.5889,-17.5039,-19.0712,-19.8282,-19.8831,-20.6023,-20.5156,-25.7983
2026-01-30,-23.7044,-23.7453,-26.2245,-27.9109,-25.9387,-21.2797,-24.8081,-24.1395,-23.5263,-24.9235,-25.1391,-21.2853,-18.1092,-14.4219,-14.3717,-14.8425,-14.3162,-13.8501,-9.792,-9.0633,-6.3259,-2.896,7.8746,-6.4125,-8.6943,-9.3872,-11.4461,-10.1374,-7.617,-4.9797,2.2946,2.1744,8.5989,-8.8362,-2.7493,-0.7794,-3.8249,-0.0772,-5.9588,-13.7371,-8.5716,-10.841,-11.9881,-16.8941,-18.528,-13.5626,-11.4217,-11.07
2026-01-31,-16.4393,-15.8922,-16.7886,-17.5753,-16.2231,-18.1718,-21.904,-26.7092,-24.7673,-27.5024,-25.5867,-27.2928,-26.0011,-23.0392,-24.0434,-19.7975,-22.1398,-24.0054,-19.8352,-17.7243,-12.5196,-12.0408,-14.4079,-17.9706,-16.3649,-18.621,-13.7987,-14.8462,-7.008,-4.9355,3.3562,16.426,12.9741,-11.9307,-8.0909,-9.4074,-11.5897,-13.5695,-14.9915,-11.8861,-8.7979,-11.6993,-8.3076,-9.341,-8.335,-7.8286,-8.2372,-8.9657
2026-02-01,-5.7528,-8.2238,-8.7491,-6.4906,-7.4186,-6.4682,-4.0758,-2.8751,-1.0519,-4.9005,-2.7885,-4.7485,-2.7033,-2.7495,3.2893,6.2956,0.6273,1.756,-3.0094,-2.1233,-3.6227,-5.8967,-13.4664,-10.505,-18.6248,-14.2373,-8.3373,-11.5506,-11.3836,-18.7296,-16.7837,-0.3265,-2.8178,-11.9785,-16.619,-16.2429,-18.9022,-20.8097,-21.0218,-80.7089,-20.6498,-9.3906,-17.3605,-10.8448,-9.4333,-7.5969,-14.9487,-17.2019
2026-02-02,-14.6631,-13.9594,-9.6409,-6.5008,-6.9718,-7.9447,-10.6432,-9.0436,-12.9538,-9.746,-11.5296,-12.7776,-15.861,-11.0159,-3.3911,1.5211,0.3308,1.6884,4.429,4.1537,6.881,4.4736,5.47,4.1532,0.7352,-0.2117,-2.4611,-2.7059,1.103,0.9436,3.4065,19.4351,22.7326,3.9269,9.1914,11.2831,15.4764,16.4107,5.9865,3.8606,2.5714,-1.9633,-3.4638,-3.6926,0.7328,-0.3953,-14.3284,-10.4968
2026-02-03,-7.658,-5.9727,-1.7858,0.3578,1.4822,0.8198,3.8705,7.6496,8.578,10.29,0.7435,-5.6032,-1.0444,4.7383,1.9114,4.9128,14.0416,14.6788,13.2877,11.4979,10.0846,8.2333,8.532,3.0476,-3.278,-2.7983,-1.3222,-4.9452,0.0612,0.5488,0.1563,2.7767,0.5032,1.7702,1.5437,-0.3858,-0.549,-1.0275,-10.0458,-10.3292,-10.0822,-3.4058,-3.2413,-3.5589,-3.7966,-4.1753,-3.8574,0.3481
2026-02-04,-0.524,-1.2345,-0.6916,-2.5952,-3.1261,-0.7676,3.1513,3.0616,5.8931,5.8351,4.7671,7.4298,9.9801,1.4435,4.0865,5.167,5.504,7.4183,10.527,7.5525,11.2119,6.2274,4.4698,4.0097,6.2015,8.9841,4.9681,8.8154,9.7866,21.5056,27.2802,37.8392,37.5531,-11.3679,4.2406,7.3584,4.1922,11.1168,9.1136,4.2426,4.7625,-0.6851,-2.7847,-5.0097,-6.8477,-5.3702,2.1944,8.1833
2026-02-05,-2.7936,-2.5829,-0.0126,2.408,5.8165,5.5859,9.4997,11.3686,16.6652,18.0298,23.0656,20.8473,5.857,0.8443,-0.495,1.8273,2.4283,1.7041,0.2629,0.4206,2.7343,-0.5086,-3.3631,-3.5244,-6.4203,-9.3618,-9.8198,-10.481,-11.5429,-8.3997,-6.9513,-2.6255,-3.1534,-5.2913,-9.1431,-6.283,-7.2123,-6.4206,0.5123,3.8064,-2.01,-7.3933,-7.6782,-6.2241,-8.7586,-15.3764,-18.2398,-21.9519
2026-02-06,-20.1032,-16.6168,-16.0754,-17.9884,-18.755,-17.935,-20.4261,-19.419,-18.0287,-18.9101,-11.1569,-9.6406,-6.4028,-1.1598,-0.749,1.7251,-1.8165,-0.8294,-6.7616,-9.0323,-8.8945,-10.2086,-7.2348,-7.7448,-11.4785,-12.168,-7.5027,-4.3188,1.5423,-2.6072,4.2257,10.3699,12.3828,5.5837,6.7973,8.0386,10.4128,10.5592,9.8185,3.0209,1.2168,2.547,1.0813,-4.2446,-7.4105,-8.3458,-8.3539,-11.7971
2026-02-07,-13.1867,-10.5036,-8.7088,-7.386,-9.2048,-10.7718,-10.5974,-16.6495,-13.152,-15.5514,-14.0849,-19.3508,-18.9779,-19.7898,-17.2114,-16.5878,-15.8026,-11.0488,-11.1959,-7.3051,-5.826,-9.4774,-7.1266,-8.5042,-8.2787,-8.8483,-10.5909,-9.9563,-3.7116,-0.1787,-0.7061,3.2427,-0.265,-11.482,-11.7386,-11.5664,-8.8942,-12.2125,-12.36,-9.5874,-10.4749,-11.4148,-9.0894,-12.2319,-13.148,-17.1075,-13.5469,-14.9258
2026-02-08,-4.6646,-2.6123,-3.4001,-4.4646,-4.6368,-7.0229,-5.4928,-7.7717,-8.4405,-10.7955,-7.8498,-9.9313,-7.8272,-5.754,-1.1616,-2.4565,-3.8839,-0.3002,-1.774,-3.454,-2.2643,-1.6704,-2.8113,-2.7039,-2.9198,-4.9865,-2.7444,-1.3423,3.1619,6.5915,11.0255,16.7305,14.5693,-1.3538,-8.6117,-7.8509,-7.1495,-5.2734,-4.8608,6.1578,-0.542,0.2577,0.3489,-2.655,-5.9224,-5.9588,-6.2835,-5.9988
2026-02-09,-6.3239,-7.7996,-10.2866,-11.4624,-9.2492,-11.9843,-12.2023,-13.9783,-14.7424,-14.4689,-10.6702,-3.5569,7.4389,14.6392,9.5984,3.4001,2.4197,6.7416,6.8184,9.0797,3.7857,1.7379,6.7653,1.2506,-2.0152,-0.378,1.8767,3.2304,10.536,12.3497,11.8428,11.533,14.5229,8.0551,2.848,9.9294,1.2907,5.8564,6.3297,5.4683,2.669,1.5955,0.8027,-7.8566,-3.9356,-3.8342,0.544,-5.7139
2026-02-10,2.7396,3.2383,3.7502,5.5734,5.3399,7.4333,8.9114,8.0419,7.1126,6.4438,12.9379,13.5626,21.406,28.5247,21.3845,23.9628,19.1293,17.8343,21.6605,20.7525,21.2903,18.3029,19.7774,17.3971,17.4657,16.5898,17.6379,12.8161,10.6613,9.0722,12.6597,19.6542,17.2561,13.5272,11.2063,9.5672,11.6789,12.4944,13.3367,9.5693,6.4457,6.9497,7.2749,3.921,3.7769,-0.2498,2.4491,4.3412
2026-02-11,3.073,2.9449,3.6286,2.5329,-1.0931,-3.5173,-0.801,-0.247,-2.2762,-2.7184,3.7795,1.1386,6.3554,11.7119,16.8574,17.8937,12.2501,11.5749,6.4286,5.2338,4.9857,5.4294,3.2078,4.5229,2.2831,4.104,7.5112,5.6352,8.6009,11.0645,24.4073,32.0672,27.8188,11.4529,18.3143,19.7578,19.0466,19.0696,13.6201,14.9621,10.342,7.5629,7.008,3.0531,3.7163,1.8575,0.0431,-3.4018
2026-02-12,-2.2163,-2.6522,0.8801,2.8038,-0.6047,4.7501,2.761,4.4987,7.2062,7.7697,12.9602,13.9407,16.4309,22.9191,27.6534,29.9282,32.5732,30.8687,29.9093,26.826,27.8052,27.7548,31.6227,27.4489,26.1412,21.7517,24.6761,21.3096,21.3802,22.111,29.8499,31.1649,28.037,14.1481,19.1731,19.5975,21.642,19.8494,13.5476,11.8301,5.2403,8.4188,12.5769,9.3701,9.1396,10.0638,10.7934,13.1829
2026-02-13,13.7982,16.1076,15.3424,14.602,12.7874,14.2427,14.006,14.8692,14.0044,13.4226,11.4362,6.8319,12.3384,24.239,25.9759,38.4577,25.0393,29.6259,31.1625,31.3505,32.2152,30.5423,30.3911,25.0495,29.731,24.4177,25.7917,25.2708,27.8728,27.0122,24.2474,22.9897,18.8666,3.6807,5.8954,6.1043,3.0271,2.5441,7.096,12.3375,16.2152,7.8119,0.8691,9.2587,13.8025,11.1199,13.5788,15.8323
2026-02-14,18.8599,19.8891,20.3144,19.086,19.4076,21.0735,23.3705,23.8363,23.5166,19.9079,16.6925,11.2097,13.184,11.4368,-18.6277,2.995,7.3303,17.7903,14.0252,13.3987,12.2399,12.0873,12.0598,10.5849,10.9429,8.2055,8.0473,10.7344,12.5754,12.8845,16.0205,12.5649,3.12,-36.9163,-9.3945,-4.61,-2.0861,-0.7843,-2.6868,-0.6587,0.7811,3.7468,3.2794,1.7689,-0.1903,-3.444,-6.7896,-10.4184
2026-02-15,-7.3897,-8.8405,-8.0362,-8.2831,-8.4176,-9.7199,-11.2947,-11.031,-10.1886,-7.7966,-9.4251,-14.01,-12.9217,-20.4574,-15.4641,-17.3628,-9.9973,-13.3354,-9.1888,-11.2338,-12.8088,-13.9206,-13.6221,-10.2324,-10.2005,-11.6865,-7.039,-1.2305,5.6852,7.8704,15.4499,19.9476,16.5659,4.2474,8.6564,8.5239,6.5105,2.2735,-1.2782,4.3047,3.6732,4.6267,1.474,1.6229,4.8924,1.9397,-4.6679,-4.7381
2026-02-16,-2.376,-2.0044,2.8741,3.1567,2.8119,2.889,3.6133,1.1073,3.7796,4.5939,7.1928,9.0769,8.6799,10.7247,-18.4908,4.915,11.1007,18.2385,23.2596,25.101,25.9222,22.4006,20.1684,16.8738,11.6208,12.5474,12.2063,11.1,10.6119,13.9834,19.2944,15.9811,16.0247,2.5019,11.6115,12.7191,12.8682,12.4486,3.0962,8.2472,10.3523,13.7889,16.5882,11.3563,13.97,7.107,-2.0656,-1.5814
2026-02-18,16.3393,19.5698,19.8642,21.2167,17.0478,19.5091,21.9042,21.5076,20.2355,23.5496,29.2444,27.0973,28.4124,28.5116,26.1587,28.0921,34.7454,38.0739,33.4598,30.8874,31.0312,28.7298,23.9818,19.4462,24.1929,21.1083,21.7853,21.8282,16.829,15.7706,13.2626,17.6703,10.6116,12.8992,13.3606,18.1962,15.3534,16.3606,16.2805,11.154,9.4734,8.726,8.3634,7.9142,5.4705,1.9936,2.0528,3.3425
2026-02-19,-1.9408,1.2271,4.0435,1.0625,0.8362,4.1805,6.0871,5.5561,8.126,6.7167,9.9995,9.1659,12.1357,13.8085,15.8922,18.4575,22.9072,22.5439,19.911,14.9065,16.9104,13.4801,13.5984,11.8724,10.813,11.2282,15.9353,12.9499,13.5197,10.4594,1.4586,2.1034,-9.5231,-13.3829,-13.6708,-13.6411,-18.0659,-14.0021,-17.7435,-14.3378,-5.3451,1.3738,0.4317,-3.3385,-0.6525,3.3391,1.1531,3.5561
2026-02-20,2.3234,6.1274,8.241,13.627,6.9236,6.6137,6.4251,7.2496,8.6022,11.2015,16.0499,7.7228,1.0073,-0.9806,-13.4747,-12.5407,2.337,10.6253,7.7381,4.4742,2.6117,4.2223,1.7115,2.849,0.5347,4.6824,2.3445,1.2675,-2.5521,-2.3894,3.3369,3.6395,13.8828,3.7402,7.2099,8.1811,9.8354,9.0365,9.9414,4.089,1.1852,0.5564,5.6597,8.9196,4.9558,4.4552,3.0008,8.493
2026-02-21,10.8211,5.5637,3.2492,2.1942,5.6399,3.4418,6.2031,9.1495,16.0995,25.4172,36.4542,34.311,23.9583,10.114,-4.0025,-20.563,-26.2598,-19.5245,-12.0739,-11.6839,-12.699,-16.1789,-21.8185,-19.5299,-21.104,-19.0617,-19.7105,-17.5904,-16.3253,-17.186,-18.0744,-18.6905,-18.9675,-20.1189,-18.0844,-16.2839,-13.0169,-8.7642,1.2372,-0.5401,-0.6957,-0.7617,4.5698,8.6491,11.2395,12.627,14.9263,7.2157
2026-02-22,-0.5299,-6.397,-4.4688,5.103,2.3245,11.9214,-2.3746,-4.3342,1.0993,7.2051,10.2805,20.0733,17.6538,22.6091,21.0223,18.821,18.4882,26.2826,23.8107,22.2545,20.23,15.0399,15.2362,13.4432,1.7895,-1.1204,-16.2397,-3.3574,0.9554,-2.7752,-6.7831,-14.6832,-18.4085,-33.2718,30.1781,-14.0552,-13.7946,-15.2082,-8.0362,-1.5193,-1.1294,7.7547,17.9507,27.5008,20.0282,26.6303,25.5251,16.2082
2026-02-23,21.885,19.4907,19.8552,23.5601,24.5496,25.3459,33.3837,37.5685,45.921,49.1713,56.2367,58.2061,50.5875,6.6303,-20.944,-36.617,-27.2808,-18.3887,-5.2609,-1.0003,-3.2782,-7.4962,-11.9678,-9.765,-9.9423,-12.2851,-16.4194,-15.5112,-15.1529,-9.4526,-4.9381,4.8025,6.2167,-0.8938,4.4285,2.831,7.8596,8.0925,2.3285,0.9622,-8.4369,-7.3632,-6.0503,2.084,0.7439,-6.0222,-21.4105,-21.3849
2026-02-24,-22.4028,-25.6332,-24.3674,-24.9486,-26.7483,-25.0223,-30.7782,-34.9284,-35.6485,-39.2954,-39.4978,-30.3745,-20.7612,-17.0199,-17.5001,-17.6661,-16.6233,-12.5306,-6.8013,-7.6923,-9.0794,-7.9638,-7.6228,-7.9066,-5.6367,-8.9357,-6.881,-5.006,-4.3112,1.4318,27.9759,25.168,25.4933,21.4375,19.3845,5.863,4.0525,1.1884,-5.6924,-0.5871,5.0247,7.4628,4.3296,-1.7231,0.6685,-1.8176,10.6985,-3.0477
2026-02-26,9.759,15.0826,19.4448,22.0003,25.7418,28.4393,40.3619,44.5618,42.5955,43.7299,43.0896,27.6579,24.7795,24.8071,10.104,14.3219,25.2519,25.5446,26.0713,26.8825,20.1041,11.6245,7.6107,8.6162,6.9319,8.3026,5.1037,3.9786,3.3444,6.1368,1.0039,3.4897,3.214,-5.0634,9.3252,3.4618,5.4914,1.9729,11.2975,8.9826,8.6962,13.9924,19.8368,23.0918,31.3265,28.5783,34.5161,29.0563
2026-02-27,31.5403,32.5333,31.7187,30.2963,32.3765,29.741,20.7317,10.7536,6.5144,0.6044,-5.8354,-11.4854,-6.8561,5.5011,17.852,23.5673,24.6037,28.4559,24.8265,22.2274,16.544,13.231,12.1124,9.5228,5.2085,-3.4972,-4.6431,-5.5547,-2.4477,-1.3268,4.7192,0.7462,-7.8688,-8.4609,-1.9131,-5.7925,1.5576,1.1907,3.6407,2.9787,2.1556,6.4415,8.0663,4.5082,3.7476,2.9282,0.9528,1.3841
2026-02-28,-4.9471,-5.5646,-3.8567,-2.6075,-2.0537,-1.7453,0.9904,-2.9784,-3.2431,-2.6592,6.0652,4.0737,9.6485,6.1934,4.4865,-3.502,-6.5078,-0.6374,7.1048,8.6321,10.3579,12.3048,12.0788,12.1356,8.5985,3.2792,2.1027,3.9051,3.4054,1.7184,6.6686,4.039,-4.3651,-17.859,1.1294,-12.1794,-11.6402,-10.6701,-12.8123,-11.0647,-7.2636,0.434,-4.1867,-7.9337,-15.33,-14.89,-21.0635,-19.9994
2026-03-01,-21.03,-21.7826,-21.6727,-16.2119,-12.1715,-6.5466,0.4426,9.2284,9.2454,8.2743,11.7551,16.6283,20.9132,27.3325,24.4689,27.645,33.0945,37.9947,43.38,45.7293,43.4477,47.2071,45.7971,47.8946,51.7072,45.7288,41.8153,43.3172,34.7799,34.3656,0.8679,0.0167,1.7428,-5.9977,-7.3794,-15.7405,-9.4588,-7.6445,-5.2154,2.4122,-4.312,5.2272,5.0465,5.3856,12.1041,15.5796,13.3864,8.1363
2026-03-02,11.9535,15.1815,16.5399,15.5959,16.9516,17.3896,2.6682,1.3573,-1.6162,-12.9756,-25.3429,-26.6837,-18.3853,-21.4618,-60.1861,-62.8972,-44.1706,-38.3584,-21.3222,-21.9129,-14.6981,-8.7693,-9.2184,-8.8854,4.0366,6.713,10.6625,18.2015,14.6741,22.8486,3.9575,-10.9236,-7.1154,-2.4938,-0.2546,-1.562,-14.92,-16.34,-1.189,-1.8284,4.2062,1.3392,3.3329,-0.5112,-3.9034,-7.7393,-12.2021,-20.3299
2026-03-03,-25.236,-29.3939,-35.3859,-37.2057,-34.2117,-33.6564,-29.6035,-32.4246,-31.1741,-25.8938,-18.0922,-35.6057,-30.6412,22.4073,-21.8883,-27.0239,-19.5642,-15.891,-15.0933,-13.929,-10.661,-14.2498,-23.1404,-23.301,-24.9505,-26.5038,-26.3118,-31.4168,-28.6496,-29.7648,-34.7827,-27.9493,-33.0249,-37.9596,-17.9724,-19.9278,-47.7554,-39.8677,-28.1091,-31.009,-32.6502,-24.6041,-23.9109,-23.0877,-24.9625,-23.5406,-17.2345,-16.9479
2026-03-04,-23.027,-21.7422,-20.0324,-25.5307,-28.5456,-25.0255,-21.3956,-21.233,-23.7209,-25.779,-5.7716,-38.6328,-43.7727,-7.1161,-38.9922,-46.2892,-51.953,-51.4761,-50.691,-59.6595,-62.7087,-70.4191,-60.6129,-54.5235,-47.3949,-43.7176,-39.2002,-38.2405,-34.7332,-36.3874,-23.8578,-19.4611,-32.527,-15.1414,3.6167,10.6004,-39.3513,-46.218,-3.3348,-33.0667,-30.4355,-27.2834,-24.1815,-25.9367,-23.7327,-28.9739,-33.6963,-31.1198
2026-03-06,-16.5485,-20.8937,-23.1506,-26.6812,-25.3645,-24.3796,-26.6136,-21.627,-20.2127,-23.1991,-23.793,-17.9306,-9.0713,44.8796,13.3908,4.7552,15.6043,14.0607,10.3767,6.2079,-5.6405,-10.4699,-11.1019,-14.7062,-13.6751,-13.9804,-10.1985,-9.1676,-2.0132,1.8726,-20.0665,-18.5386,-26.8413,-25.4594,-32.2116,-32.0366,-41.9988,-45.7151,-26.7436,-26.0176,-31.597,-25.9596,-26.3753,-29.4069,-31.2216,-28.3917,-31.7606,-37.2307
2026-03-07,-36.4913,-32.7845,-31.711,-26.9954,-32.0885,-32.8811,-34.6496,-39.9368,-43.3524,-45.3403,-46.7879,-49.0975,-44.3946,-53.59,-34.4511,-42.3309,-52.1042,-51.1427,-54.867,-55.1949,-57.2384,-55.333,-46.9451,-46.9871,-53.8593,-53.2945,-52.8682,-54.2009,-50.8907,-53.1833,-47.0062,-43.1207,-48.0575,-44.4555,-38.883,-43.1399,-47.6249,-49.6749,-47.2476,-41.1269,-42.218,-33.0931,-36.4462,-35.6964,-37.6272,-38.6726,-34.9071,-28.0433
2026-03-08,-30.2594,-34.1706,-33.0389,-33.6089,-32.1427,-30.5369,-28.5041,-31.4701,-28.6889,-32.1939,-29.4218,-30.1586,-24.4322,-15.9849,-16.6439,-18.6398,-19.9175,-22.2859,-38.9746,-41.8748,-46.2592,-47.7495,-47.264,-49.3562,-46.2325,-52.9996,-55.0948,-54.4867,-53.0152,-53.1936,-50.5263,-43.909,-42.6336,-32.8358,-26.2366,-16.2162,-41.7025,-41.7763,-47.8502,-40.0986,-47.9229,-47.5801,-40.8612,-37.812,-39.1035,-41.6621,-38.9907,-38.4566
2026-03-09,-40.1312,-45.615,-59.3256,-59.6004,-59.9834,-64.3401,-57.4533,-53.3187,-46.1089,-42.6402,-53.4444,-44.4969,-38.3299,14.2524,-8.2021,-9.0757,-6.9617,-15.3919,-17.5085,-24.0027,-27.5135,-28.3475,-28.7231,-29.6882,-35.1916,-33.8164,-34.0471,-30.7213,-30.3411,-28.8882,-21.3078,-15.4238,-23.3844,-13.4438,-17.2537,13.316,-49.8977,-53.5686,-40.4604,-25.8663,-22.2723,-21.8211,-18.4861,-26.0286,-23.3604,-24.5252,-25.1074,-29.3528
2026-03-10,-30.9098,-30.4058,-28.5584,-32.8843,-31.4738,-28.3423,-28.0998,-25.4337,-24.3463,-19.3295,-13.7478,-10.1852,-14.8867,78.627,3.047,-11.3409,-6.4545,-4.4429,3.8345,21.6328,32.0794,8.6294,5.8753,15.175,0.5388,-1.761,-6.6492,-11.8058,-11.4107,-10.2112,-7.1729,-2.9315,5.7866,13.921,21.1351,43.881,-11.8928,-16.9132,-9.2788,-13.0124,-16.4214,-14.6772,-9.8417,-14.8856,-15.7984,-10.8611,1.2455,0.3824
2026-03-11,-1.937,0.5538,2.314,-3.8447,-4.5299,1.8142,0.8906,-0.9617,-4.9138,-9.8844,-7.2876,-6.6454,-5.7955,90.3731,41.2163,17.1893,2.3097,13.992,27.3029,40.2351,34.6607,40.4994,36.9064,35.3978,40.2816,38.0425,32.9319,34.2691,34.4226,32.6173,34.3497,14.1665,34.5553,31.8892,48.0665,89.0704,-15.1099,-21.7133,3.8319,-24.1657,-20.2234,-11.1666,-20.9482,-7.1339,-18.3153,-8.4084,-18.3352,-19.7155
2026-03-12,-24.1596,-23.5112,-19.7251,-17.8559,-22.1283,-18.5441,-19.3268,-16.787,-22.9964,-22.0394,-32.9292,-34.3645,-25.4679,-22.7216,-3.9444,-16.0027,6.3899,5.9887,2.1145,-3.4119,-20.5297,-30.395,-39.8925,-40.6759,-41.1232,-46.3719,-51.8769,-52.0965,-43.4234,-48.2437,-40.0187,-42.4075,-45.1306,-42.5916,-41.0527,-48.8457,-45.1834,-50.2529,-56.8627,-57.2659,-47.5765,-32.9006,-13.8903,8.9209,23.3689,44.1513,48.4597,51.2114
2026-03-13,56.0545,56.277,58.0757,47.6939,48.8867,45.7412,47.2064,46.4015,45.9398,47.5835,47.1219,41.8439,66.9676,44.9983,14.1364,5.182,-23.0034,-29.5464,-28.3883,-31.4223,-32.3917,-34.9336,-36.7485,-31.1116,-26.57,-34.1689,-33.4499,-28.902,-33.5093,-32.3063,-32.6789,-19.1359,-11.3138,3.0783,16.4017,26.5107,-22.0695,-25.3453,-24.0852,-25.7935,-27.1062,-30.8298,-29.4163,-27.5679,-25.4282,-19.7254,-21.9551,-21.2952
2026-03-14,-24.9615,-23.9886,-23.9775,-22.379,-21.8776,-21.9686,-22.2876,-27.1622,-28.9995,-29.2829,-21.2152,-27.7434,-63.6115,-6.6938,-3.1204,-3.8918,-18.9786,-19.7641,-14.715,-17.4818,-1.5871,-4.0444,-16.5302,-23.6705,-25.3925,-27.7402,-30.8907,-29.2108,-19.6768,-19.8125,-11.8314,-4.6205,6.2781,17.4067,18.8671,29.3209,-21.0019,-31.5139,0.0715,-26.7761,-33.567,-32.2526,-26.4632,-14.4055,-17.7422,-11.6153,-12.4848,-12.9551
2026-03-15,-17.0937,-15.7127,-15.0051,-15.3875,-21.9468,-21.8163,-22.3709,-15.4247,-17.6903,-7.5168,-15.7788,-2.5826,-10.4642,12.968,19.6076,22.4718,24.4698,27.6253,39.5988,46.5546,51.4845,53.2766,63.4593,63.9697,66.1764,62.3297,53.4534,52.019,51.623,42.4912,19.307,5.9365,6.2173,3.2877,25.2563,26.7419,-5.159,-17.8113,-20.8722,-9.1246,-7.1646,11.755,7.5078,23.331,9.6419,15.8153,31.363,34.535
2026-03-16,27.4659,30.0044,22.3827,14.1712,-0.6335,2.8136,-8.0084,-5.8819,-12.7933,-12.8507,-37.0177,-41.3881,-33.6276,-27.6507,-32.0528,-38.0294,-46.0762,-46.5023,-42.977,-47.1434,-51.2477,-51.7373,-57.9257,-62.5157,-64.3037,-64.8731,-65.5592,-62.6628,-60.1605,-56.6009,-43.4247,-33.4504,-27.1277,-19.8868,-38.5169,-37.3753,-48.4652,-49.1014,-37.2925,-34.2999,-26.6139,-29.5581,-29.2248,-34.7238,-31.1939,-27.6546,-36.7161,-36.47
2026-03-17,-29.3721,-30.5089,-30.295,-25.7099,-22.895,-25.7103,-18.5991,-19.5897,-18.3001,-16.0369,-31.6515,-27.5571,-35.4335,-32.6526,-25.4019,-27.2098,-17.749,-16.9924,-1.5882,6.3808,-0.8313,8.8332,22.6718,27.6187,25.7128,28.4057,16.5038,11.0341,8.043,9.727,1.2739,-2.579,-4.3445,11.2493,23.2411,32.9594,-34.1283,-40.5335,-37.6873,-38.5145,-24.9018,-23.8503,-21.247,-13.1844,-8.5298,-13.1746,-14.182,-13.862
2026-03-18,-11.1777,-22.133,-15.6707,-18.2008,-13.3674,-18.7313,-13.7387,-17.7286,-13.7257,-13.5733,-13.6989,-20.7029,42.8161,27.3998,4.9801,-8.1214,-21.163,-23.6743,-14.0542,-15.9426,-20.1403,-17.6469,-24.0641,-25.5063,-26.8889,-18.0004,-17.2476,-14.0859,-13.9311,-14.0267,6.3742,22.6379,9.5553,13.3716,21.5087,33.0464,-31.81,-34.6803,-38.9369,-26.1278,-27.4327,-14.9908,-10.3817,-8.5085,-7.7165,-14.9827,-5.5629,-2.7098
2026-03-19,-1.9552,0.1891,-0.8531,-1.8449,-2.0214,-0.9919,-5.7592,-4.8202,-6.1718,-7.7714,-4.9786,-14.9173,18.742,14.9332,32.1526,22.5163,24.0459,20.2014,12.4238,5.1978,3.7543,-4.0866,-10.4017,-17.402,-14.0945,-18.2308,-21.4229,-24.0328,-22.8683,-22.3804,-23.356,-18.8614,-8.7441,11.0937,13.7689,24.8069,-10.9529,-45.0598,-28.8596,-27.5733,-28.0875,-25.0681,-29.9691,-27.3213,-26.0768,-22.355,-10.0603,-14.1055
2026-03-20,-22.4607,-22.3804,-19.8752,-21.0137,-22.8205,-26.7815,-23.1277,-22.9685,-23.4058,-24.9074,-45.0339,-45.6183,-18.664,-5.0235,-5.2967,-10.6954,-22.38,-32.2504,-33.4107,-39.0353,-34.5193,-22.3456,-13.5388,-18.5223,-20.9099,-23.1143,-27.9455,-29.7035,-27.7972,-26.4595,-14.6647,-14.2131,-12.7574,-3.3168,5.9428,13.9765,24.2225,-26.2984,-31.7187,-32.7263,-34.2615,-27.5164,-21.2686,-24.32,-22.6564,-21.4565,-15.7431,-14.7166
2026-03-21,-22.232,-24.1848,-21.8575,-25.1008,-29.2747,-28.0035,-27.0053,-28.2288,-26.4698,-27.7289,-35.5758,-40.8992,-3.5847,-1.9888,-14.958,-18.4883,-25.1425,-25.4095,-27.0699,-34.3832,-38.859,-35.1551,-20.4466,-25.2833,-24.4815,-20.6526,-24.486,-21.5954,-20.1327,-15.7139,-9.8785,-7.7521,2.559,9.8106,25.4819,29.0334,23.3984,-21.3104,-31.5706,-31.2085,-32.3659,-24.6813,-16.4659,-12.2368,-14.0832,-13.9429,-15.5922,-11.1418
2026-03-22,-13.1011,-17.9677,-19.5302,-20.4067,-24.8955,-24.9767,-26.0412,-25.6234,-24.723,-23.6993,-20.4429,-20.6919,14.4808,22.4523,2.9916,0.1289,-6.2042,-9.9108,-7.0698,-17.2158,-22.7876,-29.8622,-41.1303,-45.8218,-45.9014,-50.3633,-55.3485,-55.7368,-56.1075,-52.3963,-40.974,-36.7442,-30.2983,-26.6722,-32.7837,-41.5978,-53.1755,-55.4979,-58.7812,-59.1228,-55.6231,-54.8067,-48.0423,-36.7767,-36.4736,-39.8331,-41.5498,-39.21
2026-03-23,-41.4373,-39.5713,-41.9797,-44.2748,-47.3931,-45.3684,-44.5822,-42.8843,-48.5622,-45.9075,-50.6392,-50.7197,-19.97,-18.7699,-7.8953,-5.1813,-8.1722,-11.2291,4.8237,11.7856,14.5195,11.9214,15.3599,8.4772,3.3735,-5.7693,-4.7707,-11.0561,-11.7689,-9.582,-10.5742,-7.0391,-0.688,4.5318,-9.4056,-14.1955,-36.3983,-37.8147,-37.1373,-34.2565,-24.2394,-21.3439,-19.3094,-12.1662,-24.9262,-6.8401,20.257,22.3683
2026-03-24,17.3269,18.7899,17.8932,14.0676,13.5132,13.7419,13.5932,12.6501,13.988,17.2939,18.2001,11.4573,19.8426,14.2281,20.779,17.1514,16.0815,19.5067,16.3558,9.4497,-3.6916,-11.1012,-21.791,-18.8897,-18.432,-18.3538,-26.1806,-24.2749,-17.7654,-13.4573,-7.2845,-19.3765,-1.3739,9.7226,-0.1537,10.7036,4.1382,6.0765,25.8093,26.8577,17.7037,13.7254,31.5944,51.8134,58.2227,63.3135,60.2191,59.4814
2026-03-25,57.4605,59.0659,47.1594,54.1127,54.4606,46.0629,47.2175,47.7512,47.0714,50.7596,53.3027,55.5091,92.8868,97.7142,84.6947,81.5961,79.0538,79.9855,78.9317,73.9731,74.0402,68.387,58.1005,53.7508,57.8903,52.8489,48.7805,49.924,43.5248,49.1297,61.7299,65.9585,47.444,12.9153,21.4392,11.0806,-0.6217,-35.1224,-41.2332,-44.1489,-43.2207,-44.5479,-46.1227,-46.5287,-37.4516,-35.0351,-39.6232,-39.2928
2026-03-26,-41.6351,-43.2337,-44.7127,-45.6381,-47.4679,-48.2355,-46.3244,-46.186,-45.0967,-46.6658,-50.7866,-55.5135,-15.6217,-3.4972,-6.0419,-11.4521,-13.0447,-20.5656,-15.9572,-18.7673,-17.7823,-20.2353,-23.752,-19.6985,-16.9356,-16.2745,-11.5098,-16.7064,-3.5813,0.6258,8.2078,13.5939,23.4114,36.3531,18.0207,16.9933,-2.4875,-23.4548,-8.1784,-15.631,-21.4902,-11.4595,-18.8574,-17.0976,-21.3372,-11.5061,-14.4267,-13.6509
2026-03-27,-13.3239,-13.4357,-15.6136,-17.5604,-17.2775,-18.9546,-22.3263,-24.5146,-26.6421,-21.5752,-33.0402,-30.0204,-16.4178,-14.8369,2.2571,-1.0611,10.2593,0.953,-6.0975,-4.8139,-13.1728,-12.5561,-11.793,-11.8924,-10.8721,-9.9826,-4.8353,0.9303,4.6402,8.3078,6.4055,6.47,4.3241,5.612,-2.5601,-1.6226,-5.2266,-20.2309,-17.1169,-20.4943,-16.5936,-8.8727,-1.1927,-6.2468,-1.0254,6.2567,-7.8634,0.594
2026-03-28,-10.0805,-8.4042,-14.3861,-2.1729,3.5733,6.6035,14.1198,19.6722,72.8988,17.9225,19.0577,19.9927,59.5327,61.4727,39.1555,26.8763,48.9728,57.4044,62.4877,57.2628,52.7309,55.1824,50.9392,39.9305,37.7578,36.7457,32.5477,38.6389,39.112,41.4265,48.7121,45.0037,31.3806,8.8578,8.0453,6.5971,13.444,-34.6668,-43.4926,-47.0075,-47.311,-48.8213,-41.7173,-41.6015,-36.4176,-41.7128,-34.2283,-14.7556
2026-03-30,11.2021,15.6327,50.2817,47.2439,49.73,43.8972,45.6714,38.5805,38.8001,35.2983,42.8742,17.0418,4.9738,-2.9623,-5.5452,-7.5248,8.4765,1.6711,20.4013,32.4536,40.0252,38.218,35.439,37.2227,39.1228,39.5789,40.1902,41.9513,44.4443,44.7177,39.5021,24.214,29.1733,26.3803,47.626,96.3331,113.17,-20.2725,99.3496,-40.06,-40.3366,-48.0665,-45.5005,-43.9665,-40.3051,-32.6476,-23.4648,-35.609
2026-03-31,-35.145,-26.0854,-22.9419,-30.4158,-18.5322,-14.5555,-14.2963,-12.4724,-9.8336,-6.3872,-23.4378,-13.4187,-31.3145,-38.9747,-43.7838,-44.3451,-38.0727,-36.5179,-26.0692,-24.8807,-37.1573,-40.1006,-32.3191,-29.0642,-26.9997,-17.1528,-11.744,-9.7523,-10.2112,-11.0408,-6.4493,-8.447,4.3004,22.7165,38.8837,34.357,7.6744,10.6613,11.0343,-25.6515,-24.693,-31.156,-33.9614,-25.1088,-14.9794,-13.7995,-6.7142,-5.8462
2026-04-01,-11.8495,-7.0859,0.3527,-5.7173,-3.2169,-2.8674,0.8638,0.4394,0.9273,-1.4244,0.4702,2.3957,-12.6849,-24.0642,-49.0437,-48.4742,-20.9914,-21.686,-8.6919,-10.8144,-12.5341,-14.8027,-16.8792,-17.6859,-16.5617,-12.5518,-16.286,-15.5296,-18.4465,-19.3795,-14.3716,-15.9484,-17.5975,0.7356,19.7656,21.7427,10.1937,10.4684,4.3172,-24.0115,-27.6921,-34.5906,-36.4982,-30.8413,-27.4416,-29.687,-22.6573,-25.1909
2026-04-02,-22.8274,-21.1063,-13.5475,-11.7188,-8.8834,-12.4857,-6.3038,-9.2737,-9.8551,-6.4557,7.1783,-2.9164,-9.4083,-14.8134,-7.5785,-13.1015,7.8576,2.5815,-0.1277,-2.2499,3.1485,1.61,0.0226,-0.1671,5.6334,0.1799,1.7933,1.2155,-1.8982,-1.8928,-2.1171,1.8285,15.9198,45.2363,58.5952,49.3487,40.5405,44.0731,60.3692,25.6631,6.9255,4.8708,2.2191,1.6989,-10.4858,-10.6796,-8.3774,-15.9977
2026-04-03,-18.2926,-12.0122,-24.8574,-31.4329,-34.0941,-35.5777,-42.5976,-46.9245,-45.0028,-46.2309,-50.5289,-43.4718,-48.6207,-54.0033,-56.5022,-65.4275,-58.2161,-60.9959,-45.7857,-51.9739,-67.321,-69.0461,-64.3451,-53.1523,-41.9533,-23.2956,-14.5764,-3.3396,10.1738,21.0735,49.0881,64.9739,78.9303,91.3589,101.867,100.0837,107.4583,101.3136,106.5113,94.4763,95.3517,88.6743,93.7133,86.344,85.7163,78.1674,71.2243,69.0346
2026-04-04,74.3233,76.6844,62.8493,56.3238,47.0729,30.9382,24.7073,20.3298,21.7411,22.9584,22.9796,7.1618,-4.6212,-15.0135,-24.001,-20.09,-22.7301,-29.4009,-42.2305,-49.6584,-52.0192,-49.7796,-50.3015,-47.8051,-22.8996,16.273,38.4771,28.5124,38.5237,39.146,31.129,42.7928,28.7776,46.9249,33.689,26.9444,31.3455,28.3628,12.9513,7.4515,10.153,7.1536,12.2395,21.6582,39.5673,37.9999,44.2627,33.3304
2026-04-05,31.7107,21.9776,12.0385,3.059,-8.8852,4.8677,16.3548,20.131,18.9224,24.0487,33.7289,40.7007,41.4321,45.5404,48.9624,47.6225,36.0023,25.3189,30.1249,26.1727,21.4857,30.9263,41.5065,50.2677,70.6972,69.7644,73.8489,76.5233,73.956,72.2146,79.4142,67.6696,62.2801,75.4294,99.5676,66.1449,84.344,34.4558,22.4389,12.3736,-0.3283,-18.4193,-17.0279,-27.3897,-26.356,-37.3063,-43.6823,-42.5268
2026-04-06,-32.5931,-33.6388,-30.6774,-33.3898,-30.4617,-33.6147,-28.493,-24.5417,-19.6275,-24.6956,-17.2041,-19.5217,-26.3037,-23.0988,-23.2732,-25.2244,-24.592,-23.7131,-26.3177,-27.7053,-28.9907,-17.5085,8.4156,27.1263,46.7789,60.6263,89.7723,100.4214,102.7697,106.1316,118.2172,113.0706,98.3855,85.9517,34.8876,6.8342,-19.2764,-26.6247,-30.8237,-24.531,-3.6632,-11.9146,2.3226,-16.9539,-11.5977,-13.4807,-7.9872,-7.6103
2026-04-07,0.9715,9.0355,13.7443,18.9821,21.1923,11.8671,7.2025,7.4656,4.1071,9.9444,-0.4046,-4.9987,-19.1486,-12.461,0.2177,3.3823,-4.7821,-4.659,21.1716,50.8666,57.748,68.2693,80.3764,85.7005,91.363,92.2681,85.7213,84.1155,70.5678,64.4196,42.5582,29.0369,17.0923,-4.6143,-17.9112,-30.1353,-29.7137,-34.437,-30.388,-26.2613,-14.0072,-19.9759,-8.3469,-15.3702,-19.3683,-15.8238,-18.7785,-23.5119
2026-04-08,-19.9912,-15.1224,-17.8245,-19.2892,-10.8842,-15.1606,-7.6202,-12.1065,-13.4219,-12.8186,-20.3816,-28.9788,-27.3749,-29.7571,-18.6378,-21.8155,-26.2214,-23.7176,-21.5852,-13.8925,-13.1951,-12.9542,-12.6798,-9.7783,-7.241,-11.3935,-18.9193,-16.9496,-21.3095,-24.6346,-26.1995,-31.0303,-26.0579,-14.5507,-17.0431,-24.1905,-34.413,-30.3529,-22.3165,1.2624,-2.0344,-4.3983,18.0245,9.0229,7.2311,3.8345,8.1903,3.3187
2026-04-09,3.2505,6.0747,11.8425,14.3107,11.8841,10.7962,11.3282,10.0448,2.424,1.9826,-8.3484,-2.6994,-8.5025,-10.7858,-2.6157,3.3679,4.4497,7.7224,-4.6021,-8.5704,-10.0041,-16.9633,-29.7065,-38.2355,-41.0982,-42.0261,-37.0873,-30.8288,-38.9791,-31.671,-40.6535,-43.6124,-42.1624,-39.24,-33.501,-31.4615,-43.9919,-44.3854,-20.8906,-10.7232,-8.04,-18.935,-14.5401,-0.1439,3.6428,-4.6451,-5.6603,-2.9952
2026-04-10,-0.4658,8.0977,8.262,6.9516,22.0495,23.2469,36.1585,37.4318,39.2162,36.4225,32.7715,16.9775,2.0733,-2.5811,1.3997,-1.8351,-6.6466,-12.9172,-8.6983,-10.5613,7.4789,3.2943,2.8199,-3.3733,-3.1144,-9.4817,-11.6458,-12.156,-8.5218,-2.0502,6.3611,-6.9988,-7.662,-11.1869,-16.6174,-7.4945,-11.8214,-4.9598,-13.1393,-11.8071,-14.3641,-16.7163,-21.5543,-21.7425,-26.0517,-3.3852,-19.3377,24.0447
2026-04-11,30.8146,39.1483,35.6163,40.0156,41.0529,40.2232,48.4932,47.7484,48.0634,47.4459,52.0191,58.1615,57.6207,67.3087,53.5766,51.3742,48.027,48.5122,55.5952,54.9757,56.1425,57.4132,59.5548,56.1966,52.5893,45.9866,37.7958,35.327,30.7914,20.4189,12.7703,15.3594,15.0019,31.6201,53.2018,53.8439,58.6897,64.0498,65.8102,80.0645,64.1118,61.7844,58.6978,50.4434,47.5147,41.7613,32.2008,19.9136
2026-04-12,20.1892,22.342,19.0512,19.5005,21.0698,12.9244,7.2788,2.8759,3.4886,4.9519,3.9283,10.2584,13.0249,20.623,-1.0196,-10.7953,-3.2716,-3.9526,4.9598,8.9278,7.0631,2.87,-6.1215,-11.7118,-9.2556,-13.6461,-25.3632,-15.9513,-8.6508,-14.5615,-4.0765,-11.8133,-16.125,-30.0195,-34.5296,-36.4377,-34.0538,-40.6245,-36.8684,-44.6592,-28.291,-36.4345,-37.5807,-32.075,-28.5845,-28.2355,-30.328,-27.4417
2026-04-13,-26.1211,-25.3284,-18.6108,-24.1478,-15.5832,-22.1979,-21.0561,-24.9646,-27.6947,-27.0115,-27.1096,-29.0834,-21.5294,-25.5543,-35.5405,-56.719,-58.0627,-61.2739,-22.1159,-5.6727,-9.9123,-9.6243,2.8998,-3.3341,-1.9862,-6.7884,-7.9011,-7.4155,-13.51,-12.3673,-9.456,-15.8532,-10.0874,-6.9777,-14.0719,-16.4348,-9.6015,-13.0054,3.4929,5.9723,2.1988,-2.6326,2.6191,11.0871,7.8747,3.2195,10.5596,10.2591
2026-04-14,6.165,7.3472,10.8147,13.0641,17.4135,19.3905,14.8789,14.8206,9.1535,11.1133,-3.8831,-9.5031,-7.1366,-5.5584,-2.6567,-3.9238,0.2346,-0.9101,19.4464,17.3126,14.955,17.1858,5.589,4.7428,8.2183,5.3612,7.367,11.1523,4.3113,6.7378,-3.3494,-7.3735,-12.8987,-6.8104,0.9712,1.9336,5.4083,2.5577,-3.8638,-1.1301,-10.998,-13.255,-19.0145,-17.8258,-14.8242,-21.7132,-18.9322,-13.7311
2026-04-15,-21.1432,-13.989,-15.1715,-17.5455,-17.7072,-21.2906,-25.4787,-26.8863,-32.3587,-28.542,-29.6685,-34.2404,-39.6168,-39.6176,-46.4023,-48.4886,-40.3599,-43.0588,-27.7049,-16.9249,-16.66,-11.8425,1.0061,4.8802,9.405,10.0912,-6.0248,-12.0801,-27.0528,-34.2183,-41.9001,-38.9218,-38.7118,-28.1503,-32.3019,-15.7102,-23.898,-22.1952,-14.9882,-23.827,-14.6827,-20.9752,-22.9443,-30.9364,-25.4908,-31.1525,-42.9943,-39.0968
2026-04-16,-40.1546,-38.6622,-46.34,-48.1349,-45.6916,-46.6635,-42.6482,-42.808,-45.592,-43.4354,-46.0549,-45.9863,-39.7307,-30.4273,-27.1493,-26.4032,-27.0565,-28.6161,-23.6912,-10.5144,-13.4289,-21.9486,-25.9765,-34.2647,-37.1852,-38.671,-32.5099,-24.2066,-21.163,-16.7874,-9.1804,-4.2241,-14.0889,4.681,10.7393,10.126,9.0982,2.7393,8.6329,3.2677,6.423,-1.7331,-0.1533,0.304,0.2221,-7.4019,-12.5008,-17.2849
2026-04-17,-20.944,-21.1396,-27.2653,-20.8025,-18.3968,-16.3834,-18.1998,-17.3275,-24.5431,-24.196,-26.8448,-26.2377,-28.0632,-31.014,-10.9862,-19.8344,-9.732,-2.2351,14.9324,8.2218,8.8152,13.2206,19.6667,23.8129,23.4196,21.6512,19.9355,20.9507,4.8598,2.4611,-24.506,-22.7163,-19.5438,-15.6536,-10.4199,-7.1739,1.5892,-5.2354,-11.0262,-8.31,-6.171,-15.7115,-7.6367,-15.5053,-12.7096,-19.6552,-30.1756,-34.5825
2026-04-18,-33.4254,-31.4467,-23.0768,-19.995,-16.3791,-16.7289,-6.8737,-4.3016,0.1879,0.5188,7.5671,10.1272,20.0105,20.2254,23.8388,20.8449,23.3908,19.5305,22.4204,33.7416,34.1984,40.3365,20.3481,13.9936,15.7323,4.8453,-3.2827,-7.0892,-7.6283,-13.149,-24.0885,-24.5665,-18.0711,-8.3243,-0.0998,1.8166,2.4769,-1.2117,4.6605,10.9495,13.4857,4.459,3.6706,-1.6084,6.4914,9.1434,-4.1587,0.982
2026-04-19,-0.0813,-0.4177,-6.1141,-10.1662,-13.6125,-15.7098,-9.0924,-9.8727,-10.1923,-10.6248,-4.1722,-4.0156,7.1076,12.9861,14.3207,21.1835,9.5553,22.7668,18.7554,35.3402,23.4983,26.7929,28.602,5.6633,10.6178,1.4733,-11.3711,-14.8698,-14.8346,-17.3965,-24.6936,-26.9435,-16.806,-10.5253,11.3803,13.6508,12.7382,7.8407,5.8634,16.2731,10.4937,4.994,3.3911,0.5895,-2.9439,5.58,4.4512,10.8835
2026-04-20,16.3532,16.2649,23.8222,25.5126,28.6241,29.0698,26.8107,26.7859,25.2137,26.0365,19.0558,21.4098,20.9856,24.1383,12.7211,11.6524,15.5613,10.756,14.4236,17.1775,21.9963,22.7333,20.118,18.3154,16.3657,14.365,12.4368,14.9638,12.7288,8.5485,1.0256,-8.4226,-0.7199,5.3204,7.7861,13.9544,9.7162,19.3469,12.9607,16.0041,18.2479,11.6437,10.5042,7.8623,7.8757,1.5973,9.1465,11.8738
2026-04-21,5.2045,9.3768,4.1752,7.1252,7.6817,6.5033,4.5429,3.096,-1.707,-2.9389,-21.101,-17.5537,-5.0988,-2.5896,1.7014,5.1813,-5.0689,-11.427,-17.6028,-25.8605,-31.7657,-22.9087,-27.0001,-19.533,-10.8926,-6.1561,1.8884,5.9039,15.5311,22.9581,24.3705,17.0141,-0.5349,-7.594,-2.1748,-19.9407,-15.1673,-15.3273,-27.4515,-23.7309,-0.2156,-5.7312,-10.8916,-24.5157,-8.9007,-9.5345,2.2267,1.9735
2026-04-22,3.1318,3.3789,7.5596,7.6568,10.1237,8.8307,10.4005,7.3239,15.5932,5.8542,-7.9126,5.0382,8.8121,9.6076,27.0875,19.364,32.6643,33.3166,48.2498,57.3156,70.635,82.0607,79.3126,75.7956,76.3566,74.5072,70.5128,69.7041,58.9671,62.6051,60.6385,59.6126,59.6764,12.5863,18.3616,4.7731,-3.6359,-14.3607,-14.3672,-19.0191,-3.6694,-13.3409,-10.565,-0.6654,2.829,1.2072,2.3356,2.7683
2026-04-23,3.9576,1.5962,5.4949,2.4222,7.8381,4.0558,1.6952,5.2968,8.8126,5.07,7.3254,1.9584,5.6199,3.1731,-2.5164,7.7646,-8.6784,-11.8577,-16.4917,-15.7494,-11.8995,-15.1285,-12.9359,-16.9412,-21.3746,-27.7157,-29.1626,-33.779,-39.8691,-49.0412,-61.0552,-60.8007,-54.3225,-27.2294,-13.9697,-14.1601,-6.9588,-12.862,-8.7545,-5.4349,9.4008,-8.6377,-9.8293,-9.4911,-9.2223,-1.3408,11.1597,12.4737
2026-04-24,11.9785,7.3231,14.2538,15.4945,16.9573,17.7083,20.7542,21.0357,25.5625,21.4365,22.6782,21.2065,24.9121,24.9752,26.1402,23.2958,16.2622,14.4175,19.5592,9.1899,4.6679,2.6113,3.9399,-15.5899,-21.1566,-23.9127,-24.6125,-28.0204,-39.2614,-47.5606,-56.2194,-52.9534,-45.4694,-24.4897,-7.4037,-3.223,-6.4704,-7.865,-0.0238,7.3892,8.8401,6.7623,10.1838,-0.3372,1.2452,6.5809,5.3116,9.3712
2026-04-25,6.835,5.4591,-4.0623,-5.9103,2.1163,4.5485,16.9486,18.8902,19.8713,18.6708,29.5196,21.052,35.6041,44.2597,43.145,49.1698,43.2701,40.808,34.5134,28.3107,22.4618,4.5986,-11.285,-19.7493,-26.2439,-33.3635,-33.671,-46.0,-68.4417,-90.5228,-138.5013,-113.8986,-96.1505,-49.9887,-59.1648,-58.1656,-55.3017,-65.7527,-29.1884,-22.9471,2.6991,7.9367,-0.9503,-4.6772,-2.5302,-3.9833,0.4117,6.2669
2026-04-26,0.5948,-1.4841,-4.9596,-7.9229,-10.3453,-2.2766,-4.3336,-5.2976,-6.4826,-5.9247,-0.5499,-21.4748,3.7448,14.961,15.1291,19.1755,16.6497,17.9732,15.1896,7.3509,11.2978,7.5225,-0.7767,1.4378,4.4749,-6.8409,-9.226,-24.6527,-26.6068,-31.4724,-43.7866,-45.2834,-32.8504,-13.7914,-26.7311,-19.6092,-28.8724,-20.7674,-4.8786,-0.6007,6.874,-2.842,11.203,12.0976,8.3243,14.9215,9.9263,1.2037
2026-04-27,11.9975,4.7043,9.4441,8.9697,9.5151,14.4301,10.3103,11.9106,8.5896,11.4216,-4.2921,-16.317,14.5762,21.1096,30.8651,35.3885,40.486,42.3416,51.8621,45.0557,40.6627,38.1714,38.2915,31.0134,18.5848,18.6013,18.4685,13.1949,17.8479,10.3203,16.4016,14.9084,17.6912,6.4402,-19.5707,-20.3683,-24.8371,-23.1143,-11.2695,-8.4068,2.1546,2.3264,15.7133,20.6565,20.7585,16.0191,6.4586,9.4211
2026-04-28,12.4539,14.4771,17.3939,14.753,15.9558,9.5457,10.2275,8.006,7.7637,10.109,17.5483,11.8077,23.3653,24.6016,25.753,20.6483,5.2921,-1.5754,-2.1845,-10.9089,-17.3625,-24.0811,-30.2992,-30.4445,-34.9461,-36.2863,-34.1622,-30.001,-29.3654,-33.0316,-27.3065,-33.4761,-26.9107,-15.1688,-14.3122,-17.2208,-14.1425,-8.768,0.9849,1.2522,-12.8589,-6.4547,-12.5724,-11.1021,-6.5615,-8.9537,-10.138,-10.6248
2026-04-29,-12.8088,-10.4597,-31.8819,-47.5317,-63.0368,-63.2814,-55.6453,-53.9758,-53.706,-53.8998,-56.5172,-82.1305,-46.1866,-18.8827,-20.0433,-13.5829,-27.6122,-18.6736,-12.4531,-3.9173,-1.5033,11.4903,14.7586,9.1676,-7.4633,3.4026,-6.6018,-4.1116,-14.6041,-14.5733,-19.43,-25.0125,-29.6967,-24.5292,-55.5322,-67.3161,-60.5484,-58.2882,-65.181,-59.6355,-49.621,-56.7885,-55.9655,-57.4475,-57.9948,-66.1135,-62.6817,-67.1316
2026-04-30,-70.7624,-68.094,-19.4853,-14.6729,-9.2669,-4.637,1.2916,2.8051,4.8954,4.5588,-0.2514,18.353,13.4983,-1.7219,-2.7703,-1.6601,8.8461,42.3858,42.2769,51.3479,56.0093,53.2451,49.8367,44.6026,45.7517,41.9605,36.7371,34.7858,33.9621,34.3431,38.5215,36.9557,51.1733,37.0952,20.9174,-13.488,-17.7979,-19.5428,-23.9293,-25.3583,-16.3798,-24.3824,-20.1864,-15.9675,-12.4999,-13.1655,-18.9895,-13.7382
2026-05-01,-8.9662,-15.6913,-15.0443,-10.3151,-5.6244,-7.3217,-2.8425,-4.7704,-1.0174,-1.5816,5.8092,11.9572,7.8439,-5.8584,-20.3796,-13.4607,-19.8488,-29.9126,-24.7629,-32.8904,-30.8672,-26.6301,-32.3395,-23.6342,-26.6132,-31.8351,-29.6618,-27.8054,-33.0866,-35.6757,-30.2885,-31.353,-33.0604,-21.5866,-14.2185,-11.5514,-17.3691,-15.8275,-22.7189,-29.3263,-25.9217,-30.7249,-20.8824,-5.823,-10.5211,-10.302,-6.8491,-11.2482
2026-05-02,-7.4914,-5.601,-7.0122,-3.2078,-4.1068,-5.2067,-2.8849,-5.9539,-6.6696,-6.8914,-1.3702,14.8869,15.9311,18.6993,5.3391,2.8193,2.0393,5.8684,9.4008,7.9643,6.0125,6.4791,-1.1999,6.7234,9.4191,5.6012,2.8446,-1.7924,8.5394,-1.0453,-4.6041,-19.5906,-20.1818,-8.0774,-20.8469,-19.4978,-17.7281,-14.6976,-22.6568,-18.8099,-14.8694,-12.8078,-1.6666,-6.3306,4.7874,-1.1671,-7.9519,-13.6939
2026-05-03,-12.5585,-10.2034,-4.0841,-0.7155,0.79,-1.7419,-6.9616,-6.5464,-11.333,-8.0015,-5.9864,-1.1253,-8.196,-7.3363,-12.2353,-14.9553,-16.4337,-16.9629,-19.3736,-21.8509,-17.5878,-19.3317,-19.7741,-21.0694,-23.4644,-29.4397,-33.1734,-31.8592,-30.3156,-27.6899,-15.2304,-15.3241,-6.7242,-2.8119,9.4275,-0.429,1.386,5.5051,16.5699,16.3651,17.7574,12.6313,1.911,3.0821,5.7374,5.0183,2.4355,5.9275
2026-05-06,,,-3.9888,-2.3598,-5.3438,-4.427,-3.9309,-10.9899,-9.4429,-7.8076,10.2477,2.3681,-5.5951,-4.5813,2.5741,0.0881,3.358,2.628,11.3872,9.6561,9.7882,7.235,7.1967,5.7116,6.2581,4.8261,8.2369,8.1903,9.6604,6.0649,8.7245,5.2119,6.0493,6.1721,4.2339,-3.6225,-1.7039,3.0635,1.8605,1.1127,-2.2476,-7.8758,-6.7188,-7.5911,-10.4176,-3.7577,-1.6974,2.2681
2026-05-07,2.711,-0.8607,-1.8944,-1.8469,-2.8733,-9.6894,-10.3272,-16.6047,-18.1882,-19.1467,6.5906,-9.3471,-17.2252,-19.5105,-11.7717,-12.642,-12.9148,-6.8032,-3.4769,-7.8595,-3.2299,-1.6995,-4.2749,-6.0515,-9.0405,-12.327,-16.6062,-16.3395,-23.5983,-26.7209,-29.4057,-32.2963,-39.6345,-37.9346,-46.5734,-43.2672,-35.5924,-40.0724,-37.0884,-32.6542,-36.1751,-37.7966,-36.6044,-34.3804,-30.4526,-25.304,-17.6483,-19.259
2026-05-08,-18.8693,-20.1697,-20.013,-22.37,-22.7515,-27.357,-30.3609,-36.0788,-34.6573,-32.1422,-8.1527,-11.1596,-15.4748,-13.9365,-14.9267,-13.1206,-7.2586,-9.5826,11.4847,4.859,8.3224,11.7367,1.7684,1.1353,2.0839,-0.1013,-1.6088,-3.2438,-3.0063,-3.302,2.4862,-0.7477,0.8308,5.5873,12.8381,10.9958,6.5944,8.2441,4.509,12.0212,10.2715,7.1229,2.8172,-1.0539,-5.5243,-3.9961,-3.1053,3.7179
2026-05-09,2.544,6.195,8.9002,9.8945,8.4386,6.0584,1.888,3.3739,-1.4867,-0.7372,45.6531,31.8042,17.15,21.3922,18.8085,8.0975,11.0347,9.6351,9.4792,9.4034,3.9976,-0.8406,73.7036,70.5763,5.3427,11.8032,-2.6969,4.1998,-2.2227,4.7534,20.7726,19.5766,-4.259,-4.7632,-7.5115,0.1835,2.1839,-1.5985,-0.085,1.1378,-2.9012,-7.4248,-16.5224,-23.2119,-17.9137,-10.9792,-13.0311,-13.3647
2026-05-10,-11.668,-10.089,-6.4423,-4.3094,-6.1759,-6.4953,-10.2473,-8.1268,-14.5937,-9.4292,22.164,20.0892,16.8968,18.5886,28.4046,29.9745,34.2756,34.001,40.6866,47.236,50.2939,52.5412,40.343,32.024,32.4065,25.6912,25.2638,24.881,31.32,36.8268,43.908,44.7454,37.7144,30.8611,2.1633,6.6086,14.2233,9.7866,10.4709,14.9728,11.0755,7.6247,2.1517,-3.589,-8.8867,-8.9993,-19.6076,-10.7189
2026-05-11,-7.5585,-3.1132,-10.3611,-8.9291,-3.869,-11.2282,-12.3282,-10.1094,-15.4775,-15.6759,9.5574,7.7957,5.3492,-3.1555,-11.5388,-18.2597,-22.123,-23.532,-18.4191,-23.7954,-20.7616,-29.1235,-42.4959,-44.2765,-51.9889,-56.9463,-54.2533,-47.2719,-42.9903,-42.8532,-40.6717,-35.0845,-23.2176,-15.09,-1.4318,2.3242,10.2728,12.9691,13.3481,11.6785,8.6981,5.3213,0.1273,-4.5707,-4.6891,-6.8054,-10.3715,-10.3618
2026-05-12,-9.7033,-8.0624,-5.0308,-4.3595,-14.2341,-5.0904,-2.8473,-3.2779,-1.6189,-3.3682,23.006,13.5747,11.9616,2.8858,-10.3082,-13.7794,-20.8341,-3.1249,-9.0806,-9.6511,-16.9819,-10.5338,-7.1183,-24.5271,-19.6584,-21.868,-24.2332,-31.3913,-37.2123,-41.8549,-46.4917,-42.0499,-29.7057,-23.1529,-18.2854,-16.4096,-10.4167,-12.4829,-16.541,-24.1291,-28.3329,-40.2683,-44.5826,-46.0638,-43.9825,-32.6304,-34.021,-31.6729
2026-05-13,-35.2954,-32.1621,-40.5104,-38.3373,-32.7566,-30.7755,-28.3302,-25.8649,-35.7091,-40.1698,-37.2865,-37.9413,-32.7906,-24.7596,-36.289,-40.8583,-46.5195,-43.8801,-46.2579,-42.5918,-37.2843,-42.8546,-46.348,-47.3914,-41.2393,-48.5154,-35.432,-29.9749,-42.3493,-33.295,-26.8989,-36.8501,-26.2933,-28.7813,-24.866,-22.9302,-25.1139,-23.7743,-29.544,-28.6088,-26.2775,-26.5677,-17.8899,-15.9867,-19.3139,-13.7055,-9.5084,-10.9329
2026-05-14,-8.9665,-6.4486,0.8112,3.0896,0.6504,2.3188,1.218,1.6666,2.0255,3.2621,40.4675,26.9471,25.5747,24.0241,1.2282,-6.2633,-12.5162,-14.1487,-18.8122,-16.2216,-19.3324,-25.5074,-23.2206,-23.0846,-18.4261,-19.7168,-23.382,-20.3339,-16.9554,-13.6009,-19.8548,-15.559,-15.3263,-7.1583,-5.0466,-1.0323,6.1992,6.9131,-0.916,-8.0166,-15.5964,-14.495,-18.7643,-23.1945,-22.9843,-26.1256,-25.4521,-29.6503
2026-05-15,-32.0407,-30.3639,-23.1696,-26.2533,-32.1262,-30.0342,-34.5789,-32.9592,-38.116,-43.3105,-23.9404,-24.5113,-20.7884,-18.9579,-21.9504,-24.1096,-30.0576,-27.5356,-34.9154,-34.5481,-32.2925,-34.1012,-41.916,-40.7942,-41.8584,-42.3187,-44.9491,-45.5638,-47.0456,-50.7892,-45.0482,-41.3485,-33.2773,-28.261,-10.0831,-1.1732,3.1502,0.7036,5.0607,1.0649,-3.0802,-5.5689,-9.9218,-19.6679,-10.8859,-3.9919,-3.5756,-10.7639
2026-05-16,-7.6749,-9.9064,-9.0516,-7.8177,-7.7085,-5.6441,-4.8757,-4.2107,-0.3898,2.5371,33.0852,24.7202,17.2007,17.5219,8.1544,1.2561,-4.0796,-10.1062,-12.4374,-11.9893,-8.138,-8.7107,-14.8145,-21.6022,-16.7929,-26.4124,-24.9975,-27.3546,-26.7675,-24.8338,-15.2868,-17.3605,-14.0851,-16.979,-4.912,-3.1445,7.3203,9.4194,11.2512,16.8181,14.7323,19.2267,14.7593,9.8241,5.3262,-0.4376,0.1022,-2.4287
2026-05-17,-1.7496,2.4475,3.94,5.9049,9.5289,11.2514,10.6064,9.2425,9.9913,11.4368,33.4107,33.5188,17.5635,28.042,11.7708,4.1039,-0.8246,-9.506,-15.4657,-25.9573,-21.6097,-24.2188,-41.9818,-43.2824,-45.4378,-46.4562,-38.4959,-21.5086,-9.036,6.947,15.1698,7.147,-4.1496,-22.4169,-11.5014,-15.7795,-13.4425,-7.6951,-14.2476,-10.8009,-6.1066,-5.9616,-9.1984,-17.6036,-17.0479,-10.8725,-19.4401,-15.7219
2026-05-18,-15.5268,-15.8347,-5.1809,-7.1914,-7.7586,-5.8269,-4.7954,-6.7982,-9.6666,-14.9066,-2.7365,-2.2921,-8.0416,-5.8107,3.0633,2.1022,-2.8209,5.8121,-0.6182,-1.1555,-3.7833,-7.6764,-7.1977,-13.5221,-14.7764,-7.0045,0.7024,-0.3225,-0.0058,-0.3705,2.6276,-1.9315,1.9061,4.0632,-5.4255,11.8964,-1.4006,0.9305,2.1137,6.5315,-0.7395,0.1247,-2.35,-7.955,-10.409,-16.2076,-26.8855,-19.0676
2026-05-19,-15.5314,-12.2651,-22.2479,-6.5813,-6.9535,-8.1596,-7.4021,-7.9184,-11.1785,-10.7134,-28.0135,-21.5626,-31.804,-35.8282,-30.5215,-47.4573,-45.0022,-48.4696,-53.8291,-55.3669,-55.3078,-60.6541,-50.9123,-60.1104,-58.4334,-61.7815,-45.7826,-35.4063,-47.6686,-41.7179,-47.5878,-42.174,-37.4883,-36.6537,-34.4487,-18.7816,-22.3173,-17.7877,-6.6999,-10.876,-17.6146,-20.9734,-26.5669,-35.6062,-38.7299,-39.7463,-46.3534,-46.9806
2026-05-20,-48.7867,-43.0149,-35.1712,-33.931,-27.4325,-28.8992,-32.729,-34.4487,-33.3576,-32.6495,-17.9688,-14.2819,-19.2943,-18.4686,-16.8203,-25.4458,-36.5682,-40.2251,-46.7742,-54.8748,-55.6754,-58.3654,-63.7775,-66.0378,-69.4406,-71.1366,-72.4134,-77.6752,-74.2759,-74.0674,-64.0524,-59.6085,-54.2593,-40.2684,-24.3806,-8.99,-15.2036,-15.2555,-5.09,2.585,7.3851,-3.9077,-5.056,-18.5631,-26.7846,-29.6111,-30.5423,-22.5457
2026-05-21,-16.4355,-13.9762,-11.8764,-11.2674,-9.3167,-10.2134,-9.9508,-9.0434,-7.5309,51.4385,6.8342,2.4726,-5.7353,-11.6292,-7.6818,-7.8289,-11.6477,-16.6113,-22.9569,-27.4103,-31.1921,-32.9392,-31.8108,-30.4246,-28.3142,-29.3186,-26.1833,-19.974,-14.2557,-11.7387,-9.6399,-11.8782,-6.341,-14.3426,-22.5849,-16.5912,-12.1096,-10.515,-12.8407,-8.1009,-16.6273,-23.9634,-40.0274,-9.2575,-35.9671,-27.6544,-25.5122,-23.3807
2026-05-22,-26.4951,-27.0192,-28.0296,-31.031,-30.6004,-27.0031,-26.4343,-27.6368,-30.2712,-4.7644,-16.7659,-2.9052,0.0533,5.9851,-6.1444,-13.4007,-14.1566,-15.102,-11.6352,-15.4772,-21.2226,-28.4648,-32.8078,-27.402,-25.8255,-26.7637,-31.4265,-35.7171,-33.9117,-35.8452,-38.8371,-40.8072,-34.0793,-24.6808,-18.2601,-6.0037,-8.1368,-8.3005,-8.671,-9.906,-13.2811,-7.3222,-29.504,-2.3623,-27.1499,-21.403,-31.8951,-30.7395
2026-05-23,-25.2945,-29.7568,-30.4381,-29.6787,-30.7328,-27.8335,-26.6564,-28.1207,-20.7699,16.4833,6.499,3.2373,-0.5557,0.7733,-5.254,-9.5677,-7.5082,-10.385,-29.3519,-28.7218,-44.8573,-50.0779,-50.5438,-47.5682,-51.0413,-46.3354,-45.9631,-46.2909,-47.7048,-53.4521,-58.8464,-56.9702,-54.2608,-33.5872,-18.9623,-12.8881,-16.084,-17.1446,-9.0708,-1.7724,-2.1383,14.1921,-17.0761,33.2727,-20.0036,-22.2449,-17.7256,-17.1565
2026-05-24,-14.8461,-15.809,-14.1814,-10.9203,-8.6624,-7.3383,-10.8545,-18.7506,-12.4627,39.039,7.11,5.5489,4.1171,3.2096,-13.1723,-6.0882,-0.477,-1.5407,-8.3381,-10.1197,-7.9583,-7.6212,-11.2639,-10.3582,-6.6788,-8.124,-22.2236,-22.8534,-23.7042,-26.832,-21.2376,-20.6564,-17.2374,-5.4028,3.0067,1.4386,15.6161,25.333,26.1241,29.4436,31.3067,41.982,12.9607,63.6432,4.7347,0.9276,-2.0561,-0.6557
2026-05-25,-2.7867,-3.6361,-2.5042,0.537,-2.1582,-0.7715,0.9135,1.0408,-6.0913,33.6329,21.6455,23.5131,17.409,16.0207,9.9178,4.5441,5.0189,0.8589,-1.2054,-0.5165,1.9219,0.815,-12.804,-13.1052,-24.8754,-28.7464,-28.2428,-26.7847,-30.2295,-28.7329,-29.911,-31.6764,-26.9611,-21.3972,-11.7594,-3.3766,-1.906,-5.698,-11.9458,-9.7187,-14.0499,-17.1582,-32.7225,-1.3137,-29.2401,-16.8541,-15.8388,-11.6084
2026-05-26,-13.1417,-9.4576,-2.1662,-1.4998,-5.127,-5.285,-0.6932,-0.7695,-0.612,25.5995,18.0639,6.5162,12.4148,12.5013,8.1606,4.372,-0.8482,-1.9294,-12.9092,-10.7848,-13.3461,-16.5926,-20.5763,-13.6645,-13.4555,-14.7672,-9.6015,-14.9898,-12.9422,-10.9578,-17.0508,-19.9547,-13.3015,-7.626,-22.3243,-19.2337,-26.8743,-20.5008,-16.6647,-12.6956,-15.5652,-7.9464,-14.0501,11.3593,-7.5715,-18.7056,-24.6913,-23.2229
2026-05-27,-20.6954,-3.457,-4.3237,-7.1447,-8.5997,-4.4029,-5.132,-7.6792,-7.7608,14.5026,10.4026,6.886,6.1651,5.5004,-3.0105,3.7653,-0.2533,-1.6077,3.62,-2.9741,2.2054,-10.3845,-12.0335,-5.4513,-6.4527,-10.0199,-7.2299,-9.9129,-1.979,-1.8015,7.4791,8.6673,13.9572,17.9988,21.5276,29.3634,24.9871,13.9555,14.4758,14.556,16.1106,19.701,7.7577,19.9671,-13.2867,-11.2336,-18.1494,-20.392
2026-05-28,-20.0564,-17.6631,-17.99,-15.0731,-14.7098,-10.6363,-5.8635,-4.7033,-5.0771,12.3162,11.8954,11.7285,5.2889,5.5392,-0.5993,-10.8486,-5.7587,-1.7202,5.4137,11.6971,21.584,22.373,31.7516,37.1295,40.11,41.1818,43.9579,45.2861,48.2606,48.2595,40.5659,26.8096,3.6138,4.0185,-3.7039,7.4381,-0.4214,9.1174,13.3383,17.7036,15.651,14.0038,5.117,23.1098,-15.5653,-19.5877,-23.012,-21.8905
2026-05-29,-30.0822,-29.9591,-29.5468,-35.3369,-31.5589,-33.978,-37.0272,-38.0848,-35.2098,-17.2871,-1.974,11.4418,10.1565,7.8551,1.4313,-10.5164,-12.3352,-14.4314,-12.9137,-19.629,-24.9108,-26.0576,-25.3938,-24.6886,-19.5565,-20.8914,-22.7492,-24.5325,-30.0365,-21.5158,-20.3668,-8.9582,-1.75,1.6781,7.236,4.6646,7.3126,-1.7085,1.7476,6.1229,6.8435,3.1357,1.5025,18.7005,-8.7924,-13.933,-10.0046,-11.3263
2026-05-30,-11.1296,-6.9252,-10.3619,-6.5593,-3.2447,-9.6106,-7.2575,-11.3335,-8.8784,15.3792,10.9551,27.331,3.2325,6.6842,-7.2074,-8.0344,-8.9841,-4.8023,-4.3151,-15.1142,-20.3883,-18.3335,-27.9619,-26.3957,-23.1682,-30.0261,-33.8417,-22.3776,-17.3094,-15.4968,-1.0615,-13.3095,-8.1436,-11.1798,-5.9043,-1.833,-2.209,1.5416,6.9272,13.5758,19.2538,25.3514,12.553,24.7278,-9.0366,-10.3191,-4.6954,-6.4093
2026-05-31,0.612,1.1187,3.9752,1.5493,3.9241,3.1373,-1.6671,-1.8478,-6.5097,6.7075,-5.6119,-2.2965,-2.5912,-3.6324,-1.1561,0.8413,0.0382,-0.2577,0.9367,-3.4225,-3.6339,-11.513,-17.3941,-20.3066,-25.741,-22.3021,-22.0835,-21.9347,-24.6274,-25.0832,-17.1116,-27.1255,-21.8483,-19.6683,-19.8444,-7.0532,-13.2415,-14.1984,-4.5283,0.1809,4.2472,7.1373,-0.3416,8.5181,-12.3548,-13.1149,-19.7038,-12.6493
2026-06-01,-12.1498,-7.9202,-3.1925,-3.0477,-2.6639,-0.9001,-3.0088,-1.8708,-4.5656,11.2497,15.8274,28.6638,17.8307,17.741,12.4265,4.336,10.6596,0.4302,6.5217,1.6583,-4.2207,-7.9884,-2.8748,-5.1066,-5.7458,-7.3425,-9.4173,-7.8367,-5.5643,-5.4876,-3.9072,-13.8312,-9.332,-2.9573,-1.9077,-0.7743,-12.361,-13.6654,-15.9034,-16.724,-13.4461,-14.0971,-8.5853,-14.5505,-19.5154,-22.1301,-17.3696,-20.0497
2026-06-02,-16.9629,-13.7597,-8.344,-6.7465,-8.3593,-11.0073,-7.9854,-10.8996,-19.5539,-10.8422,-10.544,-12.2725,-11.0846,-12.6567,-17.6219,-14.6214,-10.9153,-15.9213,-24.1673,-23.1319,-20.6678,-12.6878,3.9061,7.735,7.615,0.9403,-1.7056,-1.4681,-0.3666,-2.5034,-17.7986,-6.2915,-5.6339,-4.3896,-8.2309,-6.511,-2.1333,-0.8313,9.2582,12.3521,15.823,20.1417,22.3571,34.0122,10.4422,2.8169,-2.1555,-9.2887
2026-06-03,-9.4631,-9.683,-14.2059,-11.0155,-11.3683,-11.7719,-13.1479,-11.7763,-15.1085,0.7366,0.0601,1.3412,-2.2442,-3.7147,-13.3022,-15.7784,-20.4532,-25.0332,-26.3361,-19.434,-20.227,-14.6962,-21.4658,-17.2862,-5.5294,-1.2309,23.0076,30.8778,21.0302,22.3074,7.8351,6.5734,1.5682,-6.0296,-27.1738,-20.656,-23.1348,-15.2099,-6.1817,-1.4353,3.4103,10.9765,15.5069,11.4487,-9.9791,-11.955,3.0274,19.5446
2026-06-04,23.219,26.8403,28.3174,35.6269,46.009,49.7573,51.0915,52.4894,51.8949,63.4091,52.7914,44.6771,51.7003,26.4899,18.3236,24.4964,18.2681,21.6708,14.4916,14.8498,13.082,20.935,32.7701,35.0522,41.5364,41.4859,49.7052,51.3838,58.9327,65.7349,90.3734,94.4527,73.5158,64.9297,22.0114,-0.5888,3.1334,9.7349,15.4957,24.6957,26.4733,23.4202,10.2228,3.9504,-16.7125,-20.4466,-11.4176,-8.2379
2026-06-05,-4.8331,-3.596,-6.9622,-3.7216,1.6345,-2.4135,-6.3075,-8.6495,-14.2133,-1.2021,-8.2304,0.5314,-6.8654,-9.1641,-8.9026,-23.4323,-27.5397,-27.7177,-29.1914,-27.9664,-22.4108,-24.3969,-27.7396,-27.2619,-25.7282,-23.51,-18.8216,-15.7399,-14.6474,-10.1065,1.1081,4.6515,4.9538,15.2929,6.2373,3.8632,0.977,-1.4203,2.2778,11.3085,12.8257,8.6066,19.4625,24.2311,2.9531,5.7935,1.9156,0.6928
2026-06-06,0.8381,-3.4441,-3.8679,-8.1502,-9.6351,-16.5446,-21.714,-26.9121,-25.4369,-23.5427,-23.9972,-29.0252,-13.4616,-8.7273,10.7336,11.4843,9.5587,10.8329,14.0376,14.3098,19.4286,21.3113,21.9244,24.6149,19.5708,18.3271,11.9404,15.5738,13.8409,2.6162,-4.678,-18.0312,-18.3509,-15.5034,-18.0912,-20.7644,-25.1069,-23.2558,-8.1208,-8.9662,-5.4516,-1.532,-1.9018,-2.1474,-11.9096,-16.3738,-18.4422,-13.1363
2026-06-07,-15.8012,-6.8734,0.0367,7.9107,22.1891,31.8293,42.8428,49.8272,55.1158,70.5107,73.3878,69.5237,59.6027,58.1455,63.3589,64.6594,59.9259,55.9797,46.7711,40.7278,41.827,37.5642,28.3029,29.5116,29.468,21.5275,23.7362,23.667,25.7841,29.6647,43.3174,45.3059,55.7617,31.9459,9.188,-16.0948,-20.3056,-19.1728,-16.4711,-8.9352,-13.4855,-6.8034,-9.3413,-7.0217,-16.1456,-18.693,-15.5171,-17.1823
2026-06-08,-15.8842,-21.6004,-20.9986,-18.056,-14.6882,-18.1127,-18.1994,-21.6399,-24.4988,-15.3244,-14.7984,-13.2968,-6.3149,-2.8737,20.7431,22.4127,8.1919,6.4885,4.6411,2.5111,4.5975,6.5248,2.1664,1.9047,5.4161,6.9228,1.2216,-3.8888,-4.7161,-5.7457,-8.1292,-6.2829,-15.812,-6.2722,2.0654,-1.2118,-0.2004,-3.0297,-1.0876,1.4526,2.4237,2.5956,4.2686,14.2222,-0.4001,-0.6514,-5.7318,-10.6912
2026-06-09,-9.3852,-12.6162,-12.869,-9.5365,-8.9303,-7.5548,-4.2808,-7.6515,-6.3942,-5.4217,-2.7664,0.076,-1.4189,0.8803,3.4375,-0.6809,-9.9241,-3.5824,-4.7294,-5.3096,-6.5996,-5.2519,-8.8865,2.8259,11.6446,7.5491,11.5241,19.2545,17.764,2.9982,0.905,-16.4699,-22.2262,-21.2792,-18.0332,-5.293,3.9703,15.8364,7.7886,8.4547,1.9107,8.0076,-0.0974,5.3944,-12.9656,-17.4839,-10.4879,-3.9882
2026-06-10,-2.0635,-3.6201,-2.6481,0.8268,2.2163,1.6556,5.0836,5.3034,3.9961,9.5369,8.7199,14.9498,15.476,10.8155,-0.8579,-4.9076,-2.8112,3.871,-5.9638,-0.071,6.5098,8.1011,7.4148,9.5417,10.8805,9.8685,12.8345,12.5054,11.9256,16.7791,10.5625,1.7491,1.2733,-4.9712,-7.4845,-10.2435,-21.6523,-21.2514,-20.031,-16.2366,-14.0919,-10.5386,-5.3114,11.1848,-2.319,-3.5069,-13.2613,-8.3678
2026-06-11,-3.1205,-11.4592,4.8081,0.2346,-10.9236,1.0266,-0.5025,-0.5698,-1.0091,4.4713,-3.5892,-7.1974,-11.7502,-26.6539,-9.8878,-1.3572,-3.4091,-5.0608,-0.4204,-0.9343,-7.6268,-9.7042,-21.1643,-11.2723,-16.8817,-11.1607,-15.5404,-20.3131,-22.6683,-22.7558,-20.4893,-27.7839,-29.1445,-24.7815,-31.4541,-32.2184,-35.3521,-28.9563,-28.3728,-21.27,-22.0537,-20.1178,-18.0452,-20.0745,-29.2685,-29.4467,-26.3037,-28.4713
2026-06-12,-30.5024,-28.0778,-23.8591,-24.8788,-30.7024,-34.707,-38.7523,-36.0596,-40.0193,-32.3775,-36.1439,-39.1415,-30.8869,-30.8464,-38.2641,-37.8765,-49.4883,-53.3098,-60.8596,-64.4821,-64.6723,-50.6186,-36.9393,-20.0073,-22.7257,-10.4363,2.784,9.3472,11.0538,15.6353,23.8713,31.2469,50.2498,50.2283,50.4611,44.584,25.0193,15.1714,24.6374,30.7202,26.8938,18.9064,0.7626,2.2606,-13.4585,-13.9973,-28.3185,-26.286
2026-06-13,-34.3096,-18.8733,-17.6847,-8.5747,-5.2311,-3.1748,-3.4511,-10.4131,-10.7541,-0.088,6.5145,7.6605,20.1431,24.5605,36.3283,34.9606,36.3727,24.7313,16.2229,9.4716,15.1417,17.4823,11.2822,10.6748,14.6475,13.2564,7.7308,11.6438,11.5574,12.2051,30.5967,38.0725,56.2833,70.5463,89.5754,69.6672,82.7248,61.3664,33.8136,34.0337,36.214,44.7835,35.3894,40.9916,23.626,13.8097,44.2261,45.6553
2026-06-14,54.05,54.4665,57.1666,62.567,68.3053,72.1621,78.6037,80.2329,82.2956,89.5524,89.5062,89.9534,81.2153,81.0519,76.1474,68.5849,67.4552,61.3111,72.4791,66.3485,62.4796,55.8168,23.7675,14.0777,5.4596,-7.8004,-8.9265,-8.9256,-6.6462,0.3042,4.9186,6.7536,21.8869,22.3953,10.5361,2.6982,5.3494,5.9412,18.4331,13.2344,20.3862,23.7019,20.6943,27.5465,10.0147,9.9532,11.4852,8.7969
2026-06-15,13.8576,15.4404,18.1776,20.6667,21.5023,20.3772,21.0644,21.7446,19.9662,24.7275,43.8807,46.1998,38.9568,34.1738,13.186,10.5055,4.9079,1.0037,-8.5419,-12.8868,-19.6007,-14.0761,-11.94,-10.7943,-5.3907,-2.3674,-2.2909,-8.6331,2.7827,0.8722,5.6769,-1.8746,1.1728,3.3649,7.5914,-6.5282,15.0093,9.4499,7.7963,15.2255,10.541,6.5979,5.717,9.5224,-4.0534,-3.8531,-7.6402,-4.0313
2026-06-16,1.5261,-1.5363,7.4857,3.595,4.4362,3.9139,8.651,9.7772,-2.5657,-0.7612,10.7982,22.2038,14.1295,6.3794,4.8451,-0.2189,0.5367,-1.7473,0.952,2.532,4.8597,13.68,15.6913,21.0739,19.4111,13.0853,15.8259,6.6179,17.2294,12.0097,26.4521,29.2825,25.0312,25.7632,17.9128,14.067,-2.5801,-8.053,-20.8831,-20.4717,-17.8484,-9.5755,-8.0892,-1.7623,0.653,-6.4508,-7.8279,-6.7309
2026-06-17,-5.5648,-5.7868,-7.4009,-16.3043,-17.8743,-17.9777,-25.2597,-19.3387,-19.4406,-18.1106,-27.8029,-26.1863,-14.9632,-19.2292,9.6221,-1.2852,15.0368,14.2616,5.4678,0.3584,-1.2117,-4.2717,-5.8055,-6.4981,-3.5971,-6.8112,-8.3209,-7.3115,-6.9715,-4.3097,-6.9533,-4.146,-14.5572,-2.3401,8.8205,13.3955,5.7765,-0.1813,-11.0148,-9.6064,-17.2024,-14.7991,-12.9177,-12.1918,-14.6295,-21.0481,-24.104,-20.3985
2026-06-18,-20.2719,-18.7454,-10.6975,-7.0128,2.1306,-1.7686,4.3167,7.9383,2.7598,0.1992,-5.933,1.7925,-7.5188,-1.6829,0.4281,0.9515,6.9895,6.2178,-0.9371,-6.9066,-7.4463,-14.1082,-18.19,-16.4221,-17.2658,-19.902,-24.1644,-28.1684,-32.8092,-34.0181,-28.4603,-25.4784,-17.6475,-2.7572,-19.9073,-9.0225,2.24,4.8785,6.6771,-4.4698,11.9143,13.9305,14.8921,16.018,3.1887,2.0462,-7.7187,-2.9894
2026-06-19,5.3426,7.3904,7.4647,6.9641,2.3739,8.9446,6.6751,1.4706,-2.0829,-0.6497,2.9503,-1.3248,-10.7592,-8.7706,1.9808,-5.0625,-4.4846,-8.2908,-2.9486,-5.6824,8.6634,5.137,8.4607,0.9424,-0.7245,-12.1247,-15.7648,-17.8141,-22.5923,-24.8115,-41.9357,-31.6396,-12.3805,1.9751,-1.8572,11.505,29.5494,12.8524,13.4477,12.6595,2.193,-0.0999,8.0246,11.5731,9.3913,-6.022,8.5986,9.9158
2026-06-20,6.826,10.1163,4.6947,4.7448,4.8159,1.7753,-4.0287,-5.2381,-9.3348,-7.4172,-5.2787,-5.6572,-8.7791,-11.858,-16.4833,-20.1391,-21.9914,-26.567,-37.1544,-38.6389,-36.9858,-34.348,-38.6419,-35.1133,-35.6456,-35.1998,-35.271,-39.343,-40.398,-37.0275,-29.9832,-25.2296,-17.4162,-12.0884,-4.0114,7.8843,3.5286,-0.5454,-11.3426,-6.5836,-7.5494,-7.0702,-19.107,-15.1411,-11.7456,-16.9739,-8.4565,-7.3164
2026-06-21,-11.1299,-9.1878,0.2851,0.1939,-1.4412,-2.9311,-6.1,-9.1267,-9.6285,-3.863,-3.3564,-9.4308,-9.8417,-17.782,-9.0091,-10.2859,-6.5499,-4.7828,-3.8882,-3.0578,-1.8653,-3.497,-12.6056,-16.4741,-15.5286,-16.2211,-13.2233,-11.7626,-9.6196,-10.6763,-3.964,-2.8199,8.2702,8.0601,4.6669,15.9358,18.0942,4.9777,8.4861,9.1469,4.0574,12.0622,1.1901,-0.1144,2.6527,-3.9359,-3.1643,-6.0742
2026-06-22,-2.3206,-1.6877,0.0818,3.3171,3.3027,4.5952,3.9086,5.3155,4.6591,8.3719,13.6795,7.1106,1.8364,0.7921,10.9173,10.446,21.0572,20.1523,19.9857,16.1285,13.5366,12.3084,0.7604,3.5619,3.4641,5.4998,8.1397,12.5112,19.4304,24.1726,1.0824,6.2007,-13.5719,-9.5428,-17.826,-27.434,-42.2159,-34.2566,-24.2618,-22.8407,-31.9968,-20.7881,-18.8628,-13.2153,-9.6879,-19.1873,-14.2277,0.8339
2026-06-23,4.5346,4.0754,14.8117,12.4668,8.5729,1.4802,1.183,0.786,-5.5871,-11.3723,4.8882,-0.1986,-1.1026,-3.346,-12.2988,-15.0998,0.7383,-0.6944,9.5778,8.4133,13.4075,7.7214,2.2118,4.0639,6.4307,5.2616,0.8102,1.006,-4.8118,-3.4444,-10.9687,-6.5092,-13.4421,-23.7997,-82.08,-88.8422,-216.594,-236.1729,-323.6688,-382.6348,-395.0989,-411.2375,-314.1106,-265.7169,-173.1573,-105.834,-60.7219,-50.019
2026-06-24,-32.8027,-31.4835,-16.7128,-20.8324,-24.5301,-14.7888,-9.604,-6.493,-3.1101,-1.4987,5.6691,4.8985,11.8728,14.3129,25.4593,27.6141,34.5714,34.0759,31.2247,25.903,30.5442,27.4403,19.2568,21.4669,21.137,21.5785,20.2314,22.293,22.2386,24.2745,13.0051,14.0136,17.3654,12.6086,-24.2723,-33.4164,-52.4909,-51.8797,-62.733,-40.4775,8.5949,6.0884,27.147,37.4843,1.6602,-2.7073,2.4091,0.9297
2026-06-25,4.1463,0.1881,-6.6349,-2.4279,-2.2366,4.7206,5.9487,7.3131,2.2953,7.2491,14.0495,10.2817,11.794,7.9839,25.3651,26.0433,29.3089,22.1984,21.0963,6.3343,10.8407,4.7773,2.1922,-5.0414,-1.2768,-4.6145,-3.2159,-6.8801,-8.5357,-3.9721,-11.9666,-6.7472,-11.0054,-1.4829,14.2335,15.1536,14.3744,29.0957,43.8081,69.2519,66.0002,85.0649,61.8633,62.0506,33.6632,3.3509,2.4472,11.61
2026-06-26,8.2646,7.8461,-6.6584,-14.2813,-15.1455,-12.8397,-12.1636,-16.6727,-21.095,-18.739,3.277,3.1678,16.6551,17.4999,27.0834,28.0816,37.835,40.6188,40.3135,37.3453,38.0516,39.9948,36.3048,33.2725,27.5853,23.6946,21.664,16.4831,20.161,21.5394,16.6353,14.1726,1.4894,3.6658,0.651,-0.7654,-0.5618,3.9123,3.0498,14.366,25.1682,31.7979,32.777,50.2199,31.4971,18.4102,15.0345,14.9889
2026-06-27,11.6301,-0.9503,-6.1196,-0.3931,-2.6265,-1.7941,5.2301,2.2968,0.0505,1.1067,15.1571,8.6796,-1.349,-9.8175,2.0831,-9.2293,13.1261,14.0668,25.1595,11.2433,5.8009,16.8668,21.1756,21.2933,22.5737,23.1183,20.6472,17.2869,11.3071,11.2824,-27.3239,-35.4545,-43.5206,-32.1871,-34.2237,-29.7282,-20.6308,-7.3497,9.0535,14.2533,15.9106,23.3868,17.1487,18.9152,17.7538,2.5813,0.8906,11.1561
2026-06-28,2.2322,-1.2071,-13.6166,-18.5079,-19.6725,-22.1712,-26.2416,-28.0895,-27.816,-28.6558,-23.5862,-34.362,-35.5826,-29.0089,-21.0222,-20.3863,26.1493,38.078,55.9123,57.2244,66.4848,66.4252,67.5782,70.0948,66.5887,60.4767,55.1427,55.1875,51.2756,51.7218,57.7626,48.8581,29.8437,17.8202,-6.513,-2.5356,-15.6418,-20.3402,-15.3142,-7.9062,1.238,16.4451,-4.3406,-2.9183,-18.1521,-31.5345,-19.9552,-19.8072
2026-06-29,-22.3718,-19.0025,-18.0144,-16.5487,-18.584,-17.4204,-13.7113,-15.8659,-20.6687,-14.4923,-9.0705,-7.5626,-23.3089,-23.7002,-22.0478,-23.3812,-18.2464,-18.5424,-11.8084,-22.8736,-17.5328,-20.0556,-10.1809,-8.0463,-4.6836,-4.2018,-3.9783,-4.3701,-4.2774,-0.7042,5.3993,13.6287,9.8993,17.1548,2.3761,-2.8303,-17.4866,-10.4238,6.4847,15.9857,19.1132,23.0078,10.05,-4.5215,-9.2216,-16.2071,1.411,7.2521
2026-06-30,-0.6452,2.0488,-8.1561,-5.4199,0.508,4.471,0.4098,3.1937,1.8754,3.451,14.8265,12.3879,10.5131,14.2973,10.0026,11.6816,19.9637,16.5394,18.6439,13.5564,24.142,24.3222,18.6727,20.9666,22.3557,25.9408,22.6901,23.9809,17.7317,17.573,23.2071,23.1408,24.8617,1.7665,13.0785,6.5605,15.3744,3.9697,5.1273,19.2566,20.1919,18.3359,24.5455,17.0544,12.9835,4.1955,10.5355,2.3172
2026-07-01,-5.8833,-1.1188,-3.6751,-3.5189,1.7289,3.8341,4.1001,6.158,8.9656,8.6463,13.7603,11.0705,12.049,8.1982,-1.0855,-2.1167,3.7585,8.7493,14.8489,15.2315,19.9292,12.9143,7.7193,7.7694,10.4091,6.5031,6.9948,4.8682,1.131,3.9196,0.8182,12.0321,4.9335,8.1836,-2.9114,1.0696,13.1646,19.3317,34.2424,39.8844,38.6566,41.3583,20.3473,23.177,12.7126,-18.3128,-6.2037,-13.6121
2026-07-02,-15.4926,6.7898,9.7279,8.3992,7.4466,-10.5554,-4.5347,-11.9261,-21.9171,-22.5584,-29.7245,-30.8417,-35.7772,-35.0586,2.3662,5.8995,39.4432,40.5915,39.0713,30.0743,26.8181,22.4698,15.8567,11.8248,9.2442,7.9082,8.9546,7.4637,13.7168,12.4206,29.2448,33.1066,49.936,63.1425,70.7384,60.3509,46.8491,42.1475,47.7313,46.3273,48.7885,64.2616,35.345,34.1468,20.037,8.597,-5.8823,-9.0615
2026-07-03,-16.1218,-18.6361,-19.1957,-18.1208,-18.8,-17.7159,-27.6035,-28.8646,-31.135,-31.1325,-30.132,-29.5247,-25.9811,-23.3392,-22.7863,-21.5218,-27.3818,-25.0532,-26.0159,-30.4124,-32.2991,-35.4098,-38.4288,-36.785,-38.7931,-37.0996,-34.6625,-37.6578,-26.5644,-22.6753,-22.1688,-28.4933,-17.7073,-18.6938,-11.8171,-9.431,1.9074,6.938,18.9327,24.2608,26.6859,24.909,17.3623,17.959,-10.0183,-6.4456,-3.5464,-19.6467
2026-07-04,-29.0021,-32.7403,-30.8289,-30.4388,-30.1693,-19.5613,-15.4558,-7.804,-5.9246,3.0622,7.7557,13.506,26.7115,26.8883,52.6469,55.2219,53.6071,52.2605,46.517,45.8775,44.5764,41.1026,31.0296,14.3183,6.2483,19.622,18.6388,18.3949,18.3437,21.351,15.1111,8.7192,13.4557,2.5094,13.7069,5.5315,-0.5458,-5.891,-0.4182,-7.6435,0.3309,8.1258,6.4404,3.3364,-15.741,-20.7602,-19.5076,-19.3942
2026-07-06,-2.2355,-9.1741,-14.8383,-13.1448,-17.0354,-17.2996,-22.4342,-21.3645,-21.5688,-23.63,-33.8612,-32.097,-23.0393,-23.4834,-9.3576,0.7674,2.7884,9.8954,20.8871,27.3516,34.0251,34.0963,52.6338,53.1709,48.215,49.0885,54.6145,57.634,53.9829,50.2039,48.5443,28.015,45.7073,29.8939,16.7577,24.0821,29.3458,34.6069,34.5986,42.2826,40.116,39.3739,25.2964,20.6388,-8.6452,-2.6921,-14.4559,-22.272
2026-07-07,-16.2037,-13.1177,-14.6926,-10.9782,-6.4215,-6.9671,-4.6069,-1.9967,1.3518,3.4315,3.6681,4.7541,10.1525,-1.5929,-10.7693,-13.6622,-26.8333,-30.3068,-39.33,-40.702,-33.68,-23.1852,-6.1859,-3.72,-1.3243,-0.6512,2.5644,3.2015,7.0056,6.0364,10.8895,-12.4489,-13.1686,-2.6987,13.8836,3.0428,24.7852,22.0276,39.7491,48.6316,50.7132,49.2201,32.1397,30.2584,1.9518,6.0966,-7.3113,5.148
2026-07-09,9.5347,13.8975,16.3218,14.3436,10.4414,7.9265,0.0412,1.5091,1.2222,3.0978,1.9788,1.1904,-0.0842,7.7524,11.6221,12.5002,20.2597,22.5454,17.5925,13.5346,13.2774,8.9714,6.3274,8.9068,13.1237,15.0685,11.0859,14.4639,11.1118,-1.6646,6.0324,0.3128,9.8471,9.2633,11.9786,9.3216,9.8171,16.2161,15.6822,23.644,29.9607,29.7788,16.1492,12.2074,-17.9717,-4.8489,-2.2537,-5.8507
2026-07-11,-4.4659,-5.1231,-4.8371,0.1927,0.5932,0.0633,-3.3386,-7.7301,-5.686,-9.5993,-5.0084,-8.2008,-7.4998,-13.8865,-8.8271,-15.1963,-21.4639,-20.9611,-25.3498,-31.1755,-37.9687,-42.4755,-44.2417,-45.5973,-42.3359,-39.7218,-39.2734,-37.2401,-38.9789,-39.5703,-35.3699,-33.8033,-22.9064,-19.8879,-10.7044,3.4412,-4.9282,7.8444,16.372,19.1946,26.2883,31.4943,17.8416,24.3977,1.9595,9.8593,-1.1278,-2.2006
2026-07-12,-7.6742,-6.9694,-9.5069,-10.91,-11.2598,-15.0851,-12.5965,-12.9455,-8.9307,-17.0183,-14.1848,-14.5799,-18.1487,-18.5784,-3.5328,10.8624,37.4855,46.298,53.5352,59.9823,60.6884,57.7326,42.4989,43.2361,49.367,46.518,47.2031,46.0424,45.048,45.4537,39.0667,31.3012,34.6364,23.1612,13.547,13.7586,-8.5967,3.3678,11.8581,18.3342,14.0664,14.896,8.0504,5.5655,-9.7322,-7.7674,-9.8758,-6.6283
2026-07-13,-10.218,-12.0472,-9.5373,-8.9579,-10.6013,-8.8959,-11.656,-10.3886,-15.5163,-18.0016,-25.1979,-27.3318,-20.3647,-20.0896,-19.6531,-20.9955,-23.4627,-34.9568,-42.5008,-38.2315,-25.3741,-17.6824,-9.2145,2.2857,-12.8946,-1.9206,-8.7475,-6.6501,-9.544,-7.4456,-1.8693,1.2879,-17.0019,-7.2999,-28.4626,-27.3006,-15.2118,-12.3159,-5.8536,3.4358,3.7831,6.6683,-1.5813,1.9643,-22.4388,-16.8914,-13.0858,-14.4034
2026-07-14,-18.4207,-15.2437,-17.1581,-17.5358,-16.9179,-14.8078,-15.5597,-11.3754,-7.7701,-12.9722,-7.7349,-10.941,-10.1191,-12.3165,-11.913,-17.8215,-2.9093,-16.0511,-17.4247,-26.6508,-23.6267,-24.0285,-11.6611,-5.6836,2.7511,9.7115,6.4018,10.8531,19.5639,19.3081,9.5117,-0.2802,-1.1336,2.0395,-14.1475,-33.4738,-31.3191,-28.4701,-6.2918,6.2621,6.3518,-2.6711,-21.1697,-19.8186,-26.8686,-27.4521,-30.982,-24.61
2026-07-15,-17.3089,-13.4478,-5.3486,-3.0445,-4.599,-4.1329,-1.738,-1.8297,-0.5299,-2.1034,-3.918,-9.5493,-8.0815,-13.3169,-10.7135,-12.8444,-4.6908,-9.8858,-18.3443,-28.4769,-34.2232,-37.3821,-25.6017,-20.073,-11.0738,-3.5361,12.3758,12.961,16.5098,14.4491,14.937,8.298,-5.6023,-0.0416,0.2248,-21.5483,3.4417,-8.7071,18.8208,14.0859,22.7115,12.8477,-5.5202,-6.0316,-26.409,-18.8651,-24.0145,-18.1746
2026-07-16,-10.9401,-9.25,-7.6238,-6.2069,-4.1765,-2.3792,-5.3596,-5.2636,-1.7318,-3.7625,-2.5228,-8.1814,-13.3851,-15.0442,-10.1289,-10.09,0.766,-7.7102,6.5422,8.3668,10.6323,10.5908,9.4591,8.0755,7.4203,3.2983,7.0707,4.4072,6.9655,5.6235,-4.0649,-4.3263,-0.0044,2.4271,-21.1927,-33.0983,-34.3213,-38.9851,-23.6082,-18.486,-7.638,-11.9428,-16.6403,-21.9123,-27.9687,-28.3419,-20.0918,-10.6496
2026-07-17,-14.5448,-9.5596,-13.2362,-11.2415,-12.0049,-14.7716,-17.8344,-15.9859,-16.7945,-18.1615,-22.765,-25.4785,-23.9608,-22.1089,-14.8067,-10.8828,-3.4,-10.4955,-7.8733,-13.4561,-18.6541,-15.2258,-9.2554,-12.8597,-8.0547,-6.7894,-5.573,-5.6635,2.1698,4.2547,3.402,6.3237,0.4832,1.5025,-8.2205,-8.261,-3.2672,-4.1396,2.3753,10.2787,13.2186,5.0641,-4.7508,-2.1976,-13.7681,-8.6473,-3.9188,-11.9177
2026-07-18,-11.4591,-12.9874,-17.5793,-24.4449,-21.6672,-29.4229,-21.6261,-22.4891,-13.2577,-17.8242,-13.5104,-12.3774,-15.5637,-13.9635,-12.6497,-15.5625,-14.9133,-16.6853,-11.5166,-7.5379,-10.8382,-13.9662,-23.6393,-13.4851,-25.3735,-13.5076,-3.1072,-8.9809,-13.6434,-20.7179,-32.9808,-29.0896,-20.4053,-24.619,-34.4031,-29.1145,-27.8501,-16.5845,-22.8286,-23.254,-21.1272,-27.3435,-32.3933,-34.754,-34.1718,-31.1019,-37.6718,-37.3939
2026-07-19,-29.6669,-24.8375,-27.252,-23.4476,-22.7032,-22.9358,-6.3726,-3.4414,13.4074,13.0558,17.3682,19.9484,20.1097,18.6205,22.6302,30.5604,26.0924,32.7032,33.9599,39.3624,42.0107,43.0947,44.0439,46.0512,55.1731,53.4476,45.9969,35.5858,34.6673,33.5605,40.0694,50.7262,63.0468,38.2947,-4.6151,-24.1083,-21.4258,-18.0681,-21.333,-20.4857,-15.5527,-21.1429,-15.9771,-23.528,-26.3613,-25.0321,-27.0635,-26.5683
2026-07-20,-26.6515,-23.2712,-15.1809,-5.8607,-4.1862,-3.2097,-2.0685,-0.8826,-6.7853,-14.322,-21.3318,-29.91,-20.3712,-26.6765,-21.0096,-18.3749,-21.6708,-12.9516,-21.2013,-14.3969,-11.2609,-3.9841,-8.9281,-3.2357,-2.4551,-2.3765,0.3788,2.6256,3.1334,6.43,6.5141,2.6218,-2.7811,2.974,3.8216,-7.179,-6.8797,-3.1363,-10.4782,-4.0682,-6.1751,-10.2635,-16.5659,-27.5544,-27.6043,-25.8447,-25.8542,-23.6125
2026-07-21,-26.2247,-25.7347,-25.7571,-26.0608,-25.2962,-20.6484,-27.9668,-24.4481,-23.7217,-28.704,-35.7754,-35.9717,-39.2366,-41.4101,-30.2292,-31.5227,-35.3697,-26.7476,-30.0912,-33.3482,-38.1139,-38.9568,-42.4585,-40.2649,-38.482,-35.5654,-29.0504,-29.1175,-26.5661,-21.4243,-25.6602,-16.9521,-15.3032,-12.6797,-3.4473,2.1477,-14.7207,-18.4206,-24.095,-21.4695,-15.702,-24.4701,-33.1247,-31.9859,-34.3999,-18.4487,-27.6808,-27.8407
2026-07-22,-20.1716,-21.5403,-22.8574,-24.7134,-21.6121,-24.3302,-19.0624,-23.8262,-19.0474,-19.7458,-28.149,-30.4619,-35.8782,-46.0953,-23.9759,-23.6089,-28.276,-26.8953,-28.9678,-32.9834,-42.4787,-48.4794,-50.3413,-49.8544,-46.3289,-50.0192,-52.9165,-56.6811,-55.6814,-57.6233,-52.0767,-50.5395,-42.7593,-37.6224,-30.3283,-30.3242,-21.4116,-18.7456,-5.357,-4.8796,-14.5648,-14.6632,-27.8082,-31.0127,-33.8299,-35.4793,-40.8649,-23.9583
2026-07-23,-17.7388,-15.4085,-12.8657,-13.6362,-16.5014,-17.2624,-11.7278,-11.1089,-10.327,-8.132,-12.1187,-16.5714,-10.55,-13.1904,-11.5042,-21.4185,-12.2473,-14.6765,-18.1713,-20.7395,-19.2231,-16.0344,-8.8148,-8.3182,-5.4388,-3.3334,-4.7645,-4.1437,-4.7433,-8.2101,4.1926,4.951,5.403,9.0782,17.9463,11.2693,8.0578,-3.6648,-4.5888,-3.3312,-13.525,-4.7373,-14.6779,-15.149,-14.1756,-15.2985,-25.4663,-22.3795
2026-07-24,-25.8198,-23.9029,-22.4863,-27.8103,-30.821,-26.8267,-23.6135,-27.5159,-31.4832,-27.0787,-40.4868,-40.2847,-46.757,-52.1939,-22.945,-31.1478,-22.2657,-14.7302,-14.8346,3.8445,11.0604,15.4911,13.4587,19.8139,17.4655,10.3391,0.9034,-8.5023,-7.9029,-12.7678,-32.4959,-38.708,-44.0818,-38.5606,-42.1093,-21.3298,-33.4957,-31.0331,-42.6949,-45.4595,-47.7388,-46.2894,-41.8385,-33.379,-24.4613,-23.181,-29.218,-28.9414
2026-07-25,-23.88,-46.325,-45.285,-42.8408,-50.8014,-38.5575,-38.4256,-37.6066,-38.0737,-27.7141,-34.7768,-43.0066,-28.8939,-30.8643,-16.7568,5.5964,34.4406,31.4121,27.4744,13.4227,7.4093,6.7832,7.3612,9.3346,10.1818,13.301,20.6492,18.2809,14.4867,9.2871,13.2598,15.3562,24.3563,-5.315,-14.2698,-20.3393,-38.2242,-40.7411,-50.052,-56.6204,-52.5846,-44.7015,-36.338,-34.3766,-23.2036,-23.7888,-21.1175,-18.7413
2026-07-26,-17.0251,-14.8753,-13.0373,-10.1925,-10.5713,-10.1941,-0.2397,1.566,8.7728,10.7599,16.1347,21.6957,34.1946,39.1979,62.7597,71.8892,71.676,77.6615,84.4494,82.5261,83.1391,73.4153,55.1012,41.4175,52.9979,45.1907,42.1484,37.263,35.5393,36.943,39.458,43.228,49.9912,17.573,-30.8613,-38.6632,-49.336,-38.4361,-40.1419,-43.7329,-48.1039,-46.9101,-38.738,-36.0079,-27.8883,-25.4754,5.0872,9.5713
2026-07-27,11.8153,9.97,10.0894,7.7849,4.4084,3.9947,87.075,87.2315,92.5236,94.0061,95.7773,101.7719,13.0457,5.3185,-39.1079,-34.3288,-36.8201,-37.041,-43.7364,-48.2417,-51.6625,-52.3965,-40.3927,-39.4387,-51.8307,-48.2533,-47.352,-49.3397,-53.8778,-51.5676,-30.4411,-20.5403,-22.4446,-20.6431,-16.7893,-6.856,-15.0225,-16.4679,-5.3827,-7.4472,-9.1244,-8.0403,-12.1336,-14.0242,-19.3685,-16.822,-24.9251,-20.3392
2026-07-28,-20.0509,-16.5537,-2.3306,-7.4166,-9.1177,-1.0935,-5.6174,-4.9675,-4.3926,-1.6744,-18.8055,-12.6665,-9.0257,-6.9547,-7.3865,-9.5506,-4.1395,-2.6339,7.9944,14.3167,20.918,18.3698,37.7376,44.1873,51.1352,55.5624,54.6732,45.9217,38.7446,27.6897,-3.0428,-10.0482,-13.9828,3.3457,-17.426,-4.7159,-16.6403,-9.2375,-20.86,-20.5959,-26.1834,-30.1472,-30.8164,-32.3621,-20.9736,-20.0707,-9.194,-12.9155
2026-07-29,-10.2545,-11.6787,-8.5206,-6.9893,-9.0802,-8.8695,-7.1925,-9.9828,-4.9242,-4.2596,-13.1311,-12.4098,-9.9037,-12.9918,-5.0078,-7.7268,0.501,-3.0767,-9.3276,-10.2548,-15.3893,-16.7214,-21.368,-28.6589,-23.6724,-27.7905,-27.3482,-26.6303,-28.4901,-30.1688,-32.7303,-33.1789,-20.4719,-15.3471,0.3762,-2.8856,-10.5494,-17.9382,-6.3362,-3.6448,-11.5894,-35.7932,-10.5956,-8.039,1.1029,-1.0025,5.068,0.8521
2026-07-30,-4.2059,-5.3491,-6.2997,-8.7802,-6.6244,-7.163,-10.0799,-10.0761,-6.8559,-7.75,-14.7592,-12.4698,-9.8794,-11.6879,-12.8979,-14.8447,-19.4876,-15.9118,-23.8185,-31.0552,-33.6431,-34.9084,-38.0215,-36.7395,-41.3356,-38.859,-42.1901,-41.5403,-42.5284,-46.5726,-51.8737,-51.2301,-48.0869,-40.5016,-34.5015,-20.0572,-9.584,-10.7745,-19.757,-18.0468,-12.6796,-11.7198,-20.999,-23.7502,-13.9043,-20.7714,-25.0262,-10.3361
2026-07-31,-14.9815,-10.6742,-11.6843,-8.9378,-12.4572,-15.702,-19.917,-15.921,-8.3545,-7.0094,-11.0729,-16.6986,-20.735,-22.7591,-16.0506,-16.8692,5.1746,-0.8771,-5.7729,-12.185,-16.2616,-10.1124,-16.4266,-19.2331,-17.4865,-23.2983,-25.0042,-24.2101,-20.1903,-30.0036,-22.2442,-22.2027,-25.5867,-18.5093,-28.8144,-22.0374,-17.6262,-19.2525,-8.6326,-1.8603,-5.8134,-5.1184,-12.7898,-15.6238,-18.1014,-22.377,-25.1291,-24.4177
2026-08-01,-27.349,-25.1798,-23.587,-29.5955,-24.2195,-29.2564,-24.9837,-22.7164,-27.0447,-34.5524,-38.2843,-40.596,-34.0546,-44.577,-47.0531,-56.4385,-61.5604,-59.4874,-49.0133,-35.7149,-17.5448,-12.5616,11.4105,11.4311,23.8623,20.6322,19.0218,18.9323,15.9845,26.547,12.0539,5.532,-28.0345,-12.9032,-19.6877,-13.979,-23.606,-21.7993,-21.6568,-30.7644,-24.6627,-24.0192,-29.4817,-29.2516,-24.3099,-25.6368,-31.7115,-33.0177
2026-08-02,-30.7107,-32.0267,-30.369,-30.8468,-30.5673,-29.4104,-39.5805,-40.5474,-38.5243,-42.8967,-32.8507,-33.7328,-26.4241,-46.6606,-50.7419,-54.8595,-63.1852,-52.6363,-51.1816,-47.7233,-43.0223,-38.2981,-46.978,-31.855,-24.5859,-28.4949,-20.8484,-25.3819,-26.179,-32.2636,-41.6017,-46.7708,-27.0073,-19.2336,-8.2305,-17.2744,-23.323,-14.8985,-26.4306,-27.1165,-30.6644,-22.065,-20.7992,-18.12,-12.7359,-6.4993,-1.8984,-2.0659
2026-08-04,-21.9988,-16.1904,-11.4415,-9.6963,-9.0567,-10.4191,-16.5486,-16.8898,-8.2516,-7.3796,-9.7535,-12.8062,-14.7517,-22.9483,-15.7109,-15.8976,1.7241,-8.5714,-0.0889,-4.5646,-11.2114,-10.6122,-11.797,-11.1391,-11.3196,-13.2484,-9.9811,-10.7018,-16.1376,-17.1518,-30.9948,-30.9655,-30.1804,-18.6205,-6.6764,-0.9912,8.2528,9.4749,-18.6025,-18.438,-24.4702,-23.1456,-26.8778,-18.7757,-10.1148,-4.8738,-15.9334,-22.3831
2026-08-05,-26.8755,-32.4629,-26.2439,-30.4385,-29.9736,-28.3703,-29.2709,-28.4717,-25.5169,-16.591,-10.8886,-3.962,6.8477,4.2303,-7.499,-8.547,-13.3931,-26.4024,19.8317,-3.044,-0.3288,10.4403,8.1861,12.7641,19.5098,20.1335,18.5523,14.6682,17.0254,19.1536,18.198,24.495,23.0338,35.984,-10.4124,-4.2108,-26.9371,-31.7579,-38.729,-37.4538,-42.5952,-42.5065,-34.2073,-35.3704,-30.4024,-30.1167,-30.7904,-34.1626
2026-08-06,-33.4211,-38.8999,-43.9256,-46.2236,-44.27,-44.1467,-40.8487,-43.5344,-33.6996,-33.916,-32.6983,-41.3002,-47.9389,-56.5269,-50.0421,-46.2724,-19.8845,-29.0969,-13.2015,3.9806,9.5006,21.3641,10.5584,-0.2747,-5.2537,-4.0457,-7.4572,-7.6583,-7.7825,-7.7415,-4.7692,-10.4506,1.8947,6.7606,26.1627,21.7507,18.647,20.5602,7.2352,4.5312,-3.3119,-3.3752,-12.7019,-8.6827,-8.0149,-8.005,-19.1745,-19.0491
2026-08-07,-14.5044,-10.4584,-6.0347,-4.8587,-6.5845,-4.7377,-7.0166,-7.176,-9.8447,-3.6769,-1.5987,-8.3452,-13.006,-22.3,-6.9822,-24.4038,-24.2661,-18.8055,-9.6766,4.8178,5.7944,5.336,5.0017,10.7954,15.8931,17.8126,9.8703,3.3307,3.268,3.6176,-6.8611,-5.8668,-5.4661,5.1391,-6.6537,-1.2126,-6.1116,-1.1261,-27.7047,-25.3972,-30.1115,-31.0121,-28.2823,-26.9109,-20.9627,-19.0597,4.0934,-2.882
2026-08-08,-4.5354,-13.4842,-8.3501,-10.1148,-11.4421,-13.1274,-19.016,-20.753,-16.9149,-17.5385,-5.6254,-15.9389,-5.4587,-11.3787,5.7273,-1.2299,15.6234,16.8202,42.6554,47.0156,46.5417,44.7208,38.4829,37.0473,34.8785,34.5274,35.0819,32.8079,27.358,27.2544,15.8907,15.8406,-10.1982,-28.7623,-42.3646,-38.9028,-42.7652,-48.2758,-53.747,-60.1505,-59.9421,-56.0106,-40.6009,-38.8547,-31.3754,-25.4438,-16.9864,-24.7287
2026-08-09,-16.9669,-22.5462,-19.3311,-22.2468,-18.2487,-18.9851,-36.5699,-32.7567,-25.6368,-27.8874,-13.4133,-23.519,-16.4645,-23.4377,-11.7177,-9.6107,21.5433,28.7212,35.7009,43.6892,44.6966,47.8313,48.873,50.1911,53.57,53.5977,47.376,38.3348,19.2762,9.4906,-19.2379,-28.3904,-35.4179,-24.6321,-28.4986,-11.8822,-24.913,-17.4539,-21.4554,-24.2954,-20.4725,-22.656,-10.255,-9.2408,-8.7412,-6.1662,-2.9499,-2.1072
2026-08-10,1.2155,-0.8318,-9.2904,-7.0912,-3.2742,-3.9683,-12.3691,-11.6889,-9.7796,-5.5388,4.8002,-4.2415,-8.1651,-13.3406,-24.0457,-30.6469,-16.6394,-20.6535,-5.9487,-4.0021,-2.9384,-2.3403,3.007,1.4919,4.9553,7.5202,1.8945,12.3625,15.5224,19.5451,24.4944,27.1769,36.2767,30.1313,27.3913,15.7972,14.0956,0.9472,-0.74,-1.2626,4.9185,-9.464,-2.3544,-8.2537,-8.4781,-19.1226,-19.2536,-9.1284
2026-08-11,-9.2841,-15.8378,-18.0078,-17.7224,-18.6147,-14.694,-21.293,-20.5338,-28.0983,-19.3298,-5.2901,-15.0868,-10.0211,-16.9012,-34.5089,-22.6446,-27.8307,-22.4093,-21.0811,-18.8075,-22.4149,-20.5751,-1.2453,-7.4978,-5.6226,-9.1082,-6.6233,-5.6658,-6.1853,-11.393,-11.0431,-3.5377,-2.3977,-1.0948,-34.1652,-22.487,-36.1953,-29.5425,-36.7558,-36.4484,-38.2073,-42.5983,-30.2114,-24.0472,-27.0159,-19.6293,-21.6198,-22.0319
2026-08-12,-23.5809,-26.7943,-40.0881,-32.9723,-27.4478,-25.7002,-25.212,-22.7675,-17.8035,-13.5125,0.9828,-21.4629,-16.0428,-22.3219,-15.9642,-24.6923,-12.5774,-11.8655,-28.8234,-23.7382,-29.376,-30.694,-49.1501,-52.5956,-52.966,-51.0919,-50.0482,-43.6518,-39.1788,-40.2775,-38.5156,-34.4873,-21.331,-3.017,-32.1404,-27.3276,-54.8574,-73.9499,-58.9542,-40.8327,-2.5111,-2.1394,11.4309,10.8689,2.5975,-4.0208,3.0232,-1.4822
2026-08-13,-5.477,-3.975,-1.9288,-2.468,0.6367,0.1616,1.7074,-0.2909,2.7002,4.1099,20.6728,9.8094,3.4578,2.6551,2.7744,4.7569,5.5076,13.1315,8.9065,10.7155,7.7941,13.7871,8.8799,0.7111,-0.9942,-4.9194,-9.4542,-20.0575,-10.8165,-14.9424,-22.307,-19.9928,-16.0284,-21.132,-30.0891,-46.3358,-49.3175,-46.6,-38.9285,-37.7308,-21.9567,-19.5034,-1.5478,-2.4605,-10.3902,-11.5481,-26.2907,-20.8623
2026-08-14,-17.2919,-18.6635,-26.1256,-20.5189,-6.7153,-4.2476,-2.8444,-4.0347,-7.176,-4.2054,9.125,4.8089,6.7388,5.3483,7.4981,4.899,7.5918,12.1404,13.3916,12.4074,9.6798,10.6193,6.9068,0.5776,-3.1405,-1.959,-2.8816,-1.1558,2.6148,-0.6145,7.6455,2.8824,-8.8031,-17.2141,-46.0616,-38.3683,-40.953,-35.0181,-20.2072,-30.2759,-23.568,-24.5334,-11.0442,-1.1519,-9.232,-12.699,-0.9012,-8.7159
2026-08-15,-11.4811,-12.7248,-17.5317,-11.5281,-17.7404,-22.0581,-24.9003,-21.4135,-18.8199,-9.9075,6.6983,-7.6118,-6.5242,-13.7563,-23.9631,-38.0706,-41.224,-35.3846,-46.4899,-53.0123,-57.5988,-61.3367,-58.8787,-54.4625,-47.9901,-43.4235,-42.0264,-42.0929,-44.5386,-43.6884,-42.1783,-36.9341,-40.1466,-22.0398,-28.0348,-31.0277,-26.231,-22.5566,-24.5424,-27.7008,-24.5463,-27.2475,-18.7559,-20.4572,-25.3999,-23.6694,-22.6334,-19.9446
2026-08-16,-24.0663,-21.6163,-16.3062,-14.7914,-12.7843,-18.6764,-28.1522,-28.8128,-17.7288,-19.6373,-5.4322,-8.1127,-7.1383,-7.0031,-13.079,-29.135,-26.7157,-33.4773,-38.3976,-37.7642,-39.9811,-40.0519,-28.6402,-26.2546,-19.5939,-12.5137,-12.0805,-3.1295,-3.793,-0.9779,3.2351,2.4342,-4.6336,-14.611,-34.9211,-34.9919,-27.753,-27.3757,-31.5917,-26.4845,-31.4746,-30.5625,-22.9233,-23.4042,-31.6234,-23.3847,-31.7172,-33.4262
2026-08-17,-36.8939,-36.0673,-33.5731,-29.9673,-30.1148,-31.0091,-30.7076,-33.9611,-25.7483,-23.7919,-26.0151,-31.5278,-41.691,-39.3915,-42.4797,-41.5207,-38.6483,-31.1559,-18.0883,-16.3464,-9.743,-10.1214,0.9707,-2.3185,-6.1605,1.962,6.835,9.4407,7.0604,0.5684,-2.3924,-7.372,-1.6268,0.0353,-2.2391,-12.2903,-4.4745,2.496,3.7124,5.4471,7.2262,6.434,-8.9162,-6.3481,-15.1056,-10.6448,-23.2349,-12.9356
2026-08-18,-18.7538,-10.8877,-27.7921,-33.357,-24.6953,-21.615,-23.0156,-31.4617,-26.2598,-22.4965,-14.4881,-26.0273,-28.7108,-22.1998,-47.6857,-46.6317,-45.1472,-45.449,-36.8431,-39.3516,-35.4449,-37.5089,-46.5916,-49.711,-49.7206,-50.4953,-60.11,-59.8928,-63.0253,-64.9039,-62.8122,-57.3541,-45.4486,-42.2117,-51.9675,-52.8741,-39.3848,-29.2718,-27.4427,-28.0251,-32.1777,-31.9694,-34.9676,-40.8395,-53.8652,-59.8113,-56.9944,-57.8309
2026-08-19,-50.5647,-50.6941,-44.6487,-46.663,-43.6807,-41.5677,-46.7337,-45.5004,-39.4035,-37.7,-29.9673,-33.2822,-33.358,-24.4662,-34.062,-40.4614,-25.436,-30.1363,-12.1352,-13.5533,-14.3238,-15.6619,-13.0442,-14.2243,-25.3707,-29.031,-30.6904,-31.6247,-28.3058,-32.3079,-41.2041,-39.4296,-39.5661,-27.9912,-21.3684,-22.5018,-12.001,-13.1803,-12.0165,-5.0904,-4.7314,-8.4471,-3.7241,-2.941,-11.9743,-15.8856,-7.4711,-22.2929
2026-08-20,-21.9939,-21.7673,-24.3435,-21.617,-20.7197,-24.2482,-34.867,-33.1045,-24.1259,-23.1431,-14.1926,-16.1783,-21.9211,-17.8818,-12.8534,-29.9136,-20.2897,-28.4575,-23.8584,-23.4294,-25.8602,-29.3574,-40.3142,-41.6523,-43.3927,-44.0792,-45.245,-41.6696,-41.2271,-43.7643,-40.4985,-36.4073,-32.015,-20.623,-5.4049,-4.3046,2.1922,8.5931,5.8977,5.4871,-8.4204,-9.6485,-11.2285,-17.8448,-27.4336,-30.1656,-21.6677,-30.665
2026-08-21,-17.2491,-29.586,-16.6565,-17.804,-18.9136,-18.4902,-21.5704,-22.3925,-16.9815,-18.4905,-20.2563,-13.1197,-23.1373,-15.1646,-21.8508,-24.2834,-9.9381,-9.9854,-15.5655,-22.9552,-22.5072,-25.1187,-32.4991,-35.1317,-30.8436,-30.223,-29.8723,-28.2985,-34.2709,-33.1331,-33.6222,-26.4251,-29.3696,-13.2601,9.0401,5.2308,-2.2269,-8.6025,-5.2647,-6.9125,2.0261,0.8113,9.5198,0.8076,-5.2249,-8.0959,-10.8735,-10.3712
2026-08-22,-5.9399,-5.9562,-13.0039,-14.7015,-8.6605,-10.1213,-7.4211,-3.5687,1.4839,3.4022,29.9234,27.3354,27.0163,29.3386,16.9178,9.9396,3.1558,4.1488,12.4322,24.0135,37.947,55.3737,67.3153,70.863,75.9991,79.3478,85.1582,84.4769,85.4563,86.1974,77.8417,68.4471,76.9845,57.7659,28.4086,23.2849,-1.761,0.8037,-4.49,-10.9403,-9.6187,-5.5607,-6.4873,-8.3276,-1.9073,-9.4703,-0.3449,0.294
2026-08-24,,,-4.3027,-7.4441,-6.9763,-10.4084,-11.3592,-12.4231,-18.2591,-19.6335,-15.3619,-14.234,-9.439,-3.6443,-15.6192,-14.0953,-19.1129,-13.8022,-19.567,-14.3481,-20.9891,-30.0596,-30.0329,-34.4758,-29.8236,-25.2819,-19.7798,-17.0921,-8.5267,1.3574,-2.4049,2.9361,-13.1876,-3.5525,-5.7571,-2.7459,-12.0146,-8.1171,-9.1562,-10.842,-8.8218,-9.297,-5.9448,0.2519,-6.3136,-12.762,-14.8847,-21.742
2026-08-25,-14.9511,-18.8819,-19.2285,-17.8659,-29.8835,-30.0938,-30.7862,-30.9297,-23.8482,-16.9436,-15.3327,-8.2281,-17.9843,-9.8593,-25.0525,-25.301,-30.107,-19.852,-20.9014,-21.4619,-23.9575,-20.441,-33.942,-38.4961,-38.5145,-32.7163,-33.6661,-25.1584,-27.2089,-29.4074,-27.1174,-34.5811,-49.6968,-51.4797,-47.5776,-41.8823,-30.2695,-22.4594,-17.6368,-18.4526,-15.6018,-18.76,-19.5255,-18.6029,-20.8529,-21.4295,-40.1494,-38.0396
2026-08-26,-21.5084,-24.1533,-32.577,-35.8631,-37.0911,-41.7737,-43.7815,-40.9369,-32.1597,-24.7421,-17.6102,-17.4988,-36.6589,-29.7525,-41.5293,-53.1448,-30.918,-28.9129,-35.3746,-40.2824,-39.6454,-39.3163,-28.3417,-33.7923,-33.833,-35.828,-40.1345,-35.9333,-32.8051,-30.6393,-36.9648,-36.4891,-31.8524,-32.2082,-46.6514,-42.9305,-39.0988,-35.3679,-15.5348,-2.5067,5.4309,3.1161,3.1926,-0.631,-7.3667,-13.167,-8.4624,-12.2443
2026-08-27,-10.0024,-8.5458,-10.1188,-13.4134,-9.002,-12.889,-17.7382,-17.8633,-6.3707,-0.286,-5.7027,-13.1319,-17.4255,-4.9502,-28.9904,-32.7293,-45.937,-39.7949,-46.8696,-53.1289,-52.9516,-54.5714,-47.742,-45.9743,-49.9092,-53.9414,-58.2616,-56.447,-53.513,-52.3995,-54.9722,-53.0715,-46.4796,-49.7755,-58.7572,-56.4871,-46.791,-39.8715,-25.8334,-22.9523,-18.5671,-20.3424,-15.1891,-17.4523,-12.4558,-18.4285,-21.8506,-26.7722
2026-08-28,-24.3948,-21.5422,-15.6401,-17.5282,-14.4914,-10.2757,-17.4869,-13.313,-5.3714,-20.4239,-9.9626,-12.2437,-12.9745,-3.9816,-13.4187,-11.9821,-15.1541,-6.0692,-12.484,-8.0902,-14.2402,-20.819,-33.8016,-33.4867,-46.652,-47.4676,-34.3454,-27.3813,-22.3467,-16.555,-5.2622,-17.1833,-24.1107,-18.226,-0.8883,0.424,-5.8372,-2.7177,-4.0167,2.804,8.6084,5.9861,10.2653,-1.7578,-12.7849,-7.9338,7.3057,5.3031
2026-08-29,0.5995,1.2431,8.3548,7.7156,10.0602,10.698,10.9647,10.4718,26.5065,26.402,50.3116,53.1091,48.7179,61.7506,27.5136,28.3223,5.9568,6.0273,-18.4745,-22.4938,-22.4867,-28.9556,-36.5657,-39.9727,-35.47,-30.6892,-28.2987,-18.5004,-17.5807,-22.1971,-19.9273,-24.1378,-17.9812,-19.0042,-4.6217,0.1745,-2.523,0.8285,-5.5708,-3.1636,-2.9973,13.7352,23.2572,20.3397,1.2779,-1.6593,-10.5529,-21.8354
2026-08-30,-29.2405,-33.2515,-41.1945,-44.6115,-46.8221,-48.5416,-45.7183,-35.0568,-24.8039,-23.6193,2.3935,-0.2006,-6.3845,-0.572,-31.5268,-37.7893,-57.8544,-55.4016,-64.7693,-65.7316,-63.5147,-62.6477,-63.8104,-67.1177,-65.932,-68.7245,-61.9345,-65.6928,-69.4111,-71.299,-58.9925,-51.4511,-38.9928,-34.4975,-17.3304,-17.9549,-31.1642,-28.8457,-30.9313,-27.8037,-26.5427,-36.7717,-28.3705,-26.4787,-31.4413,-26.6432,-24.3441,-27.587
2026-08-31,-25.3317,-27.4074,-27.4153,-30.1405,-33.5105,-35.3038,-31.6847,-31.3968,-24.8259,-28.0868,-23.965,-25.1073,-35.714,-29.104,-41.0874,-42.1253,-41.6446,-36.5965,-18.7428,-0.677,-4.2787,6.021,-0.264,-6.7028,-7.6998,-19.4014,-32.9417,-52.2602,-59.6118,-64.0031,-91.8706,-86.6085,-79.7489,-57.0172,-35.3751,-37.7991,-48.2354,-36.2293,-38.0384,-41.1533,-39.9362,-40.4822,-23.4812,-12.2805,-28.3735,-21.3124,-42.6083,-39.6169
2026-09-01,-40.2636,-37.9814,-27.1083,-20.8747,-16.9379,-12.606,-20.8694,-27.8638,-16.73,-20.1761,-30.0075,-27.376,-24.1864,-23.025,-4.2588,-2.585,-7.0502,-3.9844,-13.1326,-4.6415,20.8955,21.4174,26.397,22.9114,24.7732,23.1918,27.2387,28.6719,29.8396,24.4188,8.2045,-6.0557,-33.3196,-8.6685,-14.5017,1.8289,-18.6825,-9.0221,-20.1891,-24.6897,-21.6081,-23.98,-28.4307,-27.9943,-24.7158,-22.8302,-48.3971,-50.3062
2026-09-02,-51.3494,-54.3067,-49.0077,-49.7382,-48.5082,-50.2674,-49.3674,-55.9506,-37.3021,-37.3815,-24.1612,-27.9343,-22.3176,-10.3695,-2.4644,-1.8015,-1.687,1.87,-4.5103,-11.0661,-23.2506,-21.377,-12.5114,-23.4585,-20.2812,-13.8616,-7.4983,-10.382,-5.4664,-8.3419,-13.6297,-9.8394,-18.0167,-13.6441,-19.4,-19.7391,-11.527,-3.3933,-8.1788,-4.3168,0.4076,-3.893,-3.551,-13.573,-23.5772,-36.0962,-43.96,-50.2027
2026-09-03,-46.9505,-49.4517,-52.722,-54.0543,-53.9618,-48.098,-51.7261,-51.8426,-38.6621,-33.2902,-22.3341,-27.0029,-32.7968,-25.7535,-26.2071,-35.9042,-39.6862,-38.824,-20.3061,-19.6965,-13.159,-8.202,21.7256,26.4557,42.1502,48.0633,59.9133,62.429,65.7625,61.84,43.7989,26.4732,-9.6521,-24.6964,-33.633,-31.1996,-3.8918,-0.1807,2.3784,-7.3422,-8.2879,-20.8756,-30.7195,-15.0652,-28.9704,-30.0695,-43.966,-46.1918
2026-09-04,-55.6912,-58.0622,-51.3177,-50.5703,-51.1943,-45.2196,-50.9945,-41.5556,-18.116,-14.8139,-1.9965,5.7284,-1.5136,2.2421,-16.4456,-24.9446,-29.2979,-15.8028,19.0368,50.8208,38.6951,31.7859,17.1485,7.8291,6.3342,2.1128,-3.6489,-14.5825,-16.6559,-15.6444,-10.4352,1.0815,9.8865,13.3444,-3.3353,4.4237,21.6804,22.8152,29.2899,34.1279,38.1788,32.0349,36.8159,40.2949,39.3227,39.6457,62.6199,61.2336
2026-09-05,58.8702,56.5158,57.7333,59.878,65.4042,68.0826,69.8231,71.9474,88.5734,93.8883,110.8021,113.4165,106.7848,107.3334,89.765,79.7119,55.2146,54.0128,44.6661,37.5241,35.3154,32.3002,24.8007,26.9378,33.0749,37.5148,54.6064,65.0476,66.3243,73.6995,80.3622,52.5086,77.5022,41.8363,-17.3131,-19.6952,-19.7922,-23.8781,-32.7976,-31.8426,-35.96,-38.2515,-38.4275,-39.1323,-36.4705,-29.4016,-18.2556,-15.3114
2026-09-06,-22.0259,-18.331,-29.7526,-23.6148,-12.341,-2.6894,-2.4023,9.9035,13.3778,24.2256,43.5793,40.934,42.9466,53.6961,77.1738,82.9799,84.2558,77.5985,69.6439,62.5211,58.0201,48.7051,40.03,36.7723,38.646,25.1132,19.1519,12.2674,8.5756,4.4778,5.6588,5.8513,-51.9315,-64.2403,-81.4345,-73.7108,-71.1856,-66.7063,-67.0525,-69.6105,-72.389,-67.8394,-51.8864,-53.3576,-48.7923,-44.822,-36.9583,-35.3291
2026-09-07,-43.8035,-37.3115,-42.3388,-39.0923,-43.984,-37.3203,-39.6583,-32.7134,-22.7999,-13.7132,-11.3795,-19.9028,-7.4318,7.9643,2.5436,6.7575,-15.1486,-6.359,-7.8017,-28.9408,-40.5269,-48.2653,-52.7377,-33.6115,-26.0418,-38.1855,-42.693,-48.1447,-34.0118,-37.5775,-26.8827,-17.491,-7.7046,-8.8562,-36.6452,-29.9461,-25.5302,-24.4807,-18.7325,-18.9888,-6.0573,-12.3657,-18.9118,-17.8135,-15.3217,-17.6066,-33.0846,-34.722
2026-09-08,-38.2663,-41.7592,-58.5795,-60.8542,-65.5844,-56.7081,-42.3255,-27.8004,-32.2887,-36.2661,-29.5145,-27.8998,-38.4358,-42.9926,-48.1494,-48.7886,-32.9452,-47.5271,-73.8612,-89.6682,-106.7619,-117.7912,-123.6559,-125.0543,-122.9838,-120.5963,-99.6429,-78.9545,-83.5693,-80.1142,-51.3604,-61.3497,-55.6514,-45.2491,-27.2678,-17.9103,-1.4639,-6.3533,-11.9285,-3.8635,-7.1741,-11.613,-15.1085,-14.6784,-14.2338,-19.786,-12.8239,-14.3974
2026-09-09,-15.3161,-16.6881,-18.4395,-23.9146,-20.7357,-23.4519,-25.4793,-21.8694,-9.2199,9.7324,19.2433,-4.1334,17.5155,-6.7353,-18.1146,-28.6044,-55.5525,-56.8231,-74.6235,-68.0695,-76.7844,-70.6538,-65.5283,-63.6291,-64.7667,-58.0151,-60.5909,-48.364,-34.9125,-24.9144,-10.2833,-5.5254,-6.6079,-35.7172,-27.1369,-30.5784,-10.9047,-6.7852,13.7217,17.3717,9.4691,10.4587,-6.7479,1.4427,2.9012,-1.2077,-27.7569,-24.9087
2026-09-10,-30.0622,-30.7314,-32.9574,-27.2604,-24.8911,-21.8949,-23.4952,-31.9134,-22.0454,-8.359,-12.6057,-9.0335,-6.535,2.6758,-2.7159,2.8369,-14.4991,-14.367,-27.1936,-35.9953,-30.2282,-25.3687,-23.272,-18.1632,-1.7666,10.7729,18.3844,23.6323,15.1732,4.9452,20.4997,-1.4024,0.4408,-11.0889,-3.1123,-1.0906,11.3797,14.9772,2.2864,5.9531,1.2649,-3.2825,-12.8998,-21.7582,-31.021,-37.4744,-56.3973,-50.0535
2026-09-11,-41.9311,-40.1104,-34.0546,-36.3109,-39.7217,-39.6102,-35.5333,-38.7824,-25.8016,-18.0406,-6.6951,-12.2177,-13.8491,-6.6863,-9.9025,-17.99,-33.8136,-29.7301,-27.5285,-27.1716,-21.0368,-17.618,-21.7244,-29.3522,-31.0755,-37.2623,-47.7481,-53.4473,-56.3319,-51.1119,-41.5728,-35.904,-28.4767,-24.8041,-22.2216,-22.5838,-15.5689,-8.8402,7.4965,4.3273,6.5415,3.233,-6.7782,-13.9282,-24.0837,-30.0153,134.5683,129.7725
2026-09-12,125.1819,121.9849,-71.9549,-54.3896,-51.2488,-36.5121,-59.6569,-52.6561,-54.5908,-51.0866,-42.2051,-40.268,-48.1803,-19.5625,-15.1098,-11.4533,-7.4771,0.1307,19.9023,19.7961,21.1616,12.8487,7.7936,10.1281,6.1632,5.0677,9.9403,16.1038,38.65,56.5514,60.5587,60.3469,50.2391,27.439,8.768,-8.9918,-15.4132,-19.1858,-19.5521,-20.0261,-19.6952,-28.7927,-34.365,-32.2207,-42.0075,-44.3837,-42.0258,-44.9458
2026-09-13,-44.6883,-51.8251,-49.4154,-52.111,-53.0519,-56.5241,-56.5102,-60.8261,-57.0467,-55.8805,-33.0384,-29.8479,-29.1882,-21.2803,-19.8255,-11.9428,-25.6004,-44.8086,-41.1171,-41.2348,-39.6228,-39.1811,-41.5229,-38.5752,-47.9907,-40.1631,-37.1135,-27.2405,-26.3575,-39.8474,-57.0984,-41.3359,-44.4437,-64.9625,-56.4352,-51.9534,-45.791,-38.2444,-35.3382,-24.1821,-30.3809,-30.4392,-33.7821,-32.4182,-46.3508,-38.13,-39.3092,-28.2068
2026-09-14,-35.7507,-35.5958,-37.1374,-35.7125,-35.6641,-40.2337,-43.1215,-39.2093,-38.9016,-32.8413,-31.7714,-33.5715,-24.0129,-15.4972,-27.3097,-20.687,-21.9987,-20.8073,-15.0916,-8.0676,-11.3462,-17.8788,-30.8491,-24.8798,-24.1552,-11.9857,-11.993,-11.6061,-10.5045,-15.0224,-11.648,-9.9477,4.0217,-4.9537,-29.4069,-20.1345,-15.014,-13.6434,-25.2722,-14.7783,-17.9744,-23.7441,-37.6056,-42.4444,-49.9907,-62.5927,-69.8062,-69.9672
