date,method,mae,rmse,cheap_hits,peak_hits,n_periods,n_train_days,staleness_days
2024-08-04,naive,23.45,29.31,3,0,46,1,1
2024-08-04,mean_7,23.45,29.31,3,0,46,1,1
2024-08-04,mean_90,23.45,29.31,3,0,46,1,1
2024-08-04,weekday,23.45,29.31,3,0,46,1,1
2024-08-05,naive,43.16,47.5,0,0,48,1,1
2024-08-05,mean_7,34.32,40.74,0,0,48,2,1
2024-08-05,mean_90,34.32,40.74,0,0,48,2,1
2024-08-05,weekday,34.32,40.74,0,0,48,2,1
2024-08-06,naive,20.91,27.59,1,0,48,1,1
2024-08-06,mean_7,16.5,19.87,0,0,48,3,1
2024-08-06,mean_90,16.5,19.87,0,0,48,3,1
2024-08-06,weekday,20.91,27.59,1,0,48,1,1
2024-08-07,naive,14.62,18.45,2,0,48,1,1
2024-08-07,mean_7,8.54,11.22,3,2,48,4,1
2024-08-07,mean_90,8.54,11.22,3,2,48,4,1
2024-08-07,weekday,9.84,13.12,3,3,48,2,1
2024-08-08,naive,20.18,23.36,0,0,48,1,1
2024-08-08,mean_7,14.96,16.69,0,0,48,5,1
2024-08-08,mean_90,14.96,16.69,0,0,48,5,1
2024-08-08,weekday,18.44,22.62,0,0,48,3,1
2024-08-09,naive,52.93,60.35,0,0,48,1,1
2024-08-09,mean_7,43.57,49.13,0,2,48,6,1
2024-08-09,mean_90,43.57,49.13,0,2,48,6,1
2024-08-09,weekday,42.32,50.06,0,2,48,4,1
2024-08-10,naive,15.77,19.73,0,3,48,1,1
2024-08-10,mean_7,45.05,50.01,0,3,48,7,1
2024-08-10,mean_90,45.05,50.01,0,3,48,7,1
2024-08-10,weekday,53.57,59.79,0,1,48,2,1
2024-08-11,naive,62.7,67.54,0,1,48,1,1
2024-08-11,mean_7,26.97,31.47,0,1,48,7,1
2024-08-11,mean_90,24.36,29.02,0,1,48,8,1
2024-08-11,weekday,28.12,30.59,1,0,48,3,1
2024-08-12,naive,46.79,55.91,0,3,48,1,1
2024-08-12,mean_7,25.71,28.25,3,3,48,7,1
2024-08-12,mean_90,29.48,32.64,1,3,48,9,1
2024-08-12,weekday,26.47,28.94,2,3,48,5,1
2024-08-13,naive,44.22,57.9,0,0,48,1,1
2024-08-13,mean_7,28.21,36.23,0,0,48,7,1
2024-08-13,mean_90,25.39,32.48,0,0,48,10,1
2024-08-13,weekday,28.5,38.39,0,0,48,6,1
2024-08-14,naive,16.9,20.5,0,1,48,1,1
2024-08-14,mean_7,25.23,28.4,0,0,48,7,1
2024-08-14,mean_90,20.73,23.4,0,0,48,11,1
2024-08-14,weekday,20.69,23.69,0,0,48,7,1
2024-08-15,naive,31.92,42.0,0,0,48,1,1
2024-08-15,mean_7,16.03,21.16,2,4,48,7,1
2024-08-15,mean_90,18.89,25.86,1,4,48,12,1
2024-08-15,weekday,21.1,28.24,0,4,48,7,1
2024-08-16,naive,27.27,35.4,1,2,48,1,1
2024-08-16,mean_7,23.04,26.47,1,2,48,7,1
2024-08-16,mean_90,16.71,19.16,1,2,48,13,1
2024-08-16,weekday,17.52,20.29,0,2,48,7,1
2024-08-17,naive,10.94,13.62,0,1,48,1,1
2024-08-17,mean_7,15.54,18.08,2,3,48,7,1
2024-08-17,mean_90,15.83,18.76,0,3,48,14,1
2024-08-17,weekday,17.23,21.67,0,3,48,4,1
2024-08-18,naive,15.6,20.09,2,3,48,1,1
2024-08-18,mean_7,10.83,13.47,3,4,48,7,1
2024-08-18,mean_90,10.78,13.14,3,3,48,15,1
2024-08-18,weekday,13.43,15.56,2,3,48,5,1
2024-08-19,naive,25.56,30.58,0,2,48,1,1
2024-08-19,mean_7,20.59,23.7,1,2,48,7,1
2024-08-19,mean_90,24.17,26.94,0,1,48,16,1
2024-08-19,weekday,24.91,27.84,1,1,48,7,1
2024-08-20,naive,29.27,36.31,0,2,48,1,1
2024-08-20,mean_7,18.64,24.88,2,4,48,7,1
2024-08-20,mean_90,17.68,20.48,2,4,48,17,1
2024-08-20,weekday,16.59,20.35,0,3,48,7,1
2024-08-21,naive,34.89,39.74,1,1,48,1,1
2024-08-21,mean_7,46.48,49.16,1,1,48,7,1
2024-08-21,mean_90,41.41,44.09,0,1,48,18,1
2024-08-21,weekday,44.89,47.62,2,1,48,7,1
2024-08-22,naive,29.23,37.37,0,1,48,1,1
2024-08-22,mean_7,43.76,50.16,0,3,48,7,1
2024-08-22,mean_90,43.65,48.63,0,2,48,19,1
2024-08-22,weekday,47.38,54.1,0,2,48,7,1
2024-08-23,naive,13.81,17.87,2,2,48,1,1
2024-08-23,mean_7,32.8,38.4,0,2,48,7,1
2024-08-23,mean_90,33.65,38.59,0,2,48,20,1
2024-08-23,weekday,32.2,37.22,0,2,48,7,1
2024-08-24,naive,44.43,49.67,0,0,48,1,1
2024-08-24,mean_7,26.08,30.34,0,0,48,7,1
2024-08-24,mean_90,23.12,28.54,1,0,48,21,1
2024-08-24,weekday,20.5,27.71,1,0,48,6,1
2024-08-25,naive,42.16,46.81,0,0,48,1,1
2024-08-25,mean_7,29.83,33.25,1,1,48,7,1
2024-08-25,mean_90,37.81,42.06,1,2,48,22,1
2024-08-25,weekday,41.16,45.89,1,2,48,7,1
2024-08-26,naive,45.66,49.48,0,1,48,1,1
2024-08-26,mean_7,24.57,27.64,0,3,48,7,1
2024-08-26,mean_90,13.71,16.78,0,3,48,23,1
2024-08-26,weekday,17.27,20.18,0,3,48,7,1
2024-08-27,naive,15.1,20.91,0,3,48,1,1
2024-08-27,mean_7,26.2,30.46,3,4,48,7,1
2024-08-27,mean_90,20.02,24.31,1,4,48,24,1
2024-08-27,weekday,19.05,22.59,2,3,48,7,1
2024-08-28,naive,36.32,45.82,0,0,48,1,1
2024-08-28,mean_7,52.76,57.26,0,0,48,7,1
2024-08-28,mean_90,35.05,38.05,0,0,48,25,1
2024-08-28,weekday,41.61,46.84,0,0,48,7,1
2024-08-29,naive,14.45,16.99,0,1,48,1,1
2024-08-29,mean_7,52.51,56.36,1,0,48,7,1
2024-08-29,mean_90,43.17,45.56,0,0,48,26,1
2024-08-29,weekday,50.29,54.13,1,0,48,7,1
2024-08-30,naive,13.99,17.0,0,2,48,1,1
2024-08-30,mean_7,28.49,31.71,0,0,48,7,1
2024-08-30,mean_90,28.09,30.72,0,0,48,27,1
2024-08-30,weekday,32.07,35.91,0,1,48,7,1
2024-08-31,naive,9.13,11.62,0,1,48,1,1
2024-08-31,mean_7,17.61,19.78,3,3,48,7,1
2024-08-31,mean_90,24.75,26.69,4,2,48,28,1
2024-08-31,weekday,33.34,35.21,3,2,48,7,1
2024-09-01,naive,18.25,24.79,4,3,48,1,1
2024-09-01,mean_7,14.29,16.5,2,3,48,7,1
2024-09-01,mean_90,18.32,20.31,4,3,48,29,1
2024-09-01,weekday,19.24,22.17,4,3,48,7,1
2024-09-02,naive,29.56,39.56,0,0,48,1,1
2024-09-02,mean_7,20.3,24.89,0,0,48,7,1
2024-09-02,mean_90,36.95,40.64,0,0,48,30,1
2024-09-02,weekday,34.05,39.95,0,0,48,7,1
2024-09-03,naive,9.78,12.69,0,1,48,1,1
2024-09-03,mean_7,9.23,11.63,0,2,48,7,1
2024-09-03,mean_90,29.55,31.81,0,1,48,31,1
2024-09-03,weekday,17.53,19.93,0,2,48,7,1
2024-09-03,regression,8.73,10.24,0,2,48,30,1
2024-09-03,reg_demand,15.05,16.99,0,2,48,30,1
2024-09-04,naive,7.02,8.21,2,3,48,1,1
2024-09-04,mean_7,5.97,7.33,1,2,48,7,1
2024-09-04,mean_90,26.35,28.6,1,0,48,32,1
2024-09-04,weekday,7.58,9.11,1,2,48,7,1
2024-09-04,regression,11.84,13.29,1,2,48,31,1
2024-09-04,reg_demand,20.23,22.06,0,2,48,31,1
2024-09-05,naive,10.02,13.45,1,2,48,1,1
2024-09-05,mean_7,10.13,13.53,0,4,48,7,1
2024-09-05,mean_90,21.05,23.88,0,2,48,33,1
2024-09-05,weekday,9.09,12.45,0,4,48,7,1
2024-09-05,regression,14.79,17.55,0,4,48,32,1
2024-09-05,reg_demand,9.12,11.96,0,4,48,32,1
2024-09-06,naive,11.15,15.52,1,4,48,1,1
2024-09-06,mean_7,8.51,11.13,0,4,48,7,1
2024-09-06,mean_90,29.4,31.75,0,2,48,34,1
2024-09-06,weekday,5.16,6.81,2,3,48,7,1
2024-09-06,regression,22.34,25.85,3,4,48,33,1
2024-09-06,reg_demand,14.71,17.67,4,4,48,33,1
2024-09-07,naive,9.86,11.92,2,4,48,1,1
2024-09-07,mean_7,12.86,16.37,0,4,48,7,1
2024-09-07,mean_90,31.91,35.45,0,2,48,35,1
2024-09-07,weekday,35.56,40.59,0,2,48,7,1
2024-09-07,regression,9.0,11.15,2,2,48,34,1
2024-09-07,reg_demand,11.13,12.37,0,4,48,34,1
2024-09-08,naive,10.94,13.81,0,2,48,1,1
2024-09-08,mean_7,5.74,6.95,2,2,48,7,1
2024-09-08,mean_90,24.12,26.61,3,1,48,36,1
2024-09-08,weekday,25.2,27.76,3,1,48,7,1
2024-09-08,regression,4.4,5.42,2,2,48,35,1
2024-09-08,reg_demand,6.64,8.31,4,2,48,35,1
2024-09-09,naive,9.68,11.86,1,1,48,1,1
2024-09-09,mean_7,9.33,11.84,0,0,48,7,1
2024-09-09,mean_90,20.28,22.37,2,0,48,37,1
2024-09-09,weekday,8.98,11.28,0,1,48,7,1
2024-09-09,regression,23.85,27.08,2,0,48,36,1
2024-09-09,reg_demand,20.91,23.18,0,0,48,36,1
2024-09-10,naive,32.1,38.91,0,0,48,1,1
2024-09-10,mean_7,34.11,42.29,0,2,48,7,1
2024-09-10,mean_90,18.28,24.49,0,4,48,38,1
2024-09-10,weekday,33.99,41.84,0,2,48,7,1
2024-09-10,regression,28.81,32.72,2,4,48,37,1
2024-09-10,reg_demand,25.78,29.69,2,4,48,37,1
2024-09-11,naive,28.57,36.42,0,2,48,1,1
2024-09-11,mean_7,32.6,42.4,1,2,48,7,1
2024-09-11,mean_90,21.9,30.31,0,2,48,39,1
2024-09-11,weekday,33.22,43.07,1,3,48,7,1
2024-09-11,regression,24.89,27.36,0,2,48,38,1
2024-09-11,reg_demand,20.64,23.11,0,2,48,38,1
2024-09-12,naive,35.36,43.02,0,1,48,1,1
2024-09-12,mean_7,10.64,13.92,1,1,48,7,1
2024-09-12,mean_90,18.49,22.63,0,1,48,40,1
2024-09-12,weekday,10.78,13.61,1,1,48,7,1
2024-09-12,regression,24.52,29.61,2,1,48,39,1
2024-09-12,reg_demand,15.46,17.89,1,1,48,39,1
2024-09-13,naive,6.83,8.69,1,3,48,1,1
2024-09-13,mean_7,10.0,11.9,1,0,48,7,1
2024-09-13,mean_90,17.15,20.19,0,0,48,41,1
2024-09-13,weekday,10.67,12.26,2,0,48,7,1
2024-09-13,regression,12.66,15.92,2,0,48,40,1
2024-09-13,reg_demand,19.89,22.21,3,0,48,40,1
2024-09-14,naive,41.63,52.11,0,0,48,1,1
2024-09-14,mean_7,38.63,48.86,0,2,48,7,1
2024-09-14,mean_90,28.12,37.51,1,3,48,42,1
2024-09-14,weekday,27.31,36.18,1,3,48,7,1
2024-09-14,regression,29.73,36.01,1,2,48,41,1
2024-09-14,reg_demand,21.6,25.63,1,3,48,41,1
2024-09-15,naive,46.58,62.29,0,1,48,1,1
2024-09-15,mean_7,18.03,24.67,0,2,48,7,1
2024-09-15,mean_90,19.54,26.24,0,2,48,43,1
2024-09-15,weekday,24.15,31.54,0,2,48,7,1
2024-09-15,regression,16.7,23.24,2,3,48,42,1
2024-09-15,reg_demand,23.93,31.93,0,3,48,42,1
2024-09-16,naive,19.43,23.84,1,0,48,1,1
2024-09-16,mean_7,26.75,29.44,1,1,48,7,1
2024-09-16,mean_90,29.27,33.5,1,0,48,44,1
2024-09-16,weekday,19.33,22.74,0,1,48,7,1
2024-09-16,regression,8.51,13.7,1,0,48,43,1
2024-09-16,reg_demand,8.13,10.24,1,3,48,43,1
2024-09-17,naive,12.02,16.69,2,2,48,1,1
2024-09-17,mean_7,14.74,16.79,2,2,48,7,1
2024-09-17,mean_90,18.07,20.64,2,1,48,45,1
2024-09-17,weekday,9.24,11.55,0,2,48,7,1
2024-09-17,regression,6.73,8.61,2,2,48,44,1
2024-09-17,reg_demand,12.54,14.46,2,3,48,44,1
2024-09-18,naive,6.75,9.09,2,3,48,1,1
2024-09-18,mean_7,12.09,13.61,0,3,48,7,1
2024-09-18,mean_90,19.43,21.18,2,2,48,46,1
2024-09-18,weekday,9.86,11.48,0,3,48,7,1
2024-09-18,regression,6.26,7.69,3,3,48,45,1
2024-09-18,reg_demand,6.01,6.97,1,2,48,45,1
2024-09-19,naive,6.48,8.02,0,3,48,1,1
2024-09-19,mean_7,11.82,13.51,0,3,48,7,1
2024-09-19,mean_90,22.94,25.67,1,1,48,47,1
2024-09-19,weekday,13.61,15.98,0,3,48,7,1
2024-09-19,regression,7.31,8.99,1,2,48,46,1
2024-09-19,reg_demand,5.15,6.32,0,3,48,46,1
2024-09-20,naive,14.86,17.98,0,2,48,1,1
2024-09-20,mean_7,8.36,11.26,0,2,48,7,1
2024-09-20,mean_90,11.43,13.89,0,3,48,48,1
2024-09-20,weekday,9.27,12.91,2,2,48,7,1
2024-09-20,regression,7.31,8.6,0,4,48,47,1
2024-09-20,reg_demand,9.18,11.67,0,3,48,47,1
2024-09-21,naive,14.6,16.3,1,3,48,1,1
2024-09-21,mean_7,15.11,17.14,0,2,48,7,1
2024-09-21,mean_90,24.59,27.24,0,2,48,49,1
2024-09-21,weekday,24.52,27.55,0,3,48,7,1
2024-09-21,regression,12.23,13.66,1,3,48,48,1
2024-09-21,reg_demand,16.5,18.86,0,3,48,48,1
2024-09-22,naive,5.39,8.95,0,3,48,1,1
2024-09-22,mean_7,10.5,12.77,0,2,48,7,1
2024-09-22,mean_90,22.15,25.87,0,1,48,50,1
2024-09-22,weekday,12.82,16.03,0,2,48,7,1
2024-09-22,regression,7.93,9.19,0,4,48,49,1
2024-09-22,reg_demand,10.28,12.19,1,3,48,49,1
2024-09-23,naive,10.33,12.21,0,3,48,1,1
2024-09-23,mean_7,9.54,11.64,0,3,48,7,1
2024-09-23,mean_90,15.24,18.33,0,1,48,51,1
2024-09-23,weekday,10.12,13.33,0,2,48,7,1
2024-09-23,regression,14.02,15.07,2,3,48,50,1
2024-09-23,reg_demand,21.11,23.01,1,3,48,50,1
2024-09-24,naive,12.1,13.9,0,0,48,1,1
2024-09-24,mean_7,7.96,10.0,0,0,48,7,1
2024-09-24,mean_90,16.37,18.64,1,0,48,52,1
2024-09-24,weekday,7.38,9.22,0,2,48,7,1
2024-09-24,regression,8.72,10.9,1,0,48,51,1
2024-09-24,reg_demand,13.99,16.11,0,1,48,51,1
2024-09-25,naive,8.2,10.7,0,0,48,1,1
2024-09-25,mean_7,5.7,7.73,0,3,48,7,1
2024-09-25,mean_90,14.98,16.7,0,1,48,53,1
2024-09-25,weekday,6.4,9.93,0,2,48,7,1
2024-09-25,regression,16.78,20.2,1,4,48,52,1
2024-09-25,reg_demand,24.76,29.05,0,3,48,52,1
2024-09-26,naive,9.72,18.9,0,2,48,1,1
2024-09-26,mean_7,7.94,15.39,0,2,48,7,1
2024-09-26,mean_90,19.55,22.85,0,2,48,54,1
2024-09-26,weekday,8.05,15.28,0,2,48,7,1
2024-09-26,regression,30.94,34.73,0,3,48,53,1
2024-09-26,reg_demand,21.54,25.08,1,3,48,53,1
2024-09-27,naive,31.57,47.62,1,1,48,1,1
2024-09-27,mean_7,29.42,44.13,1,0,48,7,1
2024-09-27,mean_90,29.06,36.79,0,2,48,55,1
2024-09-27,weekday,28.69,43.5,0,0,48,7,1
2024-09-27,regression,30.94,37.3,2,2,48,54,1
2024-09-27,reg_demand,28.47,32.72,3,2,48,54,1
2024-09-28,naive,20.44,24.75,2,2,48,1,1
2024-09-28,mean_7,16.58,21.5,3,3,48,7,1
2024-09-28,mean_90,22.77,24.23,1,3,48,56,1
2024-09-28,weekday,20.62,24.42,0,4,48,7,1
2024-09-28,regression,15.08,17.19,2,3,48,55,1
2024-09-28,reg_demand,18.94,21.64,0,4,48,55,1
2024-09-29,naive,26.25,34.49,0,2,48,1,1
2024-09-29,mean_7,15.02,21.24,0,2,48,7,1
2024-09-29,mean_90,23.27,26.73,0,1,48,57,1
2024-09-29,weekday,15.1,22.74,0,2,48,7,1
2024-09-29,regression,13.92,15.74,3,2,48,56,1
2024-09-29,reg_demand,17.21,20.09,3,2,48,56,1
2024-09-30,naive,29.86,39.48,0,0,48,1,1
2024-09-30,mean_7,19.28,27.08,0,1,48,7,1
2024-09-30,mean_90,21.83,29.05,0,2,48,58,1
2024-09-30,weekday,20.7,29.84,0,1,48,7,1
2024-09-30,regression,14.24,16.47,1,0,48,57,1
2024-09-30,reg_demand,10.31,13.65,2,0,48,57,1
2024-10-01,naive,19.74,25.4,1,0,48,1,1
2024-10-01,mean_7,11.93,15.1,4,0,48,7,1
2024-10-01,mean_90,20.46,23.22,2,0,48,59,1
2024-10-01,weekday,13.08,15.54,4,0,48,7,1
2024-10-01,regression,20.79,27.3,3,0,48,58,1
2024-10-01,reg_demand,15.43,18.99,3,0,48,58,1
2024-10-02,naive,10.95,16.02,2,2,48,1,1
2024-10-02,mean_7,13.05,17.26,2,2,48,7,1
2024-10-02,mean_90,18.2,20.16,0,2,48,60,1
2024-10-02,weekday,10.9,13.98,2,2,48,7,1
2024-10-02,regression,18.15,20.71,1,2,48,59,1
2024-10-02,reg_demand,7.96,9.99,2,3,48,59,1
2024-10-03,naive,8.34,10.4,0,1,48,1,1
2024-10-03,mean_7,17.08,22.12,0,1,48,7,1
2024-10-03,mean_90,16.25,19.27,1,1,48,61,1
2024-10-03,weekday,13.91,18.08,0,2,48,7,1
2024-10-03,regression,10.12,12.15,0,0,48,60,1
2024-10-03,reg_demand,15.18,17.52,0,2,48,60,1
2024-10-04,naive,9.68,12.18,0,1,48,1,1
2024-10-04,mean_7,13.87,17.35,1,2,48,7,1
2024-10-04,mean_90,15.13,17.86,2,2,48,62,1
2024-10-04,weekday,11.58,14.35,1,3,48,7,1
2024-10-04,regression,13.48,16.1,1,2,48,61,1
2024-10-04,reg_demand,7.2,9.4,1,3,48,61,1
2024-10-05,naive,13.39,18.01,0,2,48,1,1
2024-10-05,mean_7,12.94,15.26,0,2,48,7,1
2024-10-05,mean_90,16.5,18.65,0,2,48,63,1
2024-10-05,weekday,11.3,13.67,0,3,48,7,1
2024-10-05,regression,21.55,24.34,1,2,48,62,1
2024-10-05,reg_demand,24.17,27.99,0,2,48,62,1
2024-10-06,naive,16.97,20.61,0,4,48,1,1
2024-10-06,mean_7,12.69,14.96,1,3,48,7,1
2024-10-06,mean_90,17.32,21.53,1,2,48,64,1
2024-10-06,weekday,13.16,15.41,1,3,48,7,1
2024-10-06,regression,24.15,27.13,1,3,48,63,1
2024-10-06,reg_demand,28.14,31.19,1,3,48,63,1
2024-10-07,naive,13.88,15.88,0,4,48,1,1
2024-10-07,mean_7,10.0,12.62,3,3,48,7,1
2024-10-07,mean_90,14.09,17.57,3,2,48,65,1
2024-10-07,weekday,10.72,14.27,3,2,48,7,1
2024-10-07,regression,7.84,10.13,3,4,48,64,1
2024-10-07,reg_demand,13.08,15.05,3,4,48,64,1
2024-10-08,naive,15.45,19.1,0,3,48,1,1
2024-10-08,mean_7,9.49,11.12,0,2,48,7,1
2024-10-08,mean_90,17.08,17.94,0,1,48,66,1
2024-10-08,weekday,13.99,17.48,0,1,48,7,1
2024-10-08,regression,5.43,7.41,3,3,48,65,1
2024-10-08,reg_demand,12.59,13.6,4,2,48,65,1
2024-10-09,naive,15.48,20.63,0,3,48,1,1
2024-10-09,mean_7,13.94,18.11,3,4,48,7,1
2024-10-09,mean_90,16.14,17.83,3,2,48,67,1
2024-10-09,weekday,12.02,14.62,3,3,48,7,1
2024-10-09,regression,13.5,16.61,3,3,48,66,1
2024-10-09,reg_demand,10.28,12.58,2,3,48,66,1
2024-10-10,naive,14.74,17.76,2,3,48,1,1
2024-10-10,mean_7,15.84,17.76,3,3,48,7,1
2024-10-10,mean_90,22.29,25.01,2,3,48,68,1
2024-10-10,weekday,15.14,16.84,3,3,48,7,1
2024-10-10,regression,21.62,25.5,2,4,48,67,1
2024-10-10,reg_demand,11.21,14.53,3,3,48,67,1
2024-10-11,naive,15.55,19.63,2,3,48,1,1
2024-10-11,mean_7,9.82,11.5,3,4,48,7,1
2024-10-11,mean_90,17.15,19.4,2,2,48,69,1
2024-10-11,weekday,8.53,10.31,3,3,48,7,1
2024-10-11,regression,12.95,14.1,3,4,48,68,1
2024-10-11,reg_demand,7.56,9.68,3,2,48,68,1
2024-10-12,naive,23.35,31.88,0,0,48,1,1
2024-10-12,mean_7,19.77,26.28,0,0,48,7,1
2024-10-12,mean_90,24.11,30.03,0,0,48,70,1
2024-10-12,weekday,17.19,25.47,1,0,48,7,1
2024-10-12,regression,23.7,27.34,1,0,48,69,1
2024-10-12,reg_demand,22.21,26.44,1,0,48,69,1
2024-10-13,naive,48.52,55.58,0,0,48,1,1
2024-10-13,mean_7,35.49,39.93,0,4,48,7,1
2024-10-13,mean_90,42.75,46.78,0,2,48,71,1
2024-10-13,weekday,37.41,42.42,0,4,48,7,1
2024-10-13,regression,19.38,23.83,1,4,48,70,1
2024-10-13,reg_demand,19.25,23.13,0,4,48,70,1
2024-10-14,naive,73.71,135.46,1,4,48,1,1
2024-10-14,mean_7,74.67,146.54,1,4,48,7,1
2024-10-14,mean_90,83.17,156.9,1,2,48,72,1
2024-10-14,weekday,72.46,148.74,1,4,48,7,1
2024-10-14,regression,61.71,143.11,1,4,48,71,1
2024-10-14,reg_demand,57.44,140.2,1,3,48,71,1
2024-10-15,naive,71.44,150.01,0,2,48,1,1
2024-10-15,mean_7,20.6,28.43,1,2,48,7,1
2024-10-15,mean_90,17.78,19.85,1,1,48,73,1
2024-10-15,weekday,16.68,26.55,1,2,48,7,1
2024-10-15,regression,12.78,15.09,3,2,48,72,1
2024-10-15,reg_demand,7.91,11.61,3,2,48,72,1
2024-10-16,naive,22.69,30.03,1,0,48,1,1
2024-10-16,mean_7,21.78,31.3,3,2,48,7,1
2024-10-16,mean_90,19.83,25.01,4,2,48,74,1
2024-10-16,weekday,23.29,32.0,3,2,48,7,1
2024-10-16,regression,17.84,21.41,3,2,48,73,1
2024-10-16,reg_demand,15.59,18.55,3,2,48,73,1
2024-10-17,naive,27.36,36.34,0,1,48,1,1
2024-10-17,mean_7,28.69,34.42,0,2,48,7,1
2024-10-17,mean_90,19.94,23.64,0,2,48,75,1
2024-10-17,weekday,23.93,29.71,0,2,48,7,1
2024-10-17,regression,16.92,19.62,0,2,48,74,1
2024-10-17,reg_demand,14.68,18.59,0,2,48,74,1
2024-10-18,naive,11.69,15.23,0,2,48,1,1
2024-10-18,mean_7,24.83,33.44,0,3,48,7,1
2024-10-18,mean_90,12.47,14.63,0,3,48,76,1
2024-10-18,weekday,23.24,31.54,0,3,48,7,1
2024-10-18,regression,10.16,14.72,0,3,48,75,1
2024-10-18,reg_demand,11.2,13.82,0,3,48,75,1
2024-10-19,naive,16.42,21.02,0,3,48,1,1
2024-10-19,mean_7,18.47,22.78,1,3,48,7,1
2024-10-19,mean_90,20.11,21.74,2,4,48,77,1
2024-10-19,weekday,16.57,18.77,0,3,48,7,1
2024-10-19,regression,15.4,18.1,1,3,48,76,1
2024-10-19,reg_demand,15.06,17.6,1,3,48,76,1
2024-10-20,naive,70.95,76.34,0,0,48,1,1
2024-10-20,mean_7,73.87,81.58,0,0,48,7,1
2024-10-20,mean_90,53.14,57.27,0,0,48,78,1
2024-10-20,weekday,60.77,65.72,1,0,48,7,1
2024-10-20,regression,31.58,35.5,2,1,48,77,1
2024-10-20,reg_demand,25.08,29.24,1,2,48,77,1
2024-10-21,naive,63.84,67.02,0,0,48,1,1
2024-10-21,mean_7,26.43,38.66,2,4,48,7,1
2024-10-21,mean_90,24.98,33.13,2,3,48,79,1
2024-10-21,weekday,31.69,40.79,3,4,48,7,1
2024-10-21,regression,19.27,22.27,3,4,48,78,1
2024-10-21,reg_demand,11.19,13.79,2,4,48,78,1
2024-10-22,naive,22.96,33.42,1,2,48,1,1
2024-10-22,mean_7,8.46,10.78,1,2,48,7,1
2024-10-22,mean_90,8.36,9.76,2,3,48,80,1
2024-10-22,weekday,14.38,24.52,1,2,48,7,1
2024-10-22,regression,13.4,15.94,2,2,48,79,1
2024-10-22,reg_demand,11.39,15.85,1,2,48,79,1
2024-10-23,naive,17.31,19.56,0,2,48,1,1
2024-10-23,mean_7,19.59,23.5,0,2,48,7,1
2024-10-23,mean_90,20.57,23.38,0,2,48,81,1
2024-10-23,weekday,19.34,24.69,0,2,48,7,1
2024-10-23,regression,17.05,20.35,3,2,48,80,1
2024-10-23,reg_demand,9.54,12.45,3,2,48,80,1
2024-10-24,naive,14.7,19.52,0,1,48,1,1
2024-10-24,mean_7,17.17,19.04,1,2,48,7,1
2024-10-24,mean_90,17.5,20.38,2,1,48,82,1
2024-10-24,weekday,9.88,11.84,3,2,48,7,1
2024-10-24,regression,33.1,34.88,3,2,48,81,1
2024-10-24,reg_demand,23.16,24.58,3,2,48,81,1
2024-10-25,naive,15.36,20.12,0,2,48,1,1
2024-10-25,mean_7,28.15,29.27,1,4,48,7,1
2024-10-25,mean_90,29.28,30.46,1,3,48,83,1
2024-10-25,weekday,20.53,22.64,1,4,48,7,1
2024-10-25,regression,10.74,13.86,3,4,48,82,1
2024-10-25,reg_demand,11.54,16.03,3,4,48,82,1
2024-10-26,naive,11.49,13.98,0,4,48,1,1
2024-10-26,mean_7,16.53,19.79,0,4,48,7,1
2024-10-26,mean_90,20.07,21.66,0,3,48,84,1
2024-10-26,weekday,21.17,25.76,0,4,48,7,1
2024-10-26,regression,7.98,10.21,1,4,48,83,1
2024-10-26,reg_demand,7.72,9.77,1,4,48,83,1
2024-10-27,naive,16.02,19.28,1,3,48,1,1
2024-10-27,mean_7,9.52,12.21,2,3,48,7,1
2024-10-27,mean_90,8.6,12.36,2,4,48,85,1
2024-10-27,weekday,11.26,14.31,1,3,48,7,1
2024-10-27,regression,11.23,14.38,3,3,48,84,1
2024-10-27,reg_demand,11.75,15.25,3,3,48,84,1
2024-10-28,naive,20.24,24.67,3,3,48,1,1
2024-10-28,mean_7,17.95,22.03,4,3,48,7,1
2024-10-28,mean_90,20.74,24.33,3,3,48,86,1
2024-10-28,weekday,18.53,23.64,4,3,48,7,1
2024-10-28,regression,13.77,16.3,3,3,48,85,1
2024-10-28,reg_demand,21.82,25.44,2,3,48,85,1
2024-10-29,naive,23.29,36.14,0,2,48,1,1
2024-10-29,mean_7,15.04,18.36,0,3,48,7,1
2024-10-29,mean_90,23.42,27.6,0,2,48,87,1
2024-10-29,weekday,17.28,22.44,0,3,48,7,1
2024-10-29,regression,13.33,14.74,0,3,48,86,1
2024-10-29,reg_demand,16.95,20.05,0,3,48,86,1
2024-10-30,naive,10.99,13.24,0,1,48,1,1
2024-10-30,mean_7,11.67,14.08,2,1,48,7,1
2024-10-30,mean_90,24.16,27.89,2,1,48,88,1
2024-10-30,weekday,15.49,18.27,2,1,48,7,1
2024-10-30,regression,9.32,12.84,2,1,48,87,1
2024-10-30,reg_demand,17.69,21.96,2,1,48,87,1
2024-10-31,naive,12.33,14.62,0,1,48,1,1
2024-10-31,mean_7,4.8,6.3,2,3,48,7,1
2024-10-31,mean_90,14.15,16.98,2,2,48,89,1
2024-10-31,weekday,5.79,6.82,2,3,48,7,1
2024-10-31,regression,11.63,15.66,2,3,48,88,1
2024-10-31,reg_demand,10.53,13.2,2,3,48,88,1
2024-11-01,naive,9.5,11.5,1,3,48,1,1
2024-11-01,mean_7,7.5,9.12,2,4,48,7,1
2024-11-01,mean_90,19.15,22.45,3,3,48,90,1
2024-11-01,weekday,7.06,9.18,3,4,48,7,1
2024-11-01,regression,17.04,20.23,3,4,48,89,1
2024-11-01,reg_demand,16.23,19.65,3,4,48,89,1
2024-11-02,naive,7.91,11.04,2,3,48,1,1
2024-11-02,mean_7,6.72,8.13,2,3,48,7,1
2024-11-02,mean_90,13.85,17.14,2,2,48,90,1
2024-11-02,weekday,14.39,16.28,3,2,48,7,1
2024-11-02,regression,15.91,17.85,3,3,48,90,1
2024-11-02,reg_demand,13.39,15.18,3,3,48,90,1
2024-11-03,naive,8.99,13.2,2,3,48,1,1
2024-11-03,mean_7,8.73,10.82,2,2,48,7,1
2024-11-03,mean_90,20.23,24.63,3,1,48,90,1
2024-11-03,weekday,19.52,22.05,2,1,48,7,1
2024-11-03,regression,15.01,17.31,2,2,48,90,1
2024-11-03,reg_demand,12.59,16.05,2,2,48,90,1
2024-11-04,naive,13.36,20.48,0,4,48,1,1
2024-11-04,mean_7,12.87,20.35,0,3,48,7,1
2024-11-04,mean_90,26.56,35.12,0,1,48,90,1
2024-11-04,weekday,12.97,19.95,0,2,48,7,1
2024-11-04,regression,15.0,17.01,0,2,48,90,1
2024-11-04,reg_demand,20.94,22.73,0,2,48,90,1
2024-11-05,naive,12.33,15.15,1,3,48,1,1
2024-11-05,mean_7,19.81,26.42,1,4,48,7,1
2024-11-05,mean_90,37.58,44.53,1,2,48,90,1
2024-11-05,weekday,19.67,25.76,1,4,48,7,1
2024-11-05,regression,13.22,17.06,0,3,48,90,1
2024-11-05,reg_demand,16.26,18.93,0,3,48,90,1
2024-11-06,naive,11.76,16.09,0,4,48,1,1
2024-11-06,mean_7,10.32,12.37,2,4,48,7,1
2024-11-06,mean_90,29.96,33.39,2,2,48,90,1
2024-11-06,weekday,12.14,13.75,2,4,48,7,1
2024-11-06,regression,4.2,5.43,2,3,48,90,1
2024-11-06,reg_demand,10.15,11.39,3,3,48,90,1
2024-11-07,naive,18.32,22.21,1,3,48,1,1
2024-11-07,mean_7,10.48,13.33,1,3,48,7,1
2024-11-07,mean_90,13.34,14.95,2,4,48,90,1
2024-11-07,weekday,11.45,14.27,2,3,48,7,1
2024-11-07,regression,8.53,10.27,0,4,48,90,1
2024-11-07,reg_demand,16.61,18.48,0,4,48,90,1
2024-11-08,naive,23.04,28.46,0,0,48,1,1
2024-11-08,mean_7,14.15,17.88,0,1,48,7,1
2024-11-08,mean_90,33.92,38.77,1,0,48,90,1
2024-11-08,weekday,13.54,17.39,0,1,48,7,1
2024-11-08,regression,16.04,18.92,2,0,48,90,1
2024-11-08,reg_demand,10.89,13.15,1,0,48,90,1
2024-11-09,naive,14.93,19.49,1,1,48,1,1
2024-11-09,mean_7,7.69,9.89,1,4,48,7,1
2024-11-09,mean_90,19.06,21.14,1,3,48,90,1
2024-11-09,weekday,18.76,20.43,2,2,48,7,1
2024-11-09,regression,12.13,14.89,0,3,48,90,1
2024-11-09,reg_demand,13.98,15.86,0,3,48,90,1
2024-11-10,naive,8.11,9.1,1,4,48,1,1
2024-11-10,mean_7,14.31,17.0,1,4,48,7,1
2024-11-10,mean_90,14.55,17.13,1,3,48,90,1
2024-11-10,weekday,11.03,12.81,1,2,48,7,1
2024-11-10,regression,12.56,14.44,0,3,48,90,1
2024-11-10,reg_demand,11.71,14.48,0,4,48,90,1
2024-11-11,naive,14.66,17.94,0,3,48,1,1
2024-11-11,mean_7,7.77,9.97,2,3,48,7,1
2024-11-11,mean_90,25.65,27.39,2,2,48,90,1
2024-11-11,weekday,8.57,10.23,2,3,48,7,1
2024-11-11,regression,24.59,27.24,2,2,48,90,1
2024-11-11,reg_demand,15.4,17.64,2,2,48,90,1
2024-11-12,naive,7.94,10.08,2,3,48,1,1
2024-11-12,mean_7,6.96,8.24,1,4,48,7,1
2024-11-12,mean_90,21.9,22.88,1,3,48,90,1
2024-11-12,weekday,9.17,10.35,1,4,48,7,1
2024-11-12,regression,12.61,15.0,1,3,48,90,1
2024-11-12,reg_demand,10.33,12.27,0,3,48,90,1
2024-11-13,naive,8.23,10.62,1,1,48,1,1
2024-11-13,mean_7,5.71,8.83,2,1,48,7,1
2024-11-13,mean_90,24.75,26.75,2,1,48,90,1
2024-11-13,weekday,7.22,9.72,2,1,48,7,1
2024-11-13,regression,9.41,12.22,2,1,48,90,1
2024-11-13,reg_demand,9.12,11.81,3,1,48,90,1
2024-11-14,naive,9.05,12.7,2,1,48,1,1
2024-11-14,mean_7,6.05,7.24,1,4,48,7,1
2024-11-14,mean_90,20.43,22.83,3,3,48,90,1
2024-11-14,weekday,5.8,7.64,2,4,48,7,1
2024-11-14,regression,4.79,6.01,3,3,48,90,1
2024-11-14,reg_demand,11.1,13.62,4,3,48,90,1
2024-11-15,naive,9.51,12.83,0,2,48,1,1
2024-11-15,mean_7,6.38,9.66,0,2,48,7,1
2024-11-15,mean_90,19.25,21.85,0,1,48,90,1
2024-11-15,weekday,7.8,10.59,0,2,48,7,1
2024-11-15,regression,14.42,16.29,4,1,48,90,1
2024-11-15,reg_demand,7.79,8.79,4,0,48,90,1
2024-11-16,naive,17.11,22.38,0,1,48,1,1
2024-11-16,mean_7,14.63,19.74,2,3,48,7,1
2024-11-16,mean_90,14.48,17.62,3,4,48,90,1
2024-11-16,weekday,17.29,19.79,2,4,48,7,1
2024-11-16,regression,16.66,19.25,3,4,48,90,1
2024-11-16,reg_demand,16.47,18.91,3,4,48,90,1
2024-11-17,naive,9.35,11.7,2,3,48,1,1
2024-11-17,mean_7,12.51,16.55,2,4,48,7,1
2024-11-17,mean_90,14.05,15.79,2,3,48,90,1
2024-11-17,weekday,11.46,13.91,2,3,48,7,1
2024-11-17,regression,11.06,13.35,2,3,48,90,1
2024-11-17,reg_demand,10.17,12.13,2,3,48,90,1
2024-11-18,naive,15.61,19.11,2,2,48,1,1
2024-11-18,mean_7,7.54,9.18,2,2,48,7,1
2024-11-18,mean_90,23.76,25.29,2,3,48,90,1
2024-11-18,weekday,7.13,8.35,2,2,48,7,1
2024-11-18,regression,12.68,15.25,1,3,48,90,1
2024-11-18,reg_demand,13.47,15.62,2,2,48,90,1
2024-11-19,naive,8.46,10.62,3,0,48,1,1
2024-11-19,mean_7,9.05,11.57,4,0,48,7,1
2024-11-19,mean_90,22.6,26.58,3,0,48,90,1
2024-11-19,weekday,7.8,9.5,2,0,48,7,1
2024-11-19,regression,26.7,28.93,3,0,48,90,1
2024-11-19,reg_demand,12.17,14.21,3,1,48,90,1
2024-11-20,naive,9.65,13.44,0,0,48,1,1
2024-11-20,mean_7,8.56,10.2,0,3,48,7,1
2024-11-20,mean_90,19.1,20.82,1,3,48,90,1
2024-11-20,weekday,5.81,6.89,0,3,48,7,1
2024-11-20,regression,36.98,39.87,0,3,48,90,1
2024-11-20,reg_demand,15.05,18.91,0,2,48,90,1
2024-11-21,naive,6.11,7.82,1,2,48,1,1
2024-11-21,mean_7,10.5,13.36,1,2,48,7,1
2024-11-21,mean_90,22.9,24.85,1,1,48,90,1
2024-11-21,weekday,7.9,9.18,1,2,48,7,1
2024-11-21,regression,24.62,28.43,1,2,48,90,1
2024-11-21,reg_demand,13.34,15.2,1,1,48,90,1
2024-11-22,naive,8.54,10.03,1,2,48,1,1
2024-11-22,mean_7,11.33,14.05,2,2,48,7,1
2024-11-22,mean_90,24.55,25.91,2,1,48,90,1
2024-11-22,weekday,7.93,10.34,1,2,48,7,1
2024-11-22,regression,30.13,35.58,2,1,48,90,1
2024-11-22,reg_demand,14.99,17.8,1,1,48,90,1
2024-11-23,naive,34.99,46.03,0,2,48,1,1
2024-11-23,mean_7,28.64,37.54,0,4,48,7,1
2024-11-23,mean_90,28.61,33.12,0,3,48,90,1
2024-11-23,weekday,25.83,32.17,0,3,48,7,1
2024-11-23,regression,24.84,27.95,3,3,48,90,1
2024-11-23,reg_demand,23.05,27.18,4,0,48,90,1
2024-11-24,naive,48.07,55.07,2,4,48,1,1
2024-11-24,mean_7,66.23,67.58,0,4,48,7,1
2024-11-24,mean_90,52.69,54.24,0,3,48,90,1
2024-11-24,weekday,56.37,57.59,0,4,48,7,1
2024-11-24,regression,29.09,33.81,0,4,48,90,1
2024-11-24,reg_demand,22.01,25.79,0,4,48,90,1
2024-11-25,naive,49.91,57.13,1,4,48,1,1
2024-11-25,mean_7,23.39,35.76,0,4,48,7,1
2024-11-25,mean_90,25.7,33.13,1,3,48,90,1
2024-11-25,weekday,26.31,41.09,2,3,48,7,1
2024-11-25,regression,29.0,31.35,1,4,48,90,1
2024-11-25,reg_demand,22.84,24.79,1,3,48,90,1
2024-11-26,naive,37.39,49.76,3,3,48,1,1
2024-11-26,mean_7,27.71,32.53,1,3,48,7,1
2024-11-26,mean_90,29.45,33.29,2,3,48,90,1
2024-11-26,weekday,18.2,23.54,3,2,48,7,1
2024-11-26,regression,28.47,32.37,2,3,48,90,1
2024-11-26,reg_demand,17.83,21.51,2,3,48,90,1
2024-11-27,naive,16.71,24.34,1,2,48,1,1
2024-11-27,mean_7,12.8,15.61,2,3,48,7,1
2024-11-27,mean_90,14.18,16.01,1,3,48,90,1
2024-11-27,weekday,9.87,11.3,2,2,48,7,1
2024-11-27,regression,7.39,8.82,2,3,48,90,1
2024-11-27,reg_demand,16.54,18.28,2,2,48,90,1
2024-11-28,naive,14.32,17.66,0,0,48,1,1
2024-11-28,mean_7,24.44,29.31,0,0,48,7,1
2024-11-28,mean_90,27.1,30.18,0,0,48,90,1
2024-11-28,weekday,13.66,18.58,0,0,48,7,1
2024-11-28,regression,21.27,24.77,0,0,48,90,1
2024-11-28,reg_demand,10.23,11.84,0,0,48,90,1
2024-11-29,naive,9.99,12.1,0,2,48,1,1
2024-11-29,mean_7,16.47,21.51,0,0,48,7,1
2024-11-29,mean_90,18.85,22.26,0,0,48,90,1
2024-11-29,weekday,12.04,13.58,0,0,48,7,1
2024-11-29,regression,35.93,39.94,0,0,48,90,1
2024-11-29,reg_demand,19.71,23.72,0,2,48,90,1
2024-11-30,naive,11.35,13.91,0,0,48,1,1
2024-11-30,mean_7,11.97,13.4,0,0,48,7,1
2024-11-30,mean_90,13.63,14.94,0,0,48,90,1
2024-11-30,weekday,17.03,19.82,0,0,48,7,1
2024-11-30,regression,22.52,25.67,1,0,48,90,1
2024-11-30,reg_demand,20.33,22.23,0,0,48,90,1
2024-12-01,naive,9.91,12.19,1,0,48,1,1
2024-12-01,mean_7,7.9,10.53,2,4,48,7,1
2024-12-01,mean_90,10.92,13.22,2,3,48,90,1
2024-12-01,weekday,14.34,15.53,1,4,48,7,1
2024-12-01,regression,22.09,24.94,3,4,48,90,1
2024-12-01,reg_demand,26.77,29.57,2,4,48,90,1
2024-12-02,naive,12.22,15.03,2,3,48,1,1
2024-12-02,mean_7,9.87,12.89,2,3,48,7,1
2024-12-02,mean_90,18.09,19.48,2,4,48,90,1
2024-12-02,weekday,10.34,14.11,3,3,48,7,1
2024-12-02,regression,20.69,23.47,1,4,48,90,1
2024-12-02,reg_demand,13.26,15.93,1,3,48,90,1
2024-12-03,naive,26.34,31.43,1,3,48,1,1
2024-12-03,mean_7,22.93,26.76,0,4,48,7,1
2024-12-03,mean_90,39.69,41.86,0,3,48,90,1
2024-12-03,weekday,23.79,27.4,2,3,48,7,1
2024-12-03,regression,30.46,31.67,1,3,48,90,1
2024-12-03,reg_demand,13.48,17.96,3,3,48,90,1
2024-12-04,naive,17.34,21.17,1,0,48,1,1
2024-12-04,mean_7,17.1,23.81,2,0,48,7,1
2024-12-04,mean_90,34.29,39.64,2,0,48,90,1
2024-12-04,weekday,19.81,25.03,2,0,48,7,1
2024-12-04,regression,33.56,36.93,0,0,48,90,1
2024-12-04,reg_demand,18.36,23.03,0,1,48,90,1
2024-12-05,naive,31.56,38.39,0,3,48,1,1
2024-12-05,mean_7,20.19,28.22,1,2,48,7,1
2024-12-05,mean_90,21.17,25.32,0,0,48,90,1
2024-12-05,weekday,22.01,31.05,0,1,48,7,1
2024-12-05,regression,23.07,30.42,0,1,48,90,1
2024-12-05,reg_demand,19.7,25.71,0,1,48,90,1
2024-12-06,naive,29.15,42.58,0,0,48,1,1
2024-12-06,mean_7,28.54,38.54,0,1,48,7,1
2024-12-06,mean_90,19.1,28.83,1,2,48,90,1
2024-12-06,weekday,31.26,42.05,1,1,48,7,1
2024-12-06,regression,14.46,17.42,1,2,48,90,1
2024-12-07,naive,25.02,31.79,0,0,48,1,1
2024-12-07,mean_7,29.13,36.59,0,0,48,7,1
2024-12-07,mean_90,24.11,28.35,0,0,48,90,1
2024-12-07,weekday,17.59,20.21,1,0,48,7,1
2024-12-07,regression,14.53,18.72,0,0,48,90,1
2024-12-07,reg_demand,13.78,16.98,1,0,48,90,1
2024-12-08,naive,22.47,25.64,2,0,48,1,1
2024-12-08,mean_7,35.0,43.43,2,3,48,7,1
2024-12-08,mean_90,27.87,36.25,2,4,48,90,1
2024-12-08,weekday,22.43,27.1,2,3,48,7,1
2024-12-08,regression,18.4,22.72,2,3,48,90,1
2024-12-08,reg_demand,17.91,20.79,2,3,48,90,1
2024-12-09,naive,28.21,36.68,2,2,48,1,1
2024-12-09,mean_7,19.07,24.98,2,2,48,7,1
2024-12-09,mean_90,26.49,30.53,3,2,48,90,1
2024-12-09,weekday,23.87,34.38,1,0,48,7,1
2024-12-09,regression,21.54,24.16,2,2,48,90,1
2024-12-09,reg_demand,17.33,26.65,0,1,48,90,1
2024-12-10,naive,28.27,36.61,3,2,48,1,1
2024-12-10,mean_7,22.66,25.5,3,2,48,7,1
2024-12-10,mean_90,23.23,26.9,2,4,48,90,1
2024-12-10,weekday,17.7,19.96,1,2,48,7,1
2024-12-10,regression,17.33,19.92,2,4,48,90,1
2024-12-10,reg_demand,11.52,13.62,4,4,48,90,1
2024-12-11,naive,55.95,72.67,2,1,48,1,1
2024-12-11,mean_7,77.4,87.48,2,3,48,7,1
2024-12-11,mean_90,78.45,93.39,2,1,48,90,1
2024-12-11,weekday,64.68,77.3,1,2,48,7,1
2024-12-11,regression,61.43,76.81,2,1,48,90,1
2024-12-11,reg_demand,51.84,64.75,2,1,48,90,1
2024-12-12,naive,35.81,49.92,2,3,48,1,1
2024-12-12,mean_7,103.24,122.09,1,2,48,7,1
2024-12-12,mean_90,109.79,135.73,2,0,48,90,1
2024-12-12,weekday,87.22,109.46,1,2,48,7,1
2024-12-12,regression,88.22,115.98,1,1,48,90,1
2024-12-12,reg_demand,78.43,103.52,1,0,48,90,1
2024-12-13,naive,79.76,105.66,1,1,48,1,1
2024-12-13,mean_7,20.75,24.76,3,1,48,7,1
2024-12-13,mean_90,29.12,32.94,3,0,48,90,1
2024-12-13,weekday,14.69,17.66,4,1,48,7,1
2024-12-13,regression,11.0,13.44,2,0,48,90,1
2024-12-13,reg_demand,13.33,16.55,1,0,48,90,1
2024-12-14,naive,32.33,38.18,1,1,48,1,1
2024-12-14,mean_7,41.27,47.9,1,1,48,7,1
2024-12-14,mean_90,14.1,16.34,1,2,48,90,1
2024-12-14,weekday,18.55,23.55,1,2,48,7,1
2024-12-14,regression,12.7,14.97,2,2,48,90,1
2024-12-14,reg_demand,12.5,15.35,3,2,48,90,1
2024-12-15,naive,36.33,39.07,3,2,48,1,1
2024-12-15,mean_7,68.26,73.81,0,2,48,7,1
2024-12-15,mean_90,40.12,42.53,0,3,48,90,1
2024-12-15,weekday,24.34,26.73,2,4,48,7,1
2024-12-15,regression,20.27,24.25,0,1,48,90,1
2024-12-15,reg_demand,13.73,17.49,1,4,48,90,1
2024-12-16,naive,33.18,36.14,0,4,48,1,1
2024-12-16,mean_7,48.9,53.14,2,2,48,7,1
2024-12-16,mean_90,22.16,30.1,3,3,48,90,1
2024-12-16,weekday,52.85,56.65,2,1,48,7,1
2024-12-16,regression,12.91,15.63,2,4,48,90,1
2024-12-16,reg_demand,11.06,14.35,3,3,48,90,1
2024-12-17,naive,22.1,30.84,0,0,48,1,1
2024-12-17,mean_7,37.79,43.24,0,0,48,7,1
2024-12-17,mean_90,16.32,20.77,0,0,48,90,1
2024-12-17,weekday,45.02,51.12,0,0,48,7,1
2024-12-17,regression,10.01,12.67,3,2,48,90,1
2024-12-17,reg_demand,10.44,13.09,3,2,48,90,1
2024-12-18,naive,35.03,41.65,0,0,48,1,1
2024-12-18,mean_7,54.16,60.55,1,0,48,7,1
2024-12-18,mean_90,33.71,38.83,3,3,48,90,1
2024-12-18,weekday,61.97,67.76,2,0,48,7,1
2024-12-18,regression,14.32,16.08,2,3,48,90,1
2024-12-18,reg_demand,19.43,21.38,2,3,48,90,1
2024-12-19,naive,11.76,14.82,3,1,48,1,1
2024-12-19,mean_7,41.86,45.67,3,1,48,7,1
2024-12-19,mean_90,34.43,40.88,3,1,48,90,1
2024-12-19,weekday,56.42,62.78,2,0,48,7,1
2024-12-19,regression,21.28,25.97,4,1,48,90,1
2024-12-19,reg_demand,28.29,34.15,4,0,48,90,1
2024-12-20,naive,35.87,42.93,0,0,48,1,1
2024-12-20,mean_7,16.45,19.58,0,0,48,7,1
2024-12-20,mean_90,20.23,24.96,1,0,48,90,1
2024-12-20,weekday,38.45,44.96,1,0,48,7,1
2024-12-20,regression,16.01,19.71,0,0,48,90,1
2024-12-20,reg_demand,16.05,20.18,0,1,48,90,1
2024-12-21,naive,62.57,65.36,3,0,48,1,1
2024-12-21,mean_7,55.54,57.33,2,3,48,7,1
2024-12-21,mean_90,77.05,78.03,1,2,48,90,1
2024-12-21,weekday,58.56,59.77,2,3,48,7,1
2024-12-21,regression,50.38,52.07,1,3,48,90,1
2024-12-21,reg_demand,43.67,44.64,2,2,48,90,1
2024-12-22,naive,32.67,40.6,0,2,48,1,1
2024-12-22,mean_7,19.49,23.18,1,3,48,7,1
2024-12-22,mean_90,46.12,49.64,2,3,48,90,1
2024-12-22,weekday,28.24,33.53,1,3,48,7,1
2024-12-22,regression,18.47,21.26,1,3,48,90,1
2024-12-22,reg_demand,16.53,18.18,3,3,48,90,1
2024-12-23,naive,33.6,39.36,1,1,48,1,1
2024-12-23,mean_7,21.29,24.43,1,1,48,7,1
2024-12-23,mean_90,16.05,22.04,0,1,48,90,1
2024-12-23,weekday,18.83,22.05,1,0,48,7,1
2024-12-23,regression,10.78,13.14,1,1,48,90,1
2024-12-23,reg_demand,14.52,17.78,1,1,48,90,1
2024-12-24,naive,19.38,29.14,1,1,48,1,1
2024-12-24,mean_7,36.07,38.45,0,2,48,7,1
2024-12-24,mean_90,9.11,11.31,0,1,48,90,1
2024-12-24,weekday,17.39,22.92,0,2,48,7,1
2024-12-24,regression,13.39,16.59,0,2,48,90,1
2024-12-24,reg_demand,15.53,17.07,0,1,48,90,1
2024-12-25,naive,14.66,18.15,0,0,48,1,1
2024-12-25,mean_7,30.26,34.91,1,0,48,7,1
2024-12-25,mean_90,14.38,16.33,1,0,48,90,1
2024-12-25,weekday,22.49,26.28,1,0,48,7,1
2024-12-25,regression,14.7,16.09,0,0,48,90,1
2024-12-25,reg_demand,22.68,25.45,0,1,48,90,1
2024-12-26,naive,16.36,18.45,1,0,48,1,1
2024-12-26,mean_7,41.38,42.83,1,4,48,7,1
2024-12-26,mean_90,17.65,20.15,1,3,48,90,1
2024-12-26,weekday,29.96,32.17,0,4,48,7,1
2024-12-26,regression,12.7,15.8,1,4,48,90,1
2024-12-26,reg_demand,14.65,15.99,0,3,48,90,1
2024-12-27,naive,10.98,13.32,1,4,48,1,1
2024-12-27,mean_7,41.99,43.53,3,4,48,7,1
2024-12-27,mean_90,23.68,25.87,3,3,48,90,1
2024-12-27,weekday,33.43,35.65,3,3,48,7,1
2024-12-27,regression,12.08,15.18,2,4,48,90,1
2024-12-27,reg_demand,10.04,13.12,2,3,48,90,1
2024-12-28,naive,11.73,14.01,2,3,48,1,1
2024-12-28,mean_7,31.45,33.59,2,3,48,7,1
2024-12-28,mean_90,18.43,21.21,2,2,48,90,1
2024-12-28,weekday,46.93,48.73,1,3,48,7,1
2024-12-28,regression,11.12,12.6,2,3,48,90,1
2024-12-28,reg_demand,11.84,14.42,1,2,48,90,1
2024-12-29,naive,13.03,16.39,1,3,48,1,1
2024-12-29,mean_7,10.53,13.75,0,4,48,7,1
2024-12-29,mean_90,9.36,11.91,0,3,48,90,1
2024-12-29,weekday,32.21,33.52,1,4,48,7,1
2024-12-29,regression,18.42,19.85,0,4,48,90,1
2024-12-29,reg_demand,28.9,30.58,0,3,48,90,1
2024-12-30,naive,22.47,30.98,0,3,48,1,1
2024-12-30,mean_7,21.02,28.6,2,3,48,7,1
2024-12-30,mean_90,17.49,23.48,2,4,48,90,1
2024-12-30,weekday,16.74,21.41,2,3,48,7,1
2024-12-30,regression,20.38,21.51,2,4,48,90,1
2024-12-30,reg_demand,24.38,26.41,3,4,48,90,1
2024-12-31,naive,49.41,53.75,3,2,48,1,1
2024-12-31,mean_7,66.24,67.92,2,3,48,7,1
2024-12-31,mean_90,58.8,60.56,2,2,48,90,1
2024-12-31,weekday,59.03,60.84,2,3,48,7,1
2024-12-31,regression,30.68,33.81,2,3,48,90,1
2024-12-31,reg_demand,22.66,24.74,2,2,48,90,1
2025-01-01,naive,40.22,51.55,0,2,48,1,1
2025-01-01,mean_7,43.85,52.59,0,3,48,7,1
2025-01-01,mean_90,44.16,55.16,0,4,48,90,1
2025-01-01,weekday,41.49,49.6,0,3,48,7,1
2025-01-01,regression,34.34,41.95,0,4,48,90,1
2025-01-01,reg_demand,29.91,33.56,0,4,48,90,1
2025-01-02,naive,57.69,72.55,0,3,48,1,1
2025-01-02,mean_7,24.63,29.82,2,4,48,7,1
2025-01-02,mean_90,19.53,22.91,1,3,48,90,1
2025-01-02,weekday,27.4,33.09,2,4,48,7,1
2025-01-02,regression,19.8,22.01,2,4,48,90,1
2025-01-02,reg_demand,13.12,16.84,1,4,48,90,1
2025-01-03,naive,24.86,26.54,1,0,48,1,1
2025-01-03,mean_7,13.27,17.01,3,0,48,7,1
2025-01-03,mean_90,12.35,16.79,3,1,48,90,1
2025-01-03,weekday,15.44,17.9,2,0,48,7,1
2025-01-03,regression,14.01,16.51,4,1,48,90,1
2025-01-03,reg_demand,22.52,27.99,2,0,48,90,1
2025-01-04,naive,20.6,22.64,3,0,48,1,1
2025-01-04,mean_7,27.08,28.91,2,4,48,7,1
2025-01-04,mean_90,19.25,21.46,2,3,48,90,1
2025-01-04,weekday,43.47,44.11,3,4,48,7,1
2025-01-04,regression,10.25,12.5,1,4,48,90,1
2025-01-04,reg_demand,15.76,17.53,0,4,48,90,1
2025-01-05,naive,8.73,10.85,1,4,48,1,1
2025-01-05,mean_7,29.65,31.65,1,4,48,7,1
2025-01-05,mean_90,21.8,23.93,0,3,48,90,1
2025-01-05,weekday,39.72,40.56,2,4,48,7,1
2025-01-05,regression,23.23,24.7,0,4,48,90,1
2025-01-05,reg_demand,21.65,22.76,2,4,48,90,1
2025-01-06,naive,15.29,18.75,2,1,48,1,1
2025-01-06,mean_7,18.64,22.42,4,1,48,7,1
2025-01-06,mean_90,14.86,17.07,2,0,48,90,1
2025-01-06,weekday,19.05,23.26,4,1,48,7,1
2025-01-06,regression,31.48,33.77,2,1,48,90,1
2025-01-06,reg_demand,14.67,19.62,2,1,48,90,1
2025-01-07,naive,14.29,19.38,0,3,48,1,1
2025-01-07,mean_7,23.66,28.56,0,0,48,7,1
2025-01-07,mean_90,19.22,23.24,0,0,48,90,1
2025-01-07,weekday,27.14,33.21,0,0,48,7,1
2025-01-07,regression,32.74,37.39,0,0,48,90,1
2025-01-07,reg_demand,15.6,19.78,0,0,48,90,1
2025-01-08,naive,257.73,442.49,0,0,48,1,1
2025-01-08,mean_7,250.02,438.24,0,4,48,7,1
2025-01-08,mean_90,250.98,440.27,1,3,48,90,1
2025-01-08,weekday,257.37,444.17,0,4,48,7,1
2025-01-08,regression,237.73,427.03,2,3,48,90,1
2025-01-08,reg_demand,230.64,413.57,1,3,48,90,1
2025-01-09,naive,257.4,443.43,0,0,48,1,1
2025-01-09,mean_7,46.05,69.51,0,0,48,7,1
2025-01-09,mean_90,22.2,26.6,0,0,48,90,1
2025-01-09,weekday,53.22,69.25,0,0,48,7,1
2025-01-09,regression,16.91,19.45,0,0,48,90,1
2025-01-09,reg_demand,33.83,44.5,2,0,48,90,1
2025-01-10,naive,18.45,22.78,0,0,48,1,1
2025-01-10,mean_7,34.97,55.73,0,3,48,7,1
2025-01-10,mean_90,20.04,23.1,2,3,48,90,1
2025-01-10,weekday,37.56,55.57,0,3,48,7,1
2025-01-10,regression,13.18,18.87,2,3,48,90,1
2025-01-10,reg_demand,43.14,52.08,3,3,48,90,1
2025-01-11,naive,16.44,19.97,0,2,48,1,1
2025-01-11,mean_7,39.5,60.36,4,3,48,7,1
2025-01-11,mean_90,17.3,20.5,2,3,48,90,1
2025-01-11,weekday,32.77,34.75,3,3,48,7,1
2025-01-11,regression,14.89,19.72,3,3,48,90,1
2025-01-11,reg_demand,32.0,37.25,1,3,48,90,1
2025-01-12,naive,12.76,15.69,1,3,48,1,1
2025-01-12,mean_7,39.42,62.72,1,4,48,7,1
2025-01-12,mean_90,16.32,21.03,0,4,48,90,1
2025-01-12,weekday,24.8,26.84,1,4,48,7,1
2025-01-12,regression,13.42,15.58,1,3,48,90,1
2025-01-12,reg_demand,15.09,18.86,1,3,48,90,1
2025-01-13,naive,13.48,17.61,0,3,48,1,1
2025-01-13,mean_7,43.91,68.02,0,3,48,7,1
2025-01-13,mean_90,12.43,13.86,0,3,48,90,1
2025-01-13,weekday,43.43,66.65,0,3,48,7,1
2025-01-13,regression,26.37,28.51,0,3,48,90,1
2025-01-13,reg_demand,19.63,22.85,0,3,48,90,1
2025-01-14,naive,6.89,8.44,0,3,48,1,1
2025-01-14,mean_7,39.78,62.89,2,3,48,7,1
2025-01-14,mean_90,10.0,11.49,2,3,48,90,1
2025-01-14,weekday,37.52,60.42,3,3,48,7,1
2025-01-14,regression,16.42,20.17,1,2,48,90,1
2025-01-14,reg_demand,24.24,30.44,2,3,48,90,1
2025-01-15,naive,10.81,12.85,3,3,48,1,1
2025-01-15,mean_7,34.61,61.14,3,2,48,7,1
2025-01-15,mean_90,16.08,18.89,3,2,48,90,1
2025-01-15,weekday,34.54,59.27,4,2,48,7,1
2025-01-15,regression,13.53,15.35,3,2,48,90,1
2025-01-15,reg_demand,16.25,23.46,3,2,48,90,1
2025-01-16,naive,10.32,12.55,3,0,48,1,1
2025-01-16,mean_7,7.19,10.31,3,0,48,7,1
2025-01-16,mean_90,17.52,21.3,3,0,48,90,1
2025-01-16,weekday,36.94,60.27,3,0,48,7,1
2025-01-16,regression,14.4,16.67,3,0,48,90,1
2025-01-16,reg_demand,10.54,14.61,2,0,48,90,1
2025-01-17,naive,12.26,15.01,3,0,48,1,1
2025-01-17,mean_7,10.75,13.53,3,3,48,7,1
2025-01-17,mean_90,22.18,22.8,3,4,48,90,1
2025-01-17,weekday,29.62,51.21,3,4,48,7,1
2025-01-17,regression,23.85,25.85,3,4,48,90,1
2025-01-17,reg_demand,12.78,15.12,3,4,48,90,1
2025-01-18,naive,8.17,11.47,2,4,48,1,1
2025-01-18,mean_7,6.92,8.66,2,3,48,7,1
2025-01-18,mean_90,15.27,17.2,3,4,48,90,1
2025-01-18,weekday,13.36,14.91,0,4,48,7,1
2025-01-18,regression,8.26,9.88,3,4,48,90,1
2025-01-18,reg_demand,5.99,7.0,2,4,48,90,1
2025-01-19,naive,8.67,11.82,1,3,48,1,1
2025-01-19,mean_7,11.02,14.16,1,4,48,7,1
2025-01-19,mean_90,21.58,23.5,1,3,48,90,1
2025-01-19,weekday,11.51,14.1,0,3,48,7,1
2025-01-19,regression,9.54,13.0,1,3,48,90,1
2025-01-19,reg_demand,9.86,16.79,2,3,48,90,1
2025-01-20,naive,40.89,52.76,0,2,48,1,1
2025-01-20,mean_7,47.36,59.73,1,2,48,7,1
2025-01-20,mean_90,59.59,67.01,1,3,48,90,1
2025-01-20,weekday,48.4,60.57,1,2,48,7,1
2025-01-20,regression,36.54,45.69,0,3,48,90,1
2025-01-20,reg_demand,18.9,25.25,0,3,48,90,1
2025-01-21,naive,22.86,30.3,1,3,48,1,1
2025-01-21,mean_7,24.8,30.38,1,4,48,7,1
2025-01-21,mean_90,44.37,47.37,1,4,48,90,1
2025-01-21,weekday,27.07,32.59,1,4,48,7,1
2025-01-21,regression,23.89,27.88,2,4,48,90,1
2025-01-21,reg_demand,9.93,13.4,2,4,48,90,1
2025-01-22,naive,21.88,28.72,2,4,48,1,1
2025-01-22,mean_7,33.27,44.4,1,4,48,7,1
2025-01-22,mean_90,58.19,65.86,2,4,48,90,1
2025-01-22,weekday,37.37,48.43,1,4,48,7,1
2025-01-22,regression,29.0,36.94,1,4,48,90,1
2025-01-22,reg_demand,17.76,21.73,1,3,48,90,1
2025-01-23,naive,44.58,58.9,1,1,48,1,1
2025-01-23,mean_7,19.28,25.29,1,1,48,7,1
2025-01-23,mean_90,18.53,21.54,2,1,48,90,1
2025-01-23,weekday,18.25,22.98,2,1,48,7,1
2025-01-23,regression,24.83,26.73,2,2,48,90,1
2025-01-23,reg_demand,5.98,8.06,2,2,48,90,1
2025-01-24,naive,27.22,38.92,2,2,48,1,1
2025-01-24,mean_7,43.78,48.88,3,2,48,7,1
2025-01-24,mean_90,19.88,26.09,3,2,48,90,1
2025-01-24,weekday,42.75,47.54,4,2,48,7,1
2025-01-24,regression,22.22,24.36,2,2,48,90,1
2025-01-24,reg_demand,15.6,18.52,3,2,48,90,1
2025-01-25,naive,24.56,30.48,2,3,48,1,1
2025-01-25,mean_7,47.26,53.54,2,3,48,7,1
2025-01-25,mean_90,26.24,33.07,1,3,48,90,1
2025-01-25,weekday,32.91,43.38,1,3,48,7,1
2025-01-25,regression,24.11,26.82,2,3,48,90,1
2025-01-25,reg_demand,30.42,33.88,0,4,48,90,1
2025-01-26,naive,38.25,46.58,0,2,48,1,1
2025-01-26,mean_7,35.48,41.09,0,3,48,7,1
2025-01-26,mean_90,20.89,24.74,0,3,48,90,1
2025-01-26,weekday,18.68,25.17,0,2,48,7,1
2025-01-26,regression,24.38,26.79,2,2,48,90,1
2025-01-26,reg_demand,19.8,22.02,2,1,48,90,1
2025-01-27,naive,36.46,43.97,0,1,48,1,1
2025-01-27,mean_7,37.53,43.26,1,1,48,7,1
2025-01-27,mean_90,22.22,27.9,1,1,48,90,1
2025-01-27,weekday,44.97,49.03,1,1,48,7,1
2025-01-27,regression,15.57,19.52,2,1,48,90,1
2025-01-27,reg_demand,16.64,21.53,2,1,48,90,1
2025-01-28,naive,15.49,22.14,1,1,48,1,1
2025-01-28,mean_7,21.66,26.56,2,4,48,7,1
2025-01-28,mean_90,15.95,22.11,2,4,48,90,1
2025-01-28,weekday,35.18,39.54,2,4,48,7,1
2025-01-28,regression,16.9,21.42,1,4,48,90,1
2025-01-28,reg_demand,26.53,31.75,1,3,48,90,1
2025-01-29,naive,16.08,19.65,2,4,48,1,1
2025-01-29,mean_7,7.64,9.88,3,4,48,7,1
2025-01-29,mean_90,10.65,12.53,3,4,48,90,1
2025-01-29,weekday,18.18,20.96,3,4,48,7,1
2025-01-29,regression,10.6,12.95,2,4,48,90,1
2025-01-29,reg_demand,10.27,12.24,3,4,48,90,1
2025-01-30,naive,19.43,22.78,2,2,48,1,1
2025-01-30,mean_7,23.19,27.49,3,3,48,7,1
2025-01-30,mean_90,17.53,20.86,3,2,48,90,1
2025-01-30,weekday,17.82,20.08,3,2,48,7,1
2025-01-30,regression,15.29,19.08,3,2,48,90,1
2025-01-30,reg_demand,15.57,19.39,3,2,48,90,1
2025-01-31,naive,17.53,19.78,1,3,48,1,1
2025-01-31,mean_7,33.42,38.94,0,4,48,7,1
2025-01-31,mean_90,26.01,30.37,0,3,48,90,1
2025-01-31,weekday,20.27,28.68,0,3,48,7,1
2025-01-31,regression,20.34,25.13,0,3,48,90,1
2025-01-31,reg_demand,20.51,25.42,0,3,48,90,1
2025-02-01,naive,12.44,14.48,1,2,48,1,1
2025-02-01,mean_7,16.64,22.12,2,2,48,7,1
2025-02-01,mean_90,17.05,20.28,2,1,48,90,1
2025-02-01,weekday,13.76,16.99,1,1,48,7,1
2025-02-01,regression,16.39,19.57,1,1,48,90,1
2025-02-01,reg_demand,22.87,26.9,1,1,48,90,1
2025-02-02,naive,9.61,11.88,0,1,48,1,1
2025-02-02,mean_7,13.94,16.87,0,3,48,7,1
2025-02-02,mean_90,16.68,20.39,0,4,48,90,1
2025-02-02,weekday,12.41,14.02,0,4,48,7,1
2025-02-02,regression,20.36,26.48,0,3,48,90,1
2025-02-02,reg_demand,27.94,31.49,0,3,48,90,1
2025-02-03,naive,12.7,17.01,0,0,48,1,1
2025-02-03,mean_7,11.18,15.03,3,0,48,7,1
2025-02-03,mean_90,17.83,21.31,3,0,48,90,1
2025-02-03,weekday,13.24,18.41,3,0,48,7,1
2025-02-03,regression,33.84,36.18,1,1,48,90,1
2025-02-03,reg_demand,26.18,28.79,1,1,48,90,1
2025-02-04,naive,7.49,9.03,0,3,48,1,1
2025-02-04,mean_7,8.21,10.46,1,1,48,7,1
2025-02-04,mean_90,16.77,19.82,1,1,48,90,1
2025-02-04,weekday,13.41,17.48,1,1,48,7,1
2025-02-04,regression,40.68,42.64,1,1,48,90,1
2025-02-04,reg_demand,33.41,36.43,1,1,48,90,1
2025-02-05,naive,11.35,13.73,3,1,48,1,1
2025-02-05,mean_7,11.74,13.66,0,4,48,7,1
2025-02-05,mean_90,23.88,26.81,0,3,48,90,1
2025-02-05,weekday,19.67,21.69,0,4,48,7,1
2025-02-05,regression,24.91,30.11,1,4,48,90,1
2025-02-05,reg_demand,21.86,25.81,1,4,48,90,1
2025-02-06,naive,11.7,14.27,1,1,48,1,1
2025-02-06,mean_7,8.07,12.18,0,1,48,7,1
2025-02-06,mean_90,21.23,26.48,0,1,48,90,1
2025-02-06,weekday,11.12,14.96,0,1,48,7,1
2025-02-06,regression,12.89,17.41,1,1,48,90,1
2025-02-06,reg_demand,11.36,14.95,1,1,48,90,1
2025-02-07,naive,11.56,15.16,0,1,48,1,1
2025-02-07,mean_7,7.44,9.17,2,3,48,7,1
2025-02-07,mean_90,14.9,16.91,4,3,48,90,1
2025-02-07,weekday,6.76,8.51,2,3,48,7,1
2025-02-07,regression,26.38,27.33,3,4,48,90,1
2025-02-07,reg_demand,16.14,17.7,2,4,48,90,1
2025-02-08,naive,16.93,20.55,0,3,48,1,1
2025-02-08,mean_7,17.31,22.19,0,3,48,7,1
2025-02-08,mean_90,26.9,29.72,0,3,48,90,1
2025-02-08,weekday,23.48,26.4,0,3,48,7,1
2025-02-08,regression,21.37,26.65,1,3,48,90,1
2025-02-08,reg_demand,17.8,21.9,0,3,48,90,1
2025-02-09,naive,17.8,20.37,1,3,48,1,1
2025-02-09,mean_7,8.59,12.57,1,3,48,7,1
2025-02-09,mean_90,15.92,18.74,0,3,48,90,1
2025-02-09,weekday,8.82,10.43,0,3,48,7,1
2025-02-10,naive,10.9,13.85,0,3,48,1,1
2025-02-10,mean_7,6.55,8.13,2,3,48,7,1
2025-02-10,mean_90,15.09,18.15,3,2,48,90,1
2025-02-10,weekday,6.29,7.76,3,3,48,7,1
2025-02-10,regression,24.61,26.38,2,2,48,89,1
2025-02-10,reg_demand,17.06,19.46,3,2,48,89,1
2025-02-11,naive,16.07,18.53,3,1,48,1,1
2025-02-11,mean_7,11.97,13.69,1,0,48,7,1
2025-02-11,mean_90,27.8,30.64,4,1,48,90,1
2025-02-11,weekday,12.81,14.94,3,1,48,7,1
2025-02-11,regression,29.02,32.05,3,0,48,89,1
2025-02-11,reg_demand,17.32,20.6,3,0,48,89,1
2025-02-12,naive,8.74,10.36,3,0,48,1,1
2025-02-12,mean_7,13.17,15.76,2,4,48,7,1
2025-02-12,mean_90,30.89,31.61,3,3,48,90,1
2025-02-12,weekday,15.67,19.01,4,2,48,7,1
2025-02-12,regression,21.57,23.02,2,4,48,89,1
2025-02-12,reg_demand,12.39,13.89,2,4,48,89,1
2025-02-13,naive,8.64,9.94,0,2,48,1,1
2025-02-13,mean_7,13.35,16.19,0,2,48,7,1
2025-02-13,mean_90,29.4,32.41,0,2,48,90,1
2025-02-13,weekday,13.92,16.37,0,2,48,7,1
2025-02-13,regression,12.6,15.56,0,2,48,89,1
2025-02-13,reg_demand,10.63,13.29,0,2,48,89,1
2025-02-14,naive,23.98,28.8,1,2,48,1,1
2025-02-14,mean_7,14.49,18.02,1,3,48,7,1
2025-02-14,mean_90,15.45,17.43,2,2,48,90,1
2025-02-14,weekday,14.72,17.01,2,3,48,7,1
2025-02-14,regression,12.96,18.15,2,3,48,89,1
2025-02-14,reg_demand,11.76,17.49,2,3,48,89,1
2025-02-15,naive,9.18,11.92,1,2,48,1,1
2025-02-15,mean_7,8.65,10.89,3,3,48,7,1
2025-02-15,mean_90,17.89,21.54,2,2,48,90,1
2025-02-15,weekday,13.85,17.63,1,3,48,7,1
2025-02-15,regression,15.62,19.61,2,3,48,89,1
2025-02-15,reg_demand,14.15,17.03,0,3,48,89,1
2025-02-16,naive,17.71,21.22,0,3,48,1,1
2025-02-16,mean_7,21.12,25.05,0,3,48,7,1
2025-02-16,mean_90,18.5,20.93,0,2,48,90,1
2025-02-16,weekday,13.06,16.52,0,3,48,7,1
2025-02-16,regression,11.08,13.94,0,2,48,89,1
2025-02-16,reg_demand,13.21,17.42,0,1,48,89,1
2025-02-17,naive,10.26,12.62,0,3,48,1,1
2025-02-17,mean_7,12.0,14.21,3,4,48,7,1
2025-02-17,mean_90,13.4,15.17,3,3,48,90,1
2025-02-17,weekday,13.87,16.62,2,3,48,7,1
2025-02-17,regression,16.03,20.98,0,2,48,89,1
2025-02-17,reg_demand,13.72,17.88,0,3,48,89,1
2025-02-18,naive,14.26,17.53,0,1,48,1,1
2025-02-18,mean_7,20.96,22.87,0,1,48,7,1
2025-02-18,mean_90,17.75,21.07,0,1,48,90,1
2025-02-18,weekday,22.08,24.33,0,1,48,7,1
2025-02-18,regression,27.54,49.66,0,2,48,89,1
2025-02-18,reg_demand,24.02,61.76,0,2,48,89,1
2025-02-19,naive,13.38,17.46,2,1,48,1,1
2025-02-19,mean_7,13.88,16.93,1,4,48,7,1
2025-02-19,mean_90,6.54,8.66,1,3,48,90,1
2025-02-19,weekday,16.81,19.32,2,4,48,7,1
2025-02-19,regression,22.82,25.44,1,3,48,89,1
2025-02-19,reg_demand,11.42,14.4,1,4,48,89,1
2025-02-20,naive,20.22,23.32,1,2,48,1,1
2025-02-20,mean_7,27.64,29.14,0,2,48,7,1
2025-02-20,mean_90,22.46,27.34,0,1,48,90,1
2025-02-20,weekday,34.17,35.54,0,2,48,7,1
2025-02-20,regression,20.58,23.06,0,2,48,89,1
2025-02-20,reg_demand,17.67,20.83,0,2,48,89,1
2025-02-21,naive,32.97,35.91,1,2,48,1,1
2025-02-21,mean_7,53.48,54.72,0,4,48,7,1
2025-02-21,mean_90,54.12,55.73,0,3,48,90,1
2025-02-21,weekday,60.34,61.31,0,4,48,7,1
2025-02-21,regression,17.73,21.97,0,2,48,89,1
2025-02-21,reg_demand,17.59,21.72,0,0,48,89,1
2025-02-22,naive,25.74,29.89,0,3,48,1,1
2025-02-22,mean_7,22.42,27.75,1,3,48,7,1
2025-02-22,mean_90,30.63,34.42,2,2,48,90,1
2025-02-22,weekday,38.89,43.38,1,3,48,7,1
2025-02-22,regression,24.73,27.92,2,3,48,89,1
2025-02-22,reg_demand,15.79,21.96,0,4,48,89,1
2025-02-23,naive,31.68,34.94,0,3,48,1,1
2025-02-23,mean_7,39.89,43.23,0,4,48,7,1
2025-02-23,mean_90,55.59,60.81,0,3,48,90,1
2025-02-23,weekday,60.15,62.77,0,4,48,7,1
2025-02-23,regression,25.16,30.26,2,0,48,89,1
2025-02-23,reg_demand,17.29,22.27,0,0,48,89,1
2025-02-24,naive,32.1,37.84,0,2,48,1,1
2025-02-24,mean_7,26.76,32.37,0,2,48,7,1
2025-02-24,mean_90,42.25,50.81,1,1,48,90,1
2025-02-24,weekday,38.0,45.49,0,2,48,7,1
2025-02-24,regression,14.44,17.11,0,2,48,89,1
2025-02-24,reg_demand,12.43,13.98,0,2,48,89,1
2025-02-25,naive,38.6,46.76,1,2,48,1,1
2025-02-25,mean_7,25.64,27.99,0,3,48,7,1
2025-02-25,mean_90,17.29,20.36,0,2,48,90,1
2025-02-25,weekday,12.64,15.73,0,3,48,7,1
2025-02-25,regression,18.43,20.93,0,3,48,89,1
2025-02-25,reg_demand,14.85,17.75,0,3,48,89,1
2025-02-26,naive,7.87,9.66,0,1,48,1,1
2025-02-26,mean_7,25.47,28.52,0,0,48,7,1
2025-02-26,mean_90,18.62,21.8,0,0,48,90,1
2025-02-26,weekday,13.88,16.95,0,0,48,7,1
2025-02-26,regression,22.55,27.68,0,0,48,89,1
2025-02-26,reg_demand,17.46,23.17,0,0,48,89,1
2025-02-27,naive,10.21,13.4,1,2,48,1,1
2025-02-27,mean_7,22.21,24.95,2,2,48,7,1
2025-02-27,mean_90,19.58,23.76,0,0,48,90,1
2025-02-27,weekday,12.66,15.56,0,2,48,7,1
2025-02-27,regression,12.9,18.29,0,2,48,89,1
2025-02-27,reg_demand,10.04,15.22,2,2,48,89,1
2025-02-28,naive,10.14,11.78,2,1,48,1,1
2025-02-28,mean_7,24.74,26.92,3,2,48,7,1
2025-02-28,mean_90,16.11,19.38,1,1,48,90,1
2025-02-28,weekday,16.08,18.28,1,2,48,7,1
2025-02-28,regression,22.05,27.58,1,2,48,89,1
2025-02-28,reg_demand,14.43,19.52,3,2,48,89,1
2025-03-01,naive,6.92,8.32,2,2,48,1,1
2025-03-01,mean_7,16.67,18.58,2,4,48,7,1
2025-03-01,mean_90,16.73,18.91,0,2,48,90,1
2025-03-01,weekday,7.35,8.52,0,3,48,7,1
2025-03-01,regression,18.03,23.11,0,3,48,89,1
2025-03-01,reg_demand,12.6,16.62,3,3,48,89,1
2025-03-02,naive,6.06,7.46,2,3,48,1,1
2025-03-02,mean_7,16.98,18.37,2,3,48,7,1
2025-03-02,mean_90,16.23,19.06,0,3,48,90,1
2025-03-02,weekday,8.32,10.05,0,4,48,7,1
2025-03-02,regression,16.31,26.05,0,2,48,89,1
2025-03-02,reg_demand,29.8,37.96,2,2,48,89,1
2025-03-03,naive,11.83,13.19,3,4,48,1,1
2025-03-03,mean_7,10.22,12.41,4,3,48,7,1
2025-03-03,mean_90,19.56,23.65,0,3,48,90,1
2025-03-03,weekday,14.04,18.18,1,3,48,7,1
2025-03-03,regression,17.63,20.5,2,2,48,89,1
2025-03-03,reg_demand,15.89,18.13,4,2,48,89,1
2025-03-04,naive,13.61,16.26,3,2,48,1,1
2025-03-04,mean_7,15.65,19.81,3,2,48,7,1
2025-03-04,mean_90,25.48,32.43,0,1,48,90,1
2025-03-04,weekday,11.46,14.46,3,2,48,7,1
2025-03-04,regression,18.86,31.85,0,3,48,89,1
2025-03-04,reg_demand,15.38,22.13,1,3,48,89,1
2025-03-05,naive,19.19,23.15,3,2,48,1,1
2025-03-05,mean_7,27.23,33.58,3,3,48,7,1
2025-03-05,mean_90,33.2,43.02,0,2,48,90,1
2025-03-05,weekday,21.82,27.15,2,3,48,7,1
2025-03-05,regression,17.55,25.22,1,2,48,89,1
2025-03-05,reg_demand,15.87,21.62,2,2,48,89,1
2025-03-06,naive,26.69,30.73,3,3,48,1,1
2025-03-06,mean_7,11.66,13.64,4,2,48,7,1
2025-03-06,mean_90,20.31,25.46,0,1,48,90,1
2025-03-06,weekday,10.48,12.4,4,2,48,7,1
2025-03-06,regression,22.14,26.34,3,2,48,89,1
2025-03-06,reg_demand,25.53,30.18,3,1,48,89,1
2025-03-07,naive,19.07,23.17,0,2,48,1,1
2025-03-07,mean_7,15.93,19.26,0,3,48,7,1
2025-03-07,mean_90,13.98,16.68,0,3,48,90,1
2025-03-07,weekday,16.54,19.49,0,2,48,7,1
2025-03-07,regression,22.65,25.59,2,4,48,89,1
2025-03-07,reg_demand,13.18,14.96,3,4,48,89,1
2025-03-08,naive,13.33,18.27,0,4,48,1,1
2025-03-08,mean_7,11.44,13.35,0,4,48,7,1
2025-03-08,mean_90,18.59,20.37,0,3,48,90,1
2025-03-08,weekday,7.88,9.61,0,4,48,7,1
2025-03-08,regression,13.05,16.51,0,3,48,89,1
2025-03-08,reg_demand,21.93,28.9,0,2,48,89,1
2025-03-09,naive,8.19,9.77,0,3,48,1,1
2025-03-09,mean_7,8.49,9.49,3,3,48,7,1
2025-03-09,mean_90,15.03,19.06,0,2,48,90,1
2025-03-09,weekday,5.72,6.53,2,3,48,7,1
2025-03-09,regression,22.99,26.51,1,3,48,89,1
2025-03-09,reg_demand,12.3,14.37,2,3,48,89,1
2025-03-10,naive,9.73,12.35,1,2,48,1,1
2025-03-10,mean_7,9.24,10.85,2,2,48,7,1
2025-03-10,mean_90,22.3,26.53,0,1,48,90,1
2025-03-10,weekday,9.5,11.1,2,3,48,7,1
2025-03-10,regression,13.29,15.71,1,2,48,89,1
2025-03-10,reg_demand,9.63,11.8,2,3,48,89,1
2025-03-11,naive,11.02,14.07,0,2,48,1,1
2025-03-11,mean_7,10.22,12.78,0,2,48,7,1
2025-03-11,mean_90,14.61,18.85,0,1,48,90,1
2025-03-11,weekday,10.35,13.67,0,2,48,7,1
2025-03-11,regression,8.29,10.55,0,3,48,89,1
2025-03-11,reg_demand,11.24,14.63,1,2,48,89,1
2025-03-12,naive,10.74,12.94,1,3,48,1,1
2025-03-12,mean_7,12.21,15.16,0,3,48,7,1
2025-03-12,mean_90,7.51,10.52,2,2,48,90,1
2025-03-12,weekday,13.78,17.07,0,3,48,7,1
2025-03-12,regression,13.65,18.8,0,3,48,89,1
2025-03-13,naive,6.31,9.28,4,4,48,1,1
2025-03-13,mean_7,11.88,14.43,1,3,48,7,1
2025-03-13,mean_90,9.15,11.29,2,3,48,90,1
2025-03-13,weekday,15.64,17.72,0,3,48,7,1
2025-03-13,regression,13.77,16.88,2,4,48,89,1
2025-03-13,reg_demand,15.61,19.69,2,3,48,89,1
2025-03-14,naive,8.96,10.65,1,1,48,1,1
2025-03-14,mean_7,9.89,12.13,2,1,48,7,1
2025-03-14,mean_90,12.57,14.93,0,1,48,90,1
2025-03-14,weekday,13.3,15.03,3,1,48,7,1
2025-03-14,regression,22.32,25.11,0,1,48,89,1
2025-03-14,reg_demand,22.85,25.06,0,1,48,89,1
2025-03-15,naive,11.22,14.23,1,1,48,1,1
2025-03-15,mean_7,6.4,8.95,1,3,48,7,1
2025-03-15,mean_90,14.06,17.28,1,3,48,90,1
2025-03-15,weekday,9.49,11.55,2,3,48,7,1
2025-03-15,regression,20.72,23.33,2,2,48,89,1
2025-03-15,reg_demand,10.27,13.15,3,2,48,89,1
2025-03-16,naive,7.69,8.99,0,3,48,1,1
2025-03-16,mean_7,6.61,8.76,1,4,48,7,1
2025-03-16,mean_90,11.21,13.41,2,3,48,90,1
2025-03-16,weekday,11.19,14.12,0,3,48,7,1
2025-03-16,regression,22.89,24.76,0,3,48,89,1
2025-03-16,reg_demand,10.86,12.74,1,4,48,89,1
2025-03-17,naive,13.35,18.8,0,0,48,1,1
2025-03-17,mean_7,11.95,16.37,2,0,48,7,1
2025-03-17,mean_90,15.45,17.87,0,0,48,90,1
2025-03-17,weekday,12.84,15.96,3,0,48,7,1
2025-03-17,regression,13.79,16.87,0,0,48,89,1
2025-03-17,reg_demand,12.13,16.09,1,0,48,89,1
2025-03-18,naive,11.82,14.02,0,2,48,1,1
2025-03-18,mean_7,12.45,14.27,0,0,48,7,1
2025-03-18,mean_90,19.06,23.23,0,0,48,90,1
2025-03-18,weekday,12.63,14.14,0,0,48,7,1
2025-03-18,regression,27.79,36.11,0,0,48,89,1
2025-03-18,reg_demand,18.08,20.94,1,1,48,89,1
2025-03-19,naive,22.78,31.38,0,0,48,1,1
2025-03-19,mean_7,18.77,23.72,0,3,48,7,1
2025-03-19,mean_90,17.4,22.88,0,2,48,90,1
2025-03-19,weekday,19.7,24.78,2,2,48,7,1
2025-03-19,regression,10.41,13.14,2,4,48,89,1
2025-03-19,reg_demand,10.2,13.61,1,2,48,89,1
2025-03-20,naive,16.35,21.79,1,2,48,1,1
2025-03-20,mean_7,9.87,11.68,0,2,48,7,1
2025-03-20,mean_90,16.46,19.55,0,2,48,90,1
2025-03-20,weekday,10.29,12.92,0,2,48,7,1
2025-03-20,regression,9.33,10.76,0,3,48,89,1
2025-03-20,reg_demand,8.18,12.21,1,2,48,89,1
2025-03-21,naive,16.24,19.63,2,2,48,1,1
2025-03-21,mean_7,11.19,15.13,2,3,48,7,1
2025-03-21,mean_90,15.57,20.11,0,4,48,90,1
2025-03-21,weekday,13.04,16.82,0,3,48,7,1
2025-03-21,regression,20.13,22.72,4,2,48,89,1
2025-03-21,reg_demand,33.12,37.14,1,0,48,89,1
2025-03-22,naive,20.34,26.21,0,3,48,1,1
2025-03-22,mean_7,18.89,26.43,0,4,48,7,1
2025-03-22,mean_90,14.79,20.11,2,3,48,90,1
2025-03-22,weekday,20.8,23.33,0,3,48,7,1
2025-03-22,regression,10.35,14.05,1,4,48,89,1
2025-03-22,reg_demand,22.96,26.7,1,3,48,89,1
2025-03-23,naive,14.23,19.16,3,2,48,1,1
2025-03-23,mean_7,10.02,12.14,0,2,48,7,1
2025-03-23,mean_90,11.56,13.66,2,2,48,90,1
2025-03-23,weekday,8.47,10.4,2,2,48,7,1
2025-03-23,regression,15.6,20.02,2,2,48,89,1
2025-03-23,reg_demand,10.66,12.8,2,2,48,89,1
2025-03-24,naive,17.45,20.54,0,0,48,1,1
2025-03-24,mean_7,8.59,10.65,1,2,48,7,1
2025-03-24,mean_90,15.18,18.74,0,2,48,90,1
2025-03-24,weekday,6.82,9.04,3,2,48,7,1
2025-03-24,regression,11.63,15.79,1,2,48,89,1
2025-03-24,reg_demand,7.55,11.38,4,2,48,89,1
2025-03-25,naive,11.56,14.97,3,2,48,1,1
2025-03-25,mean_7,8.52,9.78,1,2,48,7,1
2025-03-25,mean_90,13.36,17.46,0,4,48,90,1
2025-03-25,weekday,11.15,13.66,2,2,48,7,1
2025-03-25,regression,13.74,16.49,0,2,48,89,1
2025-03-25,reg_demand,10.18,11.75,0,2,48,89,1
2025-03-26,naive,10.76,13.41,0,1,48,1,1
2025-03-26,mean_7,8.56,11.1,0,1,48,7,1
2025-03-26,mean_90,11.89,15.14,2,1,48,90,1
2025-03-26,weekday,7.48,8.85,0,1,48,7,1
2025-03-26,regression,16.82,22.1,0,1,48,89,1
2025-03-26,reg_demand,13.92,18.41,0,3,48,89,1
2025-03-27,naive,16.05,22.44,2,1,48,1,1
2025-03-27,mean_7,16.56,22.53,0,3,48,7,1
2025-03-27,mean_90,23.78,31.77,0,2,48,90,1
2025-03-27,weekday,17.67,22.53,1,3,48,7,1
2025-03-27,regression,12.76,19.11,1,3,48,89,1
2025-03-27,reg_demand,16.51,20.09,1,1,48,89,1
2025-03-28,naive,41.74,49.84,0,3,48,1,1
2025-03-28,mean_7,44.51,52.67,1,4,48,7,1
2025-03-28,mean_90,53.98,61.43,0,3,48,90,1
2025-03-28,weekday,48.89,56.0,1,3,48,7,1
2025-03-28,regression,29.26,34.76,0,2,48,89,1
2025-03-28,reg_demand,24.25,29.14,1,2,48,89,1
2025-03-29,naive,41.23,46.63,2,0,48,1,1
2025-03-29,mean_7,38.03,48.41,1,0,48,7,1
2025-03-29,mean_90,48.06,62.74,0,0,48,90,1
2025-03-29,weekday,43.71,55.54,0,0,48,7,1
2025-03-29,regression,26.51,34.89,1,2,48,89,1
2025-03-29,reg_demand,25.24,30.63,0,1,48,89,1
2025-03-30,naive,56.19,66.35,1,0,46,1,1
2025-03-30,mean_7,58.91,67.22,1,1,46,7,1
2025-03-30,mean_90,75.49,83.52,0,1,46,90,1
2025-03-30,weekday,64.15,72.82,1,1,46,7,1
2025-03-30,regression,40.54,43.78,1,3,44,89,1
2025-03-30,reg_demand,26.86,30.94,1,2,44,89,1
2025-03-31,naive,68.2,78.66,0,1,46,1,1
2025-03-31,mean_7,22.31,25.36,0,2,48,7,1
2025-03-31,mean_90,12.86,17.16,2,2,48,90,1
2025-03-31,weekday,9.6,12.53,0,2,48,7,1
2025-03-31,regression,36.8,70.84,0,2,48,89,1
2025-03-31,reg_demand,15.9,27.65,0,2,48,89,1
2025-04-01,naive,27.0,35.43,0,2,48,1,1
2025-04-01,mean_7,21.77,25.61,1,0,48,7,1
2025-04-01,mean_90,34.79,48.08,0,0,48,90,1
2025-04-01,weekday,20.87,29.92,1,0,48,7,1
2025-04-01,regression,19.41,29.45,1,3,48,89,1
2025-04-01,reg_demand,11.16,17.21,2,2,48,89,1
2025-04-02,naive,40.8,51.27,1,2,48,1,1
2025-04-02,mean_7,38.15,42.12,3,0,48,7,1
2025-04-02,mean_90,55.99,69.85,0,0,48,90,1
2025-04-02,weekday,43.67,51.9,3,1,48,7,1
2025-04-02,regression,35.87,44.11,0,1,48,89,1
2025-04-02,reg_demand,31.98,37.48,2,3,48,89,1
2025-04-03,naive,50.9,60.98,3,3,48,1,1
2025-04-03,mean_7,38.54,40.28,3,1,48,7,1
2025-04-03,mean_90,14.0,17.38,1,1,48,90,1
2025-04-03,weekday,23.47,24.96,3,2,48,7,1
2025-04-03,regression,28.95,37.09,1,1,48,89,1
2025-04-03,reg_demand,36.98,41.94,2,3,48,89,1
2025-04-04,naive,25.51,28.65,3,2,48,1,1
2025-04-04,mean_7,25.56,31.95,4,0,48,7,1
2025-04-04,mean_90,27.16,35.99,0,0,48,90,1
2025-04-04,weekday,19.9,23.14,4,2,48,7,1
2025-04-04,regression,19.62,24.55,0,3,48,89,1
2025-04-04,reg_demand,17.53,21.06,2,2,48,89,1
2025-04-05,naive,54.21,67.59,4,0,48,1,1
2025-04-05,mean_7,41.2,53.39,4,0,48,7,1
2025-04-05,mean_90,67.11,86.85,0,0,48,90,1
2025-04-05,weekday,46.93,65.41,4,1,48,7,1
2025-04-05,regression,38.96,50.9,2,2,48,89,1
2025-04-05,reg_demand,29.4,41.3,2,3,48,89,1
2025-04-06,naive,28.85,35.97,1,4,48,1,1
2025-04-06,mean_7,25.05,29.75,1,3,48,7,1
2025-04-06,mean_90,59.05,64.96,0,0,48,90,1
2025-04-06,weekday,29.77,34.46,1,2,48,7,1
2025-04-06,regression,40.95,44.96,0,2,48,89,1
2025-04-06,reg_demand,26.05,30.28,1,1,48,89,1
2025-04-07,naive,40.63,49.23,0,1,48,1,1
2025-04-07,mean_7,17.43,23.24,0,2,48,7,1
2025-04-07,mean_90,19.41,26.29,0,0,48,90,1
2025-04-07,weekday,11.77,15.76,0,3,48,7,1
2025-04-07,regression,20.35,23.27,2,2,48,89,1
2025-04-07,reg_demand,14.84,19.79,1,0,48,89,1
2025-04-08,naive,9.4,10.87,1,3,48,1,1
2025-04-08,mean_7,23.69,29.35,1,2,48,7,1
2025-04-08,mean_90,13.33,18.32,0,0,48,90,1
2025-04-08,weekday,15.66,19.46,1,3,48,7,1
2025-04-08,regression,18.26,20.64,0,3,48,89,1
2025-04-08,reg_demand,12.99,15.27,1,0,48,89,1
2025-04-09,naive,8.96,10.53,1,2,48,1,1
2025-04-09,mean_7,22.73,30.33,1,2,48,7,1
2025-04-09,mean_90,11.04,14.53,0,2,48,90,1
2025-04-09,weekday,15.6,18.91,1,2,48,7,1
2025-04-09,regression,19.8,21.72,1,2,48,89,1
2025-04-09,reg_demand,13.17,16.05,1,1,48,89,1
2025-04-10,naive,12.78,14.74,0,2,48,1,1
2025-04-10,mean_7,12.34,16.05,1,2,48,7,1
2025-04-10,mean_90,17.49,21.87,0,0,48,90,1
2025-04-10,weekday,6.87,8.83,1,4,48,7,1
2025-04-10,regression,16.6,19.83,3,3,48,89,1
2025-04-10,reg_demand,9.11,10.67,2,3,48,89,1
2025-04-11,naive,8.82,11.79,0,3,48,1,1
2025-04-11,mean_7,8.16,12.07,2,2,48,7,1
2025-04-11,mean_90,18.8,21.72,0,0,48,90,1
2025-04-11,weekday,8.59,10.79,2,3,48,7,1
2025-04-11,regression,16.9,19.0,2,1,48,89,1
2025-04-11,reg_demand,8.2,11.71,2,2,48,89,1
2025-04-12,naive,22.22,28.8,1,0,48,1,1
2025-04-12,mean_7,18.22,22.11,3,0,48,7,1
2025-04-12,mean_90,32.48,41.76,0,0,48,90,1
2025-04-12,weekday,23.21,26.78,2,0,48,7,1
2025-04-12,regression,26.39,32.44,3,0,48,89,1
2025-04-12,reg_demand,15.26,19.84,3,0,48,89,1
2025-04-13,naive,26.62,35.48,0,0,48,1,1
2025-04-13,mean_7,17.42,23.41,0,1,48,7,1
2025-04-13,mean_90,30.32,35.41,2,0,48,90,1
2025-04-13,weekday,20.33,25.16,0,2,48,7,1
2025-04-13,regression,28.83,34.19,0,1,48,89,1
2025-04-13,reg_demand,16.54,19.18,0,2,48,89,1
2025-04-14,naive,21.72,26.99,0,1,48,1,1
2025-04-14,mean_7,11.57,14.7,0,2,48,7,1
2025-04-14,mean_90,20.19,24.14,0,1,48,90,1
2025-04-14,weekday,13.16,18.26,0,1,48,7,1
2025-04-14,regression,12.93,15.65,0,2,48,89,1
2025-04-14,reg_demand,13.29,16.26,0,3,48,89,1
2025-04-15,naive,16.61,22.66,0,0,48,1,1
2025-04-15,mean_7,14.44,18.72,0,0,48,7,1
2025-04-15,mean_90,10.88,14.14,2,1,48,90,1
2025-04-15,weekday,13.67,17.2,0,0,48,7,1
2025-04-15,regression,22.43,27.18,0,1,48,89,1
2025-04-15,reg_demand,11.29,15.14,0,1,48,89,1
2025-04-16,naive,12.29,15.77,0,1,48,1,1
2025-04-16,mean_7,7.05,9.76,1,2,48,7,1
2025-04-16,mean_90,13.8,17.96,0,0,48,90,1
2025-04-16,weekday,7.45,8.97,1,2,48,7,1
2025-04-16,regression,15.06,21.74,0,2,48,89,1
2025-04-16,reg_demand,17.79,21.88,1,1,48,89,1
2025-04-17,naive,11.75,13.23,0,2,48,1,1
2025-04-17,mean_7,13.6,14.66,0,2,48,7,1
2025-04-17,mean_90,8.98,11.29,3,1,48,90,1
2025-04-17,weekday,8.49,9.72,0,2,48,7,1
2025-04-17,regression,10.74,13.23,0,1,48,89,1
2025-04-17,reg_demand,7.5,9.14,0,0,48,89,1
2025-04-18,naive,8.11,10.09,0,1,48,1,1
2025-04-18,mean_7,8.11,9.47,1,2,48,7,1
2025-04-18,mean_90,8.88,10.6,0,2,48,90,1
2025-04-18,weekday,4.95,6.57,1,1,48,7,1
2025-04-18,regression,15.95,17.54,0,1,48,89,1
2025-04-18,reg_demand,11.54,14.19,0,0,48,89,1
2025-04-19,naive,18.82,25.26,1,2,48,1,1
2025-04-19,mean_7,15.33,20.22,3,1,48,7,1
2025-04-19,mean_90,25.2,33.12,0,0,48,90,1
2025-04-19,weekday,14.27,15.97,3,3,48,7,1
2025-04-19,regression,19.13,25.1,3,1,48,89,1
2025-04-19,reg_demand,19.06,22.07,3,3,48,89,1
2025-04-20,naive,20.31,27.0,3,2,48,1,1
2025-04-20,mean_7,10.23,12.16,4,3,48,7,1
2025-04-20,mean_90,8.17,10.42,0,2,48,90,1
2025-04-20,weekday,37.21,42.05,4,3,48,7,1
2025-04-20,regression,9.17,11.95,3,0,48,89,1
2025-04-20,reg_demand,18.56,19.53,4,3,48,89,1
2025-04-21,naive,7.77,10.51,0,4,48,1,1
2025-04-21,mean_7,11.3,14.68,0,4,48,7,1
2025-04-21,mean_90,9.11,11.03,1,3,48,90,1
2025-04-21,weekday,12.53,14.41,0,1,48,7,1
2025-04-21,regression,16.34,20.0,1,0,48,89,1
2025-04-21,reg_demand,8.38,9.68,1,3,48,89,1
2025-04-22,naive,13.83,16.08,2,0,48,1,1
2025-04-22,mean_7,6.79,9.11,1,0,48,7,1
2025-04-22,mean_90,9.78,12.29,1,0,48,90,1
2025-04-22,weekday,6.14,8.25,0,1,48,7,1
2025-04-22,regression,11.38,13.63,0,3,48,89,1
2025-04-22,reg_demand,6.61,8.21,2,2,48,89,1
2025-04-23,naive,8.15,11.45,1,0,48,1,1
2025-04-23,mean_7,7.86,8.89,0,2,48,7,1
2025-04-23,mean_90,9.94,11.2,0,3,48,90,1
2025-04-23,weekday,8.33,9.79,0,3,48,7,1
2025-04-23,regression,18.3,20.27,1,0,48,89,1
2025-04-23,reg_demand,10.3,12.87,2,2,48,89,1
2025-04-24,naive,8.47,12.66,0,1,48,1,1
2025-04-24,mean_7,9.02,10.8,0,2,48,7,1
2025-04-24,mean_90,14.38,17.64,1,1,48,90,1
2025-04-24,weekday,9.77,11.49,1,1,48,7,1
2025-04-24,regression,17.46,20.2,1,0,48,89,1
2025-04-24,reg_demand,14.85,17.22,2,0,48,89,1
2025-04-25,naive,10.59,14.8,1,0,48,1,1
2025-04-25,mean_7,6.22,9.92,2,0,48,7,1
2025-04-25,mean_90,8.6,11.24,2,0,48,90,1
2025-04-25,weekday,6.69,8.88,0,1,48,7,1
2025-04-25,regression,8.44,9.74,2,2,48,89,1
2025-04-25,reg_demand,5.92,7.56,2,3,48,89,1
2025-04-26,naive,9.61,11.82,2,2,48,1,1
2025-04-26,mean_7,8.21,9.62,2,0,48,7,1
2025-04-26,mean_90,12.18,16.0,1,0,48,90,1
2025-04-26,weekday,25.69,31.79,1,0,48,7,1
2025-04-26,regression,17.72,20.4,0,2,48,89,1
2025-04-26,reg_demand,9.04,10.15,0,0,48,89,1
2025-04-27,naive,41.42,52.48,1,0,48,1,1
2025-04-27,mean_7,44.89,56.03,3,2,48,7,1
2025-04-27,mean_90,51.16,61.61,4,1,48,90,1
2025-04-27,weekday,24.74,31.77,4,3,48,7,1
2025-04-27,regression,36.3,42.72,4,2,48,89,1
2025-04-27,reg_demand,20.82,29.24,4,3,48,89,1
2025-04-28,naive,45.89,54.14,0,3,48,1,1
2025-04-28,mean_7,12.45,16.25,0,4,48,7,1
2025-04-28,mean_90,13.18,16.18,0,1,48,90,1
2025-04-28,weekday,12.29,15.27,0,2,48,7,1
2025-04-28,regression,14.89,19.89,0,1,48,89,1
2025-04-28,reg_demand,12.51,16.15,0,3,48,89,1
2025-04-29,naive,11.87,15.31,2,0,48,1,1
2025-04-29,mean_7,10.13,11.46,1,0,48,7,1
2025-04-29,mean_90,6.73,8.64,1,2,48,90,1
2025-04-29,weekday,6.33,7.36,1,1,48,7,1
2025-04-29,regression,14.6,16.64,1,0,48,89,1
2025-04-29,reg_demand,8.32,10.95,1,0,48,89,1
2025-04-30,naive,7.02,8.72,1,0,48,1,1
2025-04-30,mean_7,9.65,11.68,1,4,48,7,1
2025-04-30,mean_90,8.18,11.1,1,1,48,90,1
2025-04-30,weekday,5.67,6.99,2,4,48,7,1
2025-04-30,regression,14.21,16.22,1,1,48,89,1
2025-04-30,reg_demand,8.75,10.93,1,2,48,89,1
2025-05-01,naive,8.99,10.02,0,1,48,1,1
2025-05-01,mean_7,6.66,7.53,0,1,48,7,1
2025-05-01,mean_90,12.51,15.59,0,1,48,90,1
2025-05-01,weekday,8.73,9.79,0,1,48,7,1
2025-05-01,regression,8.83,11.18,0,0,48,89,1
2025-05-01,reg_demand,5.94,6.85,0,3,48,89,1
2025-05-02,naive,9.89,12.34,2,1,48,1,1
2025-05-02,mean_7,9.1,10.84,1,4,48,7,1
2025-05-02,mean_90,14.91,17.79,1,1,48,90,1
2025-05-02,weekday,9.54,11.0,2,4,48,7,1
2025-05-02,regression,11.47,14.16,2,2,48,89,1
2025-05-02,reg_demand,8.08,9.53,2,3,48,89,1
2025-05-03,naive,24.67,29.29,0,3,48,1,1
2025-05-03,mean_7,19.9,24.45,0,3,48,7,1
2025-05-03,mean_90,32.82,37.68,1,0,48,90,1
2025-05-03,weekday,12.52,16.55,1,3,48,7,1
2025-05-03,regression,18.79,23.12,0,3,48,89,1
2025-05-03,reg_demand,10.27,12.18,1,3,48,89,1
2025-05-04,naive,37.12,44.51,0,3,48,1,1
2025-05-04,mean_7,46.81,54.07,0,2,48,7,1
2025-05-04,mean_90,63.41,69.97,0,0,48,90,1
2025-05-04,weekday,42.28,50.9,0,2,48,7,1
2025-05-04,regression,52.77,59.99,0,3,48,89,1
2025-05-04,reg_demand,33.33,39.25,0,2,48,89,1
2025-05-05,naive,51.95,61.07,1,2,48,1,1
2025-05-05,mean_7,11.93,15.4,0,2,48,7,1
2025-05-05,mean_90,13.87,16.41,0,0,48,90,1
2025-05-05,weekday,10.36,12.35,0,2,48,7,1
2025-05-05,regression,17.05,20.23,0,2,48,89,1
2025-05-05,reg_demand,16.22,21.57,0,2,48,89,1
2025-05-06,naive,10.84,13.38,0,1,48,1,1
2025-05-06,mean_7,12.17,13.93,1,3,48,7,1
2025-05-06,mean_90,8.91,11.65,1,1,48,90,1
2025-05-06,weekday,4.06,5.15,2,3,48,7,1
2025-05-06,regression,12.62,14.54,0,1,48,89,1
2025-05-06,reg_demand,6.95,8.15,2,3,48,89,1
2025-05-07,naive,10.62,12.19,1,3,48,1,1
2025-05-07,mean_7,23.01,24.15,2,4,48,7,1
2025-05-07,mean_90,6.73,9.24,2,1,48,90,1
2025-05-07,weekday,10.44,12.03,2,4,48,7,1
2025-05-07,regression,10.96,13.18,2,1,48,89,1
2025-05-07,reg_demand,7.36,9.15,2,0,48,89,1
2025-05-08,naive,8.39,10.34,1,4,48,1,1
2025-05-08,mean_7,25.63,26.67,3,4,48,7,1
2025-05-08,mean_90,9.91,12.44,3,1,48,90,1
2025-05-08,weekday,13.42,16.45,1,4,48,7,1
2025-05-08,regression,18.62,22.55,2,1,48,89,1
2025-05-08,reg_demand,13.18,16.33,1,2,48,89,1
2025-05-09,naive,18.52,21.99,2,0,48,1,1
2025-05-09,mean_7,23.0,28.89,2,0,48,7,1
2025-05-09,mean_90,14.44,20.22,2,0,48,90,1
2025-05-09,weekday,13.33,19.59,2,0,48,7,1
2025-05-09,regression,16.92,20.82,2,0,48,89,1
2025-05-09,reg_demand,15.42,19.57,1,1,48,89,1
2025-05-10,naive,16.19,19.16,1,0,48,1,1
2025-05-10,mean_7,9.34,12.15,2,4,48,7,1
2025-05-10,mean_90,12.75,16.57,1,2,48,90,1
2025-05-10,weekday,19.1,21.57,1,4,48,7,1
2025-05-10,regression,7.55,9.87,0,3,48,89,1
2025-05-10,reg_demand,15.45,17.2,0,3,48,89,1
2025-05-11,naive,14.01,18.03,1,4,48,1,1
2025-05-11,mean_7,12.75,15.12,0,4,48,7,1
2025-05-11,mean_90,16.63,22.61,0,2,48,90,1
2025-05-11,weekday,11.7,15.44,0,4,48,7,1
2025-05-11,regression,12.72,16.45,0,3,48,90,1
2025-05-11,reg_demand,12.96,17.3,0,4,48,90,1
2025-05-12,naive,20.8,28.25,0,0,48,1,1
2025-05-12,mean_7,11.29,13.99,1,0,48,7,1
2025-05-12,mean_90,9.28,11.06,1,0,48,90,1
2025-05-12,weekday,9.46,11.79,1,0,48,7,1
2025-05-12,regression,8.34,9.4,1,3,48,90,1
2025-05-12,reg_demand,13.11,14.82,1,0,48,90,1
2025-05-13,naive,11.68,13.58,1,0,48,1,1
2025-05-13,mean_7,7.22,8.59,4,4,48,7,1
2025-05-13,mean_90,8.36,9.55,3,2,48,90,1
2025-05-13,weekday,7.79,9.14,2,4,48,7,1
2025-05-13,regression,11.6,13.66,3,3,48,90,1
2025-05-13,reg_demand,12.61,13.39,3,4,48,90,1
2025-05-14,naive,14.53,16.31,0,2,48,1,1
2025-05-14,mean_7,10.74,13.54,0,2,48,7,1
2025-05-14,mean_90,9.8,12.92,0,1,48,90,1
2025-05-14,weekday,10.89,14.06,0,2,48,7,1
2025-05-14,regression,13.8,18.58,0,2,48,90,1
2025-05-14,reg_demand,13.04,16.86,0,2,48,90,1
2025-05-15,naive,12.83,14.93,3,2,48,1,1
2025-05-15,mean_7,12.06,14.27,0,4,48,7,1
2025-05-15,mean_90,11.41,14.16,0,2,48,90,1
2025-05-15,weekday,11.47,14.06,0,4,48,7,1
2025-05-15,regression,15.82,20.59,0,2,48,90,1
2025-05-15,reg_demand,17.67,21.97,0,3,48,90,1
2025-05-16,naive,19.5,28.05,0,2,48,1,1
2025-05-16,mean_7,16.06,20.75,1,2,48,7,1
2025-05-16,mean_90,16.21,20.17,2,0,48,90,1
2025-05-16,weekday,20.49,24.54,2,2,48,7,1
2025-05-16,regression,10.57,12.67,2,3,48,90,1
2025-05-16,reg_demand,10.68,13.5,2,1,48,90,1
2025-05-17,naive,13.64,17.31,3,3,48,1,1
2025-05-17,mean_7,15.62,26.57,2,3,48,7,1
2025-05-17,mean_90,19.97,30.32,2,1,48,90,1
2025-05-17,weekday,17.16,20.52,1,3,48,7,1
2025-05-17,regression,11.97,16.24,2,3,48,90,1
2025-05-17,reg_demand,11.0,14.44,2,3,48,90,1
2025-05-18,naive,9.9,16.17,2,3,48,1,1
2025-05-18,mean_7,9.37,14.08,4,4,48,7,1
2025-05-18,mean_90,13.88,19.1,4,2,48,90,1
2025-05-18,weekday,12.51,15.34,4,4,48,7,1
2025-05-18,regression,9.23,11.55,4,3,48,90,1
2025-05-18,reg_demand,9.77,11.91,4,4,48,90,1
2025-05-19,naive,14.42,19.46,0,3,48,1,1
2025-05-19,mean_7,7.48,8.79,1,3,48,7,1
2025-05-19,mean_90,9.46,11.48,0,2,48,90,1
2025-05-19,weekday,6.37,8.31,0,3,48,7,1
2025-05-19,regression,4.79,5.86,1,2,48,90,1
2025-05-19,reg_demand,8.17,9.32,0,3,48,90,1
2025-05-20,naive,7.97,10.13,0,3,48,1,1
2025-05-20,mean_7,7.95,11.31,0,3,48,7,1
2025-05-20,mean_90,6.09,8.38,1,2,48,90,1
2025-05-20,weekday,5.36,7.0,0,3,48,7,1
2025-05-20,regression,7.01,8.2,2,3,48,90,1
2025-05-20,reg_demand,5.4,7.3,1,3,48,90,1
2025-05-21,naive,11.33,13.71,0,0,48,1,1
2025-05-21,mean_7,10.43,13.22,3,0,48,7,1
2025-05-21,mean_90,12.03,14.74,2,0,48,90,1
2025-05-21,weekday,10.36,12.67,4,0,48,7,1
2025-05-21,regression,9.04,11.47,3,1,48,90,1
2025-05-21,reg_demand,10.21,12.53,3,1,48,90,1
2025-05-22,naive,12.75,16.34,2,1,48,1,1
2025-05-22,mean_7,17.96,20.61,2,1,48,7,1
2025-05-22,mean_90,14.18,16.18,1,1,48,90,1
2025-05-22,weekday,13.97,15.39,2,1,48,7,1
2025-05-22,regression,15.11,16.27,2,0,48,90,1
2025-05-22,reg_demand,15.01,16.48,2,1,48,90,1
2025-05-23,naive,17.84,18.82,0,2,48,1,1
2025-05-23,mean_7,10.46,12.11,2,0,48,7,1
2025-05-23,mean_90,8.49,11.2,1,0,48,90,1
2025-05-23,weekday,7.39,8.8,2,0,48,7,1
2025-05-23,regression,8.6,10.09,2,0,48,90,1
2025-05-23,reg_demand,8.29,11.3,2,0,48,90,1
2025-05-24,naive,53.24,59.12,0,0,48,1,1
2025-05-24,mean_7,56.13,60.13,1,2,48,7,1
2025-05-24,mean_90,58.62,62.72,1,2,48,90,1
2025-05-24,weekday,34.29,37.68,1,2,48,7,1
2025-05-24,regression,58.94,64.13,0,0,48,90,1
2025-05-24,reg_demand,39.15,42.89,1,1,48,90,1
2025-05-25,naive,20.47,26.95,1,0,48,1,1
2025-05-25,mean_7,58.54,62.24,1,1,48,7,1
2025-05-25,mean_90,66.66,70.97,0,0,48,90,1
2025-05-25,weekday,40.6,44.27,0,1,48,7,1
2025-05-25,regression,31.94,37.63,0,2,48,90,1
2025-05-25,reg_demand,19.9,24.33,0,1,48,90,1
2025-05-26,naive,17.38,25.88,2,1,48,1,1
2025-05-26,mean_7,36.55,41.17,0,3,48,7,1
2025-05-26,mean_90,50.37,54.97,0,2,48,90,1
2025-05-26,weekday,51.41,56.7,0,3,48,7,1
2025-05-26,regression,30.28,35.93,0,2,48,90,1
2025-05-26,reg_demand,13.07,15.3,0,4,48,90,1
2025-05-27,naive,42.5,56.09,0,2,48,1,1
2025-05-27,mean_7,35.17,38.65,0,2,48,7,1
2025-05-27,mean_90,29.88,36.67,0,4,48,90,1
2025-05-27,weekday,31.9,36.72,0,2,48,7,1
2025-05-27,regression,14.16,17.07,2,3,48,90,1
2025-05-27,reg_demand,17.86,20.46,2,3,48,90,1
2025-05-28,naive,28.78,38.49,0,2,48,1,1
2025-05-28,mean_7,31.1,33.11,0,4,48,7,1
2025-05-28,mean_90,8.85,11.2,0,2,48,90,1
2025-05-28,weekday,13.54,15.65,0,4,48,7,1
2025-05-28,regression,13.42,15.61,0,3,48,90,1
2025-05-28,reg_demand,16.03,19.22,0,4,48,90,1
2025-05-29,naive,59.97,66.47,0,1,48,1,1
2025-05-29,mean_7,31.6,36.69,0,1,48,7,1
2025-05-29,mean_90,52.38,57.75,4,0,48,90,1
2025-05-29,weekday,47.92,53.5,0,1,48,7,1
2025-05-29,regression,33.71,39.21,4,0,48,90,1
2025-05-29,reg_demand,28.25,33.16,4,1,48,90,1
2025-05-30,naive,46.4,51.67,0,2,48,1,1
2025-05-30,mean_7,23.91,27.09,0,3,48,7,1
2025-05-30,mean_90,17.89,19.49,0,1,48,90,1
2025-05-30,weekday,12.65,15.34,0,3,48,7,1
2025-05-30,regression,8.98,11.06,0,3,48,90,1
2025-05-30,reg_demand,8.33,11.0,0,3,48,90,1
2025-05-31,naive,28.91,35.92,0,1,48,1,1
2025-05-31,mean_7,24.03,28.29,0,1,48,7,1
2025-05-31,mean_90,24.37,32.97,3,3,48,90,1
2025-05-31,weekday,17.73,20.07,3,1,48,7,1
2025-05-31,regression,19.39,24.99,3,0,48,90,1
2025-05-31,reg_demand,12.54,15.2,3,1,48,90,1
2025-06-01,naive,27.73,34.2,4,0,48,1,1
2025-06-01,mean_7,20.89,25.39,0,2,48,7,1
2025-06-01,mean_90,47.11,52.5,3,0,48,90,1
2025-06-01,weekday,24.28,28.47,3,1,48,7,1
2025-06-01,regression,23.37,29.51,3,2,48,90,1
2025-06-01,reg_demand,10.74,13.46,3,2,48,90,1
2025-06-02,naive,44.96,51.63,0,0,48,1,1
2025-06-02,mean_7,27.86,31.63,0,0,48,7,1
2025-06-02,mean_90,16.57,23.58,0,0,48,90,1
2025-06-02,weekday,20.43,25.16,0,0,48,7,1
2025-06-02,regression,18.26,21.26,0,3,48,90,1
2025-06-02,reg_demand,15.15,16.75,1,0,48,90,1
2025-06-03,naive,61.4,67.04,0,0,48,1,1
2025-06-03,mean_7,46.55,51.61,1,3,48,7,1
2025-06-03,mean_90,65.58,70.47,2,3,48,90,1
2025-06-03,weekday,49.26,55.01,0,4,48,7,1
2025-06-03,regression,26.85,30.33,2,1,48,90,1
2025-06-03,reg_demand,26.86,29.99,2,3,48,90,1
2025-06-04,naive,32.02,36.5,1,4,48,1,1
2025-06-04,mean_7,15.37,18.5,2,3,48,7,1
2025-06-04,mean_90,32.93,37.85,3,3,48,90,1
2025-06-04,weekday,14.27,17.84,1,4,48,7,1
2025-06-04,regression,15.61,19.83,3,3,48,90,1
2025-06-04,reg_demand,14.98,19.04,3,4,48,90,1
2025-06-05,naive,41.1,46.61,0,2,48,1,1
2025-06-05,mean_7,41.22,46.39,0,1,48,7,1
2025-06-05,mean_90,16.39,18.25,0,3,48,90,1
2025-06-05,weekday,31.2,33.68,2,2,48,7,1
2025-06-05,regression,15.41,20.41,0,2,48,90,1
2025-06-05,reg_demand,14.54,18.42,2,2,48,90,1
2025-06-06,naive,13.85,16.93,0,2,48,1,1
2025-06-06,mean_7,37.4,42.0,0,4,48,7,1
2025-06-06,mean_90,20.64,23.02,0,3,48,90,1
2025-06-06,weekday,33.42,36.82,0,4,48,7,1
2025-06-06,regression,21.12,23.02,0,3,48,90,1
2025-06-06,reg_demand,22.21,24.07,0,3,48,90,1
2025-06-07,naive,15.17,25.09,0,0,48,1,1
2025-06-07,mean_7,44.2,46.69,3,0,48,7,1
2025-06-07,mean_90,22.48,23.9,3,0,48,90,1
2025-06-07,weekday,51.38,54.5,3,0,48,7,1
2025-06-07,regression,10.41,11.41,0,2,48,90,1
2025-06-07,reg_demand,22.47,23.96,2,0,48,90,1
2025-06-08,naive,59.9,74.27,0,0,48,1,1
2025-06-08,mean_7,34.44,43.17,0,1,48,7,1
2025-06-08,mean_90,41.67,53.97,0,2,48,90,1
2025-06-08,weekday,33.57,40.1,0,1,48,7,1
2025-06-08,regression,32.45,41.07,0,1,48,90,1
2025-06-08,reg_demand,28.38,34.52,1,1,48,90,1
2025-06-09,naive,50.2,65.2,0,0,48,1,1
2025-06-09,mean_7,23.32,27.55,0,0,48,7,1
2025-06-09,mean_90,14.04,17.67,0,0,48,90,1
2025-06-09,weekday,26.54,31.42,0,0,48,7,1
2025-06-09,regression,11.4,14.06,0,0,48,90,1
2025-06-09,reg_demand,11.08,13.8,1,0,48,90,1
2025-06-10,naive,31.4,38.25,0,0,48,1,1
2025-06-10,mean_7,12.3,14.58,2,3,48,7,1
2025-06-10,mean_90,22.65,27.86,0,2,48,90,1
2025-06-10,weekday,14.9,17.58,0,3,48,7,1
2025-06-10,regression,12.98,15.44,1,3,48,90,1
2025-06-10,reg_demand,14.8,17.12,2,3,48,90,1
2025-06-11,naive,27.74,34.36,0,3,48,1,1
2025-06-11,mean_7,14.56,18.07,0,4,48,7,1
2025-06-11,mean_90,9.39,11.79,0,3,48,90,1
2025-06-11,weekday,21.74,24.51,0,4,48,7,1
2025-06-11,regression,18.8,21.87,0,0,48,90,1
2025-06-11,reg_demand,14.6,17.58,0,0,48,90,1
2025-06-12,naive,9.25,12.21,2,4,48,1,1
2025-06-12,mean_7,16.66,19.44,0,4,48,7,1
2025-06-12,mean_90,12.77,14.85,0,3,48,90,1
2025-06-12,weekday,20.11,23.81,0,4,48,7,1
2025-06-12,regression,36.41,42.94,0,3,48,90,1
2025-06-12,reg_demand,29.66,34.75,0,4,48,90,1
2025-06-13,naive,25.26,32.54,0,2,48,1,1
2025-06-13,mean_7,17.88,25.59,0,2,48,7,1
2025-06-13,mean_90,14.16,21.16,3,3,48,90,1
2025-06-13,weekday,18.14,25.7,0,2,48,7,1
2025-06-13,regression,14.42,19.38,3,2,48,90,1
2025-06-13,reg_demand,13.73,18.37,4,2,48,90,1
2025-06-14,naive,21.21,25.2,3,0,48,1,1
2025-06-14,mean_7,26.12,35.39,2,0,48,7,1
2025-06-14,mean_90,25.55,34.54,2,0,48,90,1
2025-06-14,weekday,28.86,31.33,4,1,48,7,1
2025-06-14,regression,22.64,30.11,1,0,48,90,1
2025-06-14,reg_demand,20.23,24.89,2,0,48,90,1
2025-06-15,naive,18.4,24.45,2,0,48,1,1
2025-06-15,mean_7,13.85,16.4,1,3,48,7,1
2025-06-15,mean_90,12.04,15.25,3,3,48,90,1
2025-06-15,weekday,27.2,30.47,2,2,48,7,1
2025-06-15,regression,12.53,15.81,2,3,48,90,1
2025-06-15,reg_demand,17.72,20.74,3,3,48,90,1
2025-06-16,naive,19.43,25.81,0,1,48,1,1
2025-06-16,mean_7,13.79,19.32,0,1,48,7,1
2025-06-16,mean_90,14.1,17.51,0,1,48,90,1
2025-06-16,weekday,13.5,15.7,0,1,48,7,1
2025-06-16,regression,16.41,20.6,0,1,48,90,1
2025-06-16,reg_demand,15.34,18.99,0,1,48,90,1
2025-06-17,naive,19.34,21.88,1,1,48,1,1
2025-06-17,mean_7,11.01,12.73,3,4,48,7,1
2025-06-17,mean_90,10.87,12.68,3,4,48,90,1
2025-06-17,weekday,11.83,14.04,2,4,48,7,1
2025-06-17,regression,16.06,18.74,2,3,48,90,1
2025-06-17,reg_demand,11.24,13.3,3,4,48,90,1
2025-06-18,naive,27.97,30.59,3,3,48,1,1
2025-06-18,mean_7,27.35,28.88,3,3,48,7,1
2025-06-18,mean_90,28.94,29.66,3,3,48,90,1
2025-06-18,weekday,27.37,27.93,2,3,48,7,1
2025-06-18,regression,30.74,31.69,3,4,48,90,1
2025-06-18,reg_demand,23.82,24.45,3,3,48,90,1
2025-06-19,naive,7.15,9.01,2,3,48,1,1
2025-06-19,mean_7,21.19,25.49,2,4,48,7,1
2025-06-19,mean_90,25.56,26.68,3,4,48,90,1
2025-06-19,weekday,20.85,22.75,2,4,48,7,1
2025-06-19,regression,18.6,22.44,2,3,48,90,1
2025-06-19,reg_demand,14.64,17.57,3,3,48,90,1
2025-06-20,naive,9.55,12.8,1,0,48,1,1
2025-06-20,mean_7,22.12,27.62,1,0,48,7,1
2025-06-20,mean_90,29.09,31.35,1,0,48,90,1
2025-06-20,weekday,18.36,21.15,2,0,48,7,1
2025-06-20,regression,32.99,35.08,1,0,48,90,1
2025-06-20,reg_demand,24.06,25.92,1,0,48,90,1
2025-06-21,naive,14.42,20.63,0,0,48,1,1
2025-06-21,mean_7,14.19,20.29,0,4,48,7,1
2025-06-21,mean_90,20.4,24.91,0,4,48,90,1
2025-06-21,weekday,39.3,44.48,0,1,48,7,1
2025-06-21,regression,22.74,26.61,0,3,48,90,1
2025-06-21,reg_demand,25.2,29.34,0,3,48,90,1
2025-06-22,naive,78.18,89.84,0,0,48,1,1
2025-06-22,mean_7,74.38,86.43,0,0,48,7,1
2025-06-22,mean_90,60.57,72.34,0,0,48,90,1
2025-06-22,weekday,50.7,59.57,3,2,48,7,1
2025-06-22,regression,47.95,56.72,0,0,48,90,1
2025-06-22,reg_demand,38.75,45.14,2,0,48,90,1
2025-06-23,naive,35.01,40.79,2,1,48,1,1
2025-06-23,mean_7,44.56,48.5,2,4,48,7,1
2025-06-23,mean_90,36.64,41.77,2,3,48,90,1
2025-06-23,weekday,50.09,54.67,1,3,48,7,1
2025-06-23,regression,16.72,19.36,3,4,48,90,1
2025-06-23,reg_demand,12.26,14.93,3,4,48,90,1
2025-06-24,naive,24.46,33.35,2,3,48,1,1
2025-06-24,mean_7,20.73,25.43,2,3,48,7,1
2025-06-24,mean_90,18.29,22.41,2,2,48,90,1
2025-06-24,weekday,22.48,26.94,2,2,48,7,1
2025-06-24,regression,13.21,17.0,2,3,48,90,1
2025-06-24,reg_demand,11.58,15.13,2,2,48,90,1
2025-06-25,naive,42.26,47.57,2,2,48,1,1
2025-06-25,mean_7,29.75,33.52,3,3,48,7,1
2025-06-25,mean_90,30.62,33.38,4,4,48,90,1
2025-06-25,weekday,22.95,26.85,3,3,48,7,1
2025-06-25,regression,17.98,23.93,0,4,48,90,1
2025-06-25,reg_demand,17.34,21.89,0,4,48,90,1
2025-06-26,naive,42.67,52.71,2,0,48,1,1
2025-06-26,mean_7,20.82,27.51,1,0,48,7,1
2025-06-26,mean_90,19.54,26.82,2,0,48,90,1
2025-06-26,weekday,24.74,33.38,2,0,48,7,1
2025-06-26,regression,10.79,13.33,4,1,48,90,1
2025-06-26,reg_demand,13.37,17.93,2,0,48,90,1
2025-06-27,naive,19.78,27.08,1,0,48,1,1
2025-06-27,mean_7,19.01,24.78,1,3,48,7,1
2025-06-27,mean_90,20.17,26.37,1,4,48,90,1
2025-06-27,weekday,22.94,31.44,0,4,48,7,1
2025-06-27,regression,19.58,22.59,1,4,48,90,1
2025-06-27,reg_demand,17.69,21.2,1,4,48,90,1
2025-06-28,naive,56.49,63.43,0,2,48,1,1
2025-06-28,mean_7,53.48,57.57,0,2,48,7,1
2025-06-28,mean_90,64.3,70.29,0,2,48,90,1
2025-06-28,weekday,51.82,57.36,0,4,48,7,1
2025-06-28,regression,31.87,36.89,0,3,48,90,1
2025-06-28,reg_demand,29.16,34.06,0,3,48,90,1
2025-06-29,naive,56.8,73.01,0,4,48,1,1
2025-06-29,mean_7,36.98,47.86,0,3,48,7,1
2025-06-29,mean_90,30.99,39.34,0,2,48,90,1
2025-06-29,weekday,31.54,43.15,0,4,48,7,1
2025-06-29,regression,28.63,36.51,1,3,48,90,1
2025-06-29,reg_demand,26.89,33.45,0,3,48,90,1
2025-06-30,naive,43.45,53.7,0,1,48,1,1
2025-06-30,mean_7,42.47,50.04,0,3,48,7,1
2025-06-30,mean_90,27.14,39.7,0,3,48,90,1
2025-06-30,weekday,26.83,38.58,0,3,48,7,1
2025-06-30,regression,36.88,46.64,0,2,48,90,1
2025-06-30,reg_demand,27.84,38.97,0,3,48,90,1
2025-07-01,naive,10.8,14.68,0,3,48,1,1
2025-07-01,mean_7,41.36,50.25,2,2,48,7,1
2025-07-01,mean_90,34.2,49.27,2,2,48,90,1
2025-07-01,weekday,31.69,44.38,2,2,48,7,1
2025-07-01,regression,25.34,42.54,0,2,48,90,1
2025-07-01,reg_demand,27.4,40.07,0,2,48,90,1
2025-07-02,naive,31.42,53.73,2,0,48,1,1
2025-07-02,mean_7,23.3,26.22,1,0,48,7,1
2025-07-02,mean_90,13.0,14.98,1,0,48,90,1
2025-07-02,weekday,20.73,25.27,1,0,48,7,1
2025-07-02,regression,14.86,19.47,1,0,48,90,1
2025-07-02,reg_demand,18.32,23.1,1,0,48,90,1
2025-07-03,naive,9.84,13.39,2,0,48,1,1
2025-07-03,mean_7,26.57,28.74,1,0,48,7,1
2025-07-03,mean_90,17.29,19.26,1,0,48,90,1
2025-07-03,weekday,19.1,23.36,1,0,48,7,1
2025-07-03,regression,17.14,18.47,1,0,48,90,1
2025-07-03,reg_demand,12.79,15.1,1,0,48,90,1
2025-07-04,naive,36.54,46.05,1,1,48,1,1
2025-07-04,mean_7,32.09,38.76,2,3,48,7,1
2025-07-04,mean_90,29.11,37.82,2,3,48,90,1
2025-07-04,weekday,36.28,43.86,2,3,48,7,1
2025-07-04,regression,15.9,17.19,3,2,48,90,1
2025-07-04,reg_demand,16.73,19.19,3,2,48,90,1
2025-07-05,naive,41.64,47.42,0,0,48,1,1
2025-07-05,mean_7,48.35,51.4,0,0,48,7,1
2025-07-05,mean_90,51.04,55.44,0,0,48,90,1
2025-07-05,weekday,29.39,32.32,0,2,48,7,1
2025-07-05,regression,22.87,27.47,0,0,48,90,1
2025-07-06,naive,68.0,74.34,0,0,48,1,1
2025-07-06,mean_7,22.12,24.89,1,3,48,7,1
2025-07-06,mean_90,18.99,21.29,1,3,48,90,1
2025-07-06,weekday,42.62,47.57,0,0,48,7,1
2025-07-06,regression,17.59,19.02,1,3,48,90,1
2025-07-06,reg_demand,28.9,30.67,1,2,48,90,1
2025-07-07,naive,28.6,38.64,1,2,48,1,1
2025-07-07,mean_7,18.97,23.54,2,2,48,7,1
2025-07-07,mean_90,18.5,22.89,3,3,48,90,1
2025-07-07,weekday,15.65,20.33,4,3,48,7,1
2025-07-07,regression,14.98,18.81,3,4,48,90,1
2025-07-07,reg_demand,14.89,17.5,4,3,48,90,1
2025-07-08,naive,20.15,25.73,2,3,48,1,1
2025-07-08,mean_7,10.27,12.59,2,4,48,7,1
2025-07-08,mean_90,6.35,7.53,3,4,48,90,1
2025-07-08,weekday,12.43,14.79,2,4,48,7,1
2025-07-08,regression,12.24,14.35,0,4,48,90,1
2025-07-08,reg_demand,10.22,12.41,0,4,48,90,1
2025-07-09,naive,8.17,11.15,0,2,48,1,1
2025-07-09,mean_7,16.12,20.57,0,3,48,7,1
2025-07-09,mean_90,11.52,14.27,0,2,48,90,1
2025-07-09,weekday,13.46,17.21,0,2,48,7,1
2025-07-09,regression,8.78,10.67,0,2,48,90,1
2025-07-09,reg_demand,9.6,12.43,0,2,48,90,1
2025-07-10,naive,5.27,6.68,0,2,48,1,1
2025-07-10,mean_7,16.03,19.5,0,3,48,7,1
2025-07-10,mean_90,10.28,12.93,0,4,48,90,1
2025-07-10,weekday,11.13,14.26,0,4,48,7,1
2025-07-10,regression,10.08,11.48,0,4,48,90,1
2025-07-10,reg_demand,11.01,12.87,0,4,48,90,1
2025-07-11,naive,6.82,8.72,0,2,48,1,1
2025-07-11,mean_7,18.61,19.89,1,3,48,7,1
2025-07-11,mean_90,13.43,14.35,0,2,48,90,1
2025-07-11,weekday,11.86,13.87,1,2,48,7,1
2025-07-11,regression,7.35,8.6,0,2,48,90,1
2025-07-12,naive,6.71,8.95,1,2,48,1,1
2025-07-12,mean_7,10.45,12.61,2,2,48,7,1
2025-07-12,mean_90,10.7,12.45,3,1,48,90,1
2025-07-12,weekday,28.5,32.38,0,3,48,7,1
2025-07-12,regression,6.95,9.29,3,1,48,90,1
2025-07-12,reg_demand,7.0,8.6,3,1,48,90,1
2025-07-13,naive,7.13,8.87,3,2,48,1,1
2025-07-13,mean_7,7.43,9.2,2,2,48,7,1
2025-07-13,mean_90,8.83,10.93,3,2,48,90,1
2025-07-13,weekday,24.75,27.87,0,2,48,7,1
2025-07-13,regression,12.96,15.14,1,2,48,90,1
2025-07-13,reg_demand,7.23,8.51,2,2,48,90,1
2025-07-14,naive,12.26,15.28,0,1,48,1,1
2025-07-14,mean_7,8.7,12.16,0,0,48,7,1
2025-07-14,mean_90,11.95,14.44,0,0,48,90,1
2025-07-14,weekday,9.88,12.84,1,0,48,7,1
2025-07-14,regression,11.95,15.27,2,0,48,90,1
2025-07-14,reg_demand,9.23,12.42,3,0,48,90,1
2025-07-15,naive,12.85,14.76,2,0,48,1,1
2025-07-15,mean_7,11.0,12.83,2,0,48,7,1
2025-07-15,mean_90,14.64,17.21,2,0,48,90,1
2025-07-15,weekday,11.73,13.96,3,0,48,7,1
2025-07-15,regression,18.25,21.6,2,0,48,90,1
2025-07-15,reg_demand,16.34,18.69,0,0,48,90,1
2025-07-16,naive,17.92,21.68,0,0,48,1,1
2025-07-16,mean_7,13.3,15.17,0,2,48,7,1
2025-07-16,mean_90,17.45,20.11,0,4,48,90,1
2025-07-16,weekday,15.03,17.69,0,3,48,7,1
2025-07-16,regression,7.41,9.1,3,4,48,90,1
2025-07-16,reg_demand,6.51,7.25,3,4,48,90,1
2025-07-17,naive,10.37,12.28,0,3,48,1,1
2025-07-17,mean_7,5.69,7.51,1,1,48,7,1
2025-07-17,mean_90,13.49,16.02,1,3,48,90,1
2025-07-17,weekday,5.55,6.69,1,1,48,7,1
2025-07-17,regression,8.37,10.02,2,3,48,90,1
2025-07-17,reg_demand,13.84,15.05,2,3,48,90,1
2025-07-18,naive,4.85,6.62,0,3,48,1,1
2025-07-18,mean_7,6.61,8.36,0,2,48,7,1
2025-07-18,mean_90,12.94,15.94,0,4,48,90,1
2025-07-18,weekday,4.73,6.11,0,2,48,7,1
2025-07-18,regression,5.84,7.51,0,4,48,90,1
2025-07-18,reg_demand,5.89,7.03,0,4,48,90,1
2025-07-19,naive,6.08,8.31,0,4,48,1,1
2025-07-19,mean_7,4.67,6.61,1,2,48,7,1
2025-07-19,mean_90,12.26,14.35,1,4,48,90,1
2025-07-19,weekday,32.5,35.64,1,1,48,7,1
2025-07-19,regression,7.08,8.54,4,4,48,90,1
2025-07-19,reg_demand,3.97,5.07,3,3,48,90,1
2025-07-20,naive,12.37,14.62,0,4,48,1,1
2025-07-20,mean_7,12.48,15.61,0,3,48,7,1
2025-07-20,mean_90,21.04,25.78,0,4,48,90,1
2025-07-20,weekday,32.56,35.83,0,1,48,7,1
2025-07-20,regression,13.63,16.98,0,4,48,90,1
2025-07-20,reg_demand,23.18,26.76,1,4,48,90,1
2025-07-21,naive,13.36,15.55,0,2,48,1,1
2025-07-21,mean_7,6.92,8.11,0,3,48,7,1
2025-07-21,mean_90,11.55,15.14,0,2,48,90,1
2025-07-21,weekday,7.38,8.36,0,3,48,7,1
2025-07-21,regression,8.54,9.93,0,2,48,90,1
2025-07-21,reg_demand,9.87,11.47,2,1,48,90,1
2025-07-22,naive,6.39,8.34,2,1,48,1,1
2025-07-22,mean_7,8.04,9.21,0,1,48,7,1
2025-07-22,mean_90,15.58,21.33,0,1,48,90,1
2025-07-22,weekday,9.84,11.43,0,1,48,7,1
2025-07-22,regression,8.54,9.35,0,1,48,90,1
2025-07-22,reg_demand,7.12,7.92,3,1,48,90,1
2025-07-23,naive,8.19,9.59,1,0,48,1,1
2025-07-23,mean_7,5.19,6.64,1,1,48,7,1
2025-07-23,mean_90,14.39,17.81,0,1,48,90,1
2025-07-23,weekday,6.65,8.52,0,0,48,7,1
2025-07-23,regression,8.49,9.86,2,1,48,90,1
2025-07-23,reg_demand,8.59,9.97,1,1,48,90,1
2025-07-24,naive,6.99,8.64,2,1,48,1,1
2025-07-24,mean_7,4.59,5.3,2,4,48,7,1
2025-07-24,mean_90,15.71,18.38,0,4,48,90,1
2025-07-24,weekday,4.62,5.47,1,4,48,7,1
2025-07-24,regression,7.81,8.57,1,4,48,90,1
2025-07-24,reg_demand,6.26,7.17,1,4,48,90,1
2025-07-25,naive,6.07,7.57,0,3,48,1,1
2025-07-25,mean_7,6.95,8.45,0,3,48,7,1
2025-07-25,mean_90,11.85,13.61,1,3,48,90,1
2025-07-25,weekday,6.54,8.05,0,3,48,7,1
2025-07-25,regression,5.55,6.74,1,3,48,90,1
2025-07-25,reg_demand,5.12,6.38,1,3,48,90,1
2025-07-26,naive,9.8,12.25,0,0,48,1,1
2025-07-26,mean_7,7.81,8.87,0,0,48,7,1
2025-07-26,mean_90,15.33,18.48,1,0,48,90,1
2025-07-26,weekday,14.24,15.7,1,0,48,7,1
2025-07-26,regression,9.06,11.79,1,0,48,90,1
2025-07-26,reg_demand,8.39,11.03,1,0,48,90,1
2025-07-27,naive,5.82,6.89,2,2,48,1,1
2025-07-27,mean_7,4.48,5.49,1,0,48,7,1
2025-07-27,mean_90,14.08,18.71,0,0,48,90,1
2025-07-27,weekday,10.8,13.98,0,1,48,7,1
2025-07-27,regression,7.59,9.23,1,0,48,90,1
2025-07-27,reg_demand,16.35,19.98,0,1,48,90,1
2025-07-28,naive,6.02,8.43,1,0,48,1,1
2025-07-28,mean_7,6.14,7.1,2,3,48,7,1
2025-07-28,mean_90,10.14,14.49,0,3,48,90,1
2025-07-28,weekday,7.08,7.75,1,3,48,7,1
2025-07-28,regression,9.23,11.59,2,3,48,90,1
2025-07-28,reg_demand,9.31,12.34,2,3,48,90,1
2025-07-29,naive,8.77,10.33,2,3,48,1,1
2025-07-29,mean_7,6.89,7.65,3,4,48,7,1
2025-07-29,mean_90,10.66,13.29,0,4,48,90,1
2025-07-29,weekday,6.03,6.97,3,4,48,7,1
2025-07-29,regression,18.32,20.14,2,3,48,90,1
2025-07-29,reg_demand,18.19,20.55,2,3,48,90,1
2025-07-30,naive,5.37,6.7,2,3,48,1,1
2025-07-30,mean_7,4.15,4.96,2,3,48,7,1
2025-07-30,mean_90,9.02,12.15,0,3,48,90,1
2025-07-30,weekday,4.01,4.69,2,3,48,7,1
2025-07-30,regression,12.99,13.57,3,3,48,90,1
2025-07-30,reg_demand,12.89,13.37,3,3,48,90,1
2025-07-31,naive,5.69,7.1,1,3,48,1,1
2025-07-31,mean_7,6.64,7.77,0,4,48,7,1
2025-07-31,mean_90,10.95,12.71,3,4,48,90,1
2025-07-31,weekday,4.98,6.53,1,4,48,7,1
2025-07-31,regression,6.68,7.77,0,4,48,90,1
2025-07-31,reg_demand,5.74,7.04,0,4,48,90,1
2025-08-01,naive,11.17,14.05,0,2,48,1,1
2025-08-01,mean_7,10.14,13.37,0,2,48,7,1
2025-08-01,mean_90,11.49,14.16,1,2,48,90,1
2025-08-01,weekday,10.03,13.58,0,2,48,7,1
2025-08-01,regression,16.63,20.6,1,2,48,90,1
2025-08-01,reg_demand,16.6,19.52,2,2,48,90,1
2025-08-02,naive,25.16,30.21,2,1,48,1,1
2025-08-02,mean_7,25.88,31.1,2,3,48,7,1
2025-08-02,mean_90,17.25,19.72,2,3,48,90,1
2025-08-02,weekday,28.35,32.78,2,3,48,7,1
2025-08-02,regression,23.14,26.89,0,3,48,90,1
2025-08-02,reg_demand,12.28,15.54,1,4,48,90,1
2025-08-03,naive,17.96,21.38,0,1,48,1,1
2025-08-03,mean_7,36.17,42.56,0,0,48,7,1
2025-08-03,mean_90,30.91,36.92,0,0,48,90,1
2025-08-03,weekday,37.7,43.37,0,0,48,7,1
2025-08-03,regression,28.29,34.61,0,0,48,90,1
2025-08-03,reg_demand,22.91,25.46,0,2,48,90,1
2025-08-04,naive,36.89,43.83,0,0,48,1,1
2025-08-04,mean_7,40.72,46.5,0,0,48,7,1
2025-08-04,mean_90,40.32,45.23,0,0,48,90,1
2025-08-04,weekday,48.23,54.26,0,0,48,7,1
2025-08-04,regression,13.61,18.17,0,3,48,90,1
2025-08-04,reg_demand,14.51,18.12,0,1,48,90,1
2025-08-05,naive,40.79,51.33,0,0,48,1,1
2025-08-05,mean_7,44.49,51.56,0,2,48,7,1
2025-08-05,mean_90,49.61,55.77,0,2,48,90,1
2025-08-05,weekday,53.16,60.65,0,2,48,7,1
2025-08-05,regression,19.57,22.67,0,3,48,90,1
2025-08-05,reg_demand,19.09,22.32,0,2,48,90,1
2025-08-06,naive,33.97,37.58,1,2,48,1,1
2025-08-06,mean_7,15.42,19.55,0,4,48,7,1
2025-08-06,mean_90,18.49,24.1,0,4,48,90,1
2025-08-06,weekday,18.11,22.51,0,4,48,7,1
2025-08-06,regression,11.25,13.6,3,4,48,90,1
2025-08-06,reg_demand,11.66,14.32,2,3,48,90,1
2025-08-07,naive,20.79,26.72,0,4,48,1,1
2025-08-07,mean_7,20.36,23.51,2,4,48,7,1
2025-08-07,mean_90,24.04,31.88,3,4,48,90,1
2025-08-07,weekday,22.98,28.96,1,4,48,7,1
2025-08-07,regression,19.99,24.02,2,2,48,90,1
2025-08-07,reg_demand,18.31,21.38,1,4,48,90,1
2025-08-08,naive,23.53,29.44,3,2,48,1,1
2025-08-08,mean_7,23.81,29.59,2,2,48,7,1
2025-08-08,mean_90,15.26,18.5,2,2,48,90,1
2025-08-08,weekday,19.27,22.84,2,2,48,7,1
2025-08-08,regression,25.02,28.89,3,2,48,90,1
2025-08-08,reg_demand,21.84,25.57,2,2,48,90,1
2025-08-09,naive,28.18,32.85,2,1,48,1,1
2025-08-09,mean_7,15.0,18.03,2,2,48,7,1
2025-08-09,mean_90,24.96,34.61,4,2,48,90,1
2025-08-09,weekday,28.72,40.01,1,3,48,7,1
2025-08-09,regression,12.1,13.39,4,2,48,90,1
2025-08-09,reg_demand,14.09,16.99,3,3,48,90,1
2025-08-10,naive,30.87,36.97,2,2,48,1,1
2025-08-10,mean_7,28.22,31.91,0,4,48,7,1
2025-08-10,mean_90,10.88,12.48,2,4,48,90,1
2025-08-10,weekday,12.67,15.34,3,3,48,7,1
2025-08-10,regression,9.25,11.57,2,4,48,90,1
2025-08-10,reg_demand,16.39,19.28,1,3,48,90,1
2025-08-11,naive,17.91,24.37,0,2,48,1,1
2025-08-11,mean_7,34.9,40.03,0,2,48,7,1
2025-08-11,mean_90,17.22,23.03,0,2,48,90,1
2025-08-11,weekday,28.97,33.48,0,2,48,7,1
2025-08-11,regression,11.31,15.33,1,4,48,90,1
2025-08-11,reg_demand,10.75,13.33,1,3,48,90,1
2025-08-12,naive,9.69,13.16,1,4,48,1,1
2025-08-12,mean_7,30.08,35.64,0,2,48,7,1
2025-08-12,mean_90,19.47,23.17,0,2,48,90,1
2025-08-12,weekday,30.58,34.8,0,2,48,7,1
2025-08-12,regression,11.37,13.41,0,2,48,90,1
2025-08-12,reg_demand,8.17,9.36,2,2,48,90,1
2025-08-13,naive,7.18,8.85,0,4,48,1,1
2025-08-13,mean_7,21.29,26.07,2,3,48,7,1
2025-08-13,mean_90,18.81,21.28,2,2,48,90,1
2025-08-13,weekday,27.9,32.46,0,3,48,7,1
2025-08-13,regression,6.21,7.53,2,2,48,90,1
2025-08-13,reg_demand,7.13,8.55,3,3,48,90,1
2025-08-14,naive,10.51,12.37,0,2,48,1,1
2025-08-14,mean_7,10.26,13.77,2,2,48,7,1
2025-08-14,mean_90,10.13,11.46,2,4,48,90,1
2025-08-14,weekday,13.94,16.52,2,3,48,7,1
2025-08-14,regression,6.14,7.58,2,3,48,90,1
2025-08-14,reg_demand,13.23,14.41,0,3,48,90,1
2025-08-15,naive,4.29,5.64,1,3,48,1,1
2025-08-15,mean_7,7.18,9.03,2,1,48,7,1
2025-08-15,mean_90,10.29,11.53,2,3,48,90,1
2025-08-15,weekday,9.21,10.85,2,1,48,7,1
2025-08-15,regression,7.98,8.95,2,2,48,90,1
2025-08-15,reg_demand,12.13,12.81,2,2,48,90,1
2025-08-16,naive,8.67,10.93,0,1,48,1,1
2025-08-16,mean_7,11.37,14.51,0,3,48,7,1
2025-08-16,mean_90,15.0,19.02,0,2,48,90,1
2025-08-16,weekday,16.06,20.53,0,2,48,7,1
2025-08-16,regression,8.58,9.87,0,2,48,90,1
2025-08-16,reg_demand,10.08,12.25,0,2,48,90,1
2025-08-17,naive,9.74,13.31,0,2,48,1,1
2025-08-17,mean_7,8.25,9.64,4,3,48,7,1
2025-08-17,mean_90,8.0,9.04,4,3,48,90,1
2025-08-17,weekday,9.81,11.1,2,3,48,7,1
2025-08-17,regression,13.62,14.9,3,3,48,90,1
2025-08-17,reg_demand,5.8,7.36,1,2,48,90,1
2025-08-18,naive,14.8,17.85,0,2,48,1,1
2025-08-18,mean_7,8.07,9.97,0,3,48,7,1
2025-08-18,mean_90,19.43,23.27,0,2,48,90,1
2025-08-18,weekday,13.06,17.37,0,3,48,7,1
2025-08-18,regression,5.38,6.55,0,3,48,90,1
2025-08-18,reg_demand,5.98,7.12,2,3,48,90,1
2025-08-19,naive,12.42,14.83,0,2,48,1,1
2025-08-19,mean_7,6.57,8.04,3,2,48,7,1
2025-08-19,mean_90,10.01,12.02,3,3,48,90,1
2025-08-19,weekday,7.02,9.22,3,2,48,7,1
2025-08-19,regression,4.86,6.25,3,2,48,90,1
2025-08-19,reg_demand,9.61,11.78,0,2,48,90,1
2025-08-20,naive,14.09,16.09,0,2,48,1,1
2025-08-20,mean_7,9.83,11.47,0,4,48,7,1
2025-08-20,mean_90,20.83,24.21,0,2,48,90,1
2025-08-20,weekday,7.45,8.99,0,4,48,7,1
2025-08-20,regression,17.51,19.5,0,3,48,90,1
2025-08-20,reg_demand,14.86,16.77,1,2,48,90,1
2025-08-21,naive,13.46,16.19,0,2,48,1,1
2025-08-21,mean_7,5.6,7.04,0,2,48,7,1
2025-08-21,mean_90,9.05,10.94,0,4,48,90,1
2025-08-21,weekday,7.46,9.11,0,2,48,7,1
2025-08-21,regression,7.28,8.97,1,2,48,90,1
2025-08-21,reg_demand,8.99,10.48,0,3,48,90,1
2025-08-22,naive,9.12,10.92,0,4,48,1,1
2025-08-22,mean_7,6.6,8.43,0,3,48,7,1
2025-08-22,mean_90,16.73,18.39,0,4,48,90,1
2025-08-22,weekday,5.66,7.22,1,2,48,7,1
2025-08-22,regression,10.23,11.88,0,2,48,90,1
2025-08-22,reg_demand,8.57,9.94,1,2,48,90,1
2025-08-23,naive,7.22,8.99,0,4,48,1,1
2025-08-23,mean_7,4.8,5.49,0,2,48,7,1
2025-08-23,mean_90,12.95,15.35,0,4,48,90,1
2025-08-23,weekday,16.99,20.39,0,4,48,7,1
2025-08-23,regression,14.78,16.32,0,2,48,90,1
2025-08-23,reg_demand,4.75,5.69,1,2,48,90,1
2025-08-24,naive,6.08,7.44,0,2,48,1,1
2025-08-24,mean_7,5.35,6.4,3,2,48,7,1
2025-08-24,mean_90,12.55,14.38,4,2,48,90,1
2025-08-24,weekday,16.67,20.08,3,2,48,7,1
2025-08-24,regression,10.19,11.7,0,1,48,90,1
2025-08-24,reg_demand,6.96,8.8,0,2,48,90,1
2025-08-25,naive,18.18,26.76,4,1,48,1,1
2025-08-25,mean_7,19.53,28.35,2,3,48,7,1
2025-08-25,mean_90,20.13,23.07,4,3,48,90,1
2025-08-25,weekday,19.48,27.69,3,3,48,7,1
2025-08-25,regression,17.27,19.9,3,1,48,90,1
2025-08-25,reg_demand,21.59,24.17,4,3,48,90,1
2025-08-26,naive,25.78,35.01,0,3,48,1,1
2025-08-26,mean_7,17.57,19.93,0,4,48,7,1
2025-08-26,mean_90,26.51,29.16,0,4,48,90,1
2025-08-26,weekday,17.12,19.32,0,4,48,7,1
2025-08-26,regression,34.32,36.31,2,3,48,90,1
2025-08-26,reg_demand,31.29,32.9,3,4,48,90,1
2025-08-27,naive,17.77,21.98,0,1,48,1,1
2025-08-27,mean_7,6.36,9.26,3,1,48,7,1
2025-08-27,mean_90,11.2,13.3,3,1,48,90,1
2025-08-27,weekday,6.21,9.24,3,1,48,7,1
2025-08-27,regression,11.75,15.39,2,1,48,90,1
2025-08-27,reg_demand,9.86,12.85,2,1,48,90,1
2025-08-28,naive,5.98,7.96,1,1,48,1,1
2025-08-28,mean_7,8.34,11.26,2,0,48,7,1
2025-08-28,mean_90,14.27,15.43,2,0,48,90,1
2025-08-28,weekday,8.12,11.23,2,0,48,7,1
2025-08-28,regression,17.72,20.33,2,0,48,90,1
2025-08-28,reg_demand,17.38,19.4,2,0,48,90,1
2025-08-29,naive,10.69,13.76,0,1,48,1,1
2025-08-29,mean_7,6.92,9.11,0,1,48,7,1
2025-08-29,mean_90,12.68,16.84,0,1,48,90,1
2025-08-29,weekday,6.05,8.21,0,1,48,7,1
2025-08-29,regression,8.2,11.63,1,1,48,90,1
2025-08-29,reg_demand,7.7,10.19,1,1,48,90,1
2025-08-30,naive,46.56,56.98,0,1,48,1,1
2025-08-30,mean_7,41.99,54.62,2,0,48,7,1
2025-08-30,mean_90,39.22,50.26,2,0,48,90,1
2025-08-30,weekday,39.21,50.12,2,0,48,7,1
2025-08-30,regression,32.52,40.51,1,2,48,90,1
2025-08-30,reg_demand,29.65,35.32,1,0,48,90,1
2025-08-31,naive,59.9,64.33,0,0,48,1,1
2025-08-31,mean_7,50.78,60.32,1,0,48,7,1
2025-08-31,mean_90,45.54,51.77,1,3,48,90,1
2025-08-31,weekday,43.86,52.55,1,3,48,7,1
2025-08-31,regression,23.33,26.74,1,3,48,90,1
2025-08-31,reg_demand,23.51,27.33,2,2,48,90,1
2025-09-01,naive,23.81,31.0,2,3,48,1,1
2025-09-01,mean_7,21.38,25.87,3,3,48,7,1
2025-09-01,mean_90,22.56,27.92,3,4,48,90,1
2025-09-01,weekday,33.06,37.02,3,4,48,7,1
2025-09-01,regression,11.82,15.3,3,4,48,90,1
2025-09-01,reg_demand,8.79,11.59,4,4,48,90,1
2025-09-02,naive,31.37,38.6,1,0,48,1,1
2025-09-02,mean_7,16.38,19.56,1,0,48,7,1
2025-09-02,mean_90,11.38,13.32,1,0,48,90,1
2025-09-02,weekday,12.7,13.91,1,0,48,7,1
2025-09-02,regression,13.49,16.12,0,0,48,90,1
2025-09-02,reg_demand,12.05,15.26,0,0,48,90,1
2025-09-03,naive,13.05,17.54,0,0,48,1,1
2025-09-03,mean_7,25.86,27.88,0,1,48,7,1
2025-09-03,mean_90,17.96,20.43,0,2,48,90,1
2025-09-03,weekday,12.83,15.36,0,2,48,7,1
2025-09-03,regression,28.6,32.39,1,2,48,90,1
2025-09-03,reg_demand,19.47,22.01,3,2,48,90,1
2025-09-04,naive,12.13,14.4,0,2,48,1,1
2025-09-04,mean_7,14.16,18.62,0,0,48,7,1
2025-09-04,mean_90,13.49,16.47,0,0,48,90,1
2025-09-04,weekday,9.15,11.17,0,0,48,7,1
2025-09-04,regression,12.52,14.33,2,0,48,90,1
2025-09-04,reg_demand,10.92,13.52,1,0,48,90,1
2025-09-05,naive,13.4,17.69,1,0,48,1,1
2025-09-05,mean_7,16.33,19.13,0,2,48,7,1
2025-09-05,mean_90,7.85,10.78,0,2,48,90,1
2025-09-05,weekday,8.61,11.44,0,2,48,7,1
2025-09-05,regression,4.57,6.16,2,3,48,90,1
2025-09-05,reg_demand,6.05,7.56,2,2,48,90,1
2025-09-06,naive,65.76,82.19,0,0,48,1,1
2025-09-06,mean_7,54.62,66.04,3,0,48,7,1
2025-09-06,mean_90,58.54,73.52,3,0,48,90,1
2025-09-06,weekday,53.98,67.42,3,0,48,7,1
2025-09-06,regression,50.03,64.69,3,0,48,90,1
2025-09-06,reg_demand,43.22,56.51,3,0,48,90,1
2025-09-07,naive,62.68,67.66,0,0,48,1,1
2025-09-07,mean_7,33.79,40.74,0,1,48,7,1
2025-09-07,mean_90,44.89,49.33,0,2,48,90,1
2025-09-07,weekday,35.23,42.62,0,1,48,7,1
2025-09-07,regression,13.57,16.63,1,3,48,90,1
2025-09-07,reg_demand,10.74,13.48,1,2,48,90,1
2025-09-08,naive,72.8,80.36,0,0,48,1,1
2025-09-08,mean_7,40.89,57.65,0,2,48,7,1
2025-09-08,mean_90,32.59,49.9,0,2,48,90,1
2025-09-08,weekday,26.8,47.36,0,3,48,7,1
2025-09-08,regression,28.96,47.2,2,2,48,90,1
2025-09-08,reg_demand,24.15,42.1,1,2,48,90,1
2025-09-09,naive,27.45,45.3,0,1,48,1,1
2025-09-09,mean_7,14.75,17.0,2,1,48,7,1
2025-09-09,mean_90,13.22,14.74,2,1,48,90,1
2025-09-09,weekday,9.72,10.8,2,1,48,7,1
2025-09-09,regression,6.32,8.12,3,1,48,90,1
2025-09-09,reg_demand,6.23,7.64,3,1,48,90,1
2025-09-10,naive,24.02,29.49,2,3,48,1,1
2025-09-10,mean_7,14.02,20.71,0,0,48,7,1
2025-09-10,mean_90,19.13,26.93,1,0,48,90,1
2025-09-10,weekday,22.63,29.82,1,0,48,7,1
2025-09-10,regression,19.82,24.64,0,0,48,90,1
2025-09-10,reg_demand,15.08,19.77,0,0,48,90,1
2025-09-11,naive,42.65,48.62,0,0,48,1,1
2025-09-11,mean_7,47.61,50.7,1,2,48,7,1
2025-09-11,mean_90,56.06,59.95,1,3,48,90,1
2025-09-11,weekday,64.84,67.31,1,2,48,7,1
2025-09-11,regression,26.99,31.1,1,3,48,90,1
2025-09-11,reg_demand,38.99,41.28,1,3,48,90,1
2025-09-12,naive,16.1,22.72,0,3,48,1,1
2025-09-12,mean_7,37.66,42.92,0,2,48,7,1
2025-09-12,mean_90,49.99,57.36,0,4,48,90,1
2025-09-12,weekday,50.92,56.97,0,2,48,7,1
2025-09-12,regression,20.95,23.91,0,4,48,90,1
2025-09-12,reg_demand,26.03,30.02,0,3,48,90,1
2025-09-13,naive,13.75,18.81,0,3,48,1,1
2025-09-13,mean_7,26.43,30.35,2,2,48,7,1
2025-09-13,mean_90,40.96,48.4,2,3,48,90,1
2025-09-13,weekday,37.27,38.7,2,3,48,7,1
2025-09-13,regression,29.01,34.31,0,2,48,90,1
2025-09-13,reg_demand,26.31,30.07,2,3,48,90,1
2025-09-14,naive,60.31,66.21,0,0,48,1,1
2025-09-14,mean_7,41.38,44.41,0,0,48,7,1
2025-09-14,mean_90,21.41,26.03,0,0,48,90,1
2025-09-14,weekday,35.64,41.71,0,0,48,7,1
2025-09-14,regression,14.55,22.96,1,1,48,90,1
2025-09-14,reg_demand,17.23,23.8,2,0,48,90,1
2025-09-15,naive,54.71,61.0,0,0,48,1,1
2025-09-15,mean_7,29.62,32.26,0,2,48,7,1
2025-09-15,mean_90,44.49,48.21,0,4,48,90,1
2025-09-15,weekday,36.44,39.08,0,2,48,7,1
2025-09-15,regression,12.51,16.1,0,4,48,90,1
2025-09-15,reg_demand,13.0,16.39,0,3,48,90,1
2025-09-16,naive,16.63,23.72,1,4,48,1,1
2025-09-16,mean_7,21.77,26.68,0,3,48,7,1
2025-09-16,mean_90,37.72,45.62,0,4,48,90,1
2025-09-16,weekday,27.21,31.17,0,2,48,7,1
2025-09-16,regression,12.59,15.83,0,4,48,90,1
2025-09-16,reg_demand,16.18,19.01,0,4,48,90,1
2025-09-17,naive,41.86,48.68,0,0,48,1,1
2025-09-17,mean_7,27.12,32.64,1,0,48,7,1
2025-09-17,mean_90,18.78,22.45,2,0,48,90,1
2025-09-17,weekday,24.53,28.24,1,0,48,7,1
2025-09-17,regression,13.2,15.5,2,0,48,90,1
2025-09-17,reg_demand,12.9,15.85,1,0,48,90,1
2025-09-18,naive,26.64,30.22,0,0,48,1,1
2025-09-18,mean_7,25.54,31.25,0,3,48,7,1
2025-09-18,mean_90,18.39,23.21,0,2,48,90,1
2025-09-18,weekday,22.56,27.52,0,3,48,7,1
2025-09-18,regression,27.03,32.75,0,2,48,90,1
2025-09-18,reg_demand,18.73,24.22,0,2,48,90,1
2025-09-19,naive,13.77,18.95,1,3,48,1,1
2025-09-19,mean_7,28.56,32.22,4,2,48,7,1
2025-09-19,mean_90,27.14,33.4,0,1,48,90,1
2025-09-19,weekday,31.4,36.62,0,2,48,7,1
2025-09-19,regression,23.03,25.42,2,3,48,90,1
2025-09-19,reg_demand,18.66,22.22,3,3,48,90,1
2025-09-20,naive,47.06,54.81,0,0,48,1,1
2025-09-20,mean_7,44.1,47.22,0,0,48,7,1
2025-09-20,mean_90,31.34,38.32,0,0,48,90,1
2025-09-20,weekday,39.99,43.57,0,0,48,7,1
2025-09-20,regression,18.88,28.33,2,1,48,90,1
2025-09-20,reg_demand,17.37,27.55,2,2,48,90,1
2025-09-21,naive,67.51,72.12,0,0,48,1,1
2025-09-21,mean_7,33.48,39.39,0,2,48,7,1
2025-09-21,mean_90,37.29,45.13,1,4,48,90,1
2025-09-21,weekday,34.03,36.52,1,2,48,7,1
2025-09-21,regression,16.55,21.09,0,3,48,90,1
2025-09-21,reg_demand,14.28,17.83,2,3,48,90,1
2025-09-22,naive,44.71,53.89,2,2,48,1,1
2025-09-22,mean_7,26.52,29.67,0,4,48,7,1
2025-09-22,mean_90,9.21,10.64,1,2,48,90,1
2025-09-22,weekday,35.46,40.36,0,3,48,7,1
2025-09-22,regression,13.09,14.96,1,4,48,90,1
2025-09-22,reg_demand,12.9,14.88,1,3,48,90,1
2025-09-23,naive,14.72,16.83,3,1,48,1,1
2025-09-23,mean_7,33.35,35.48,0,1,48,7,1
2025-09-23,mean_90,21.35,23.86,2,0,48,90,1
2025-09-23,weekday,40.82,44.58,0,1,48,7,1
2025-09-23,regression,7.32,10.67,0,1,48,90,1
2025-09-24,naive,9.32,11.98,2,1,48,1,1
2025-09-24,mean_7,19.8,21.8,0,0,48,7,1
2025-09-24,mean_90,15.46,18.19,1,0,48,90,1
2025-09-24,weekday,25.64,29.31,0,0,48,7,1
2025-09-24,regression,7.1,9.08,2,0,48,90,1
2025-09-24,reg_demand,9.72,12.68,2,0,48,90,1
2025-09-25,naive,8.55,10.8,0,0,48,1,1
2025-09-25,mean_7,20.71,23.69,0,3,48,7,1
2025-09-25,mean_90,20.14,21.75,2,2,48,90,1
2025-09-25,weekday,21.71,25.72,0,3,48,7,1
2025-09-25,regression,18.84,20.32,1,3,48,90,1
2025-09-25,reg_demand,11.76,13.95,1,3,48,90,1
2025-09-26,naive,9.51,11.43,1,1,48,1,1
2025-09-26,mean_7,10.02,11.39,0,2,48,7,1
2025-09-26,mean_90,13.82,15.39,1,0,48,90,1
2025-09-26,weekday,9.33,11.14,0,2,48,7,1
2025-09-26,regression,17.59,19.26,1,2,48,90,1
2025-09-26,reg_demand,10.98,13.54,0,2,48,90,1
2025-09-27,naive,8.42,10.39,1,0,48,1,1
2025-09-27,mean_7,6.61,8.44,3,2,48,7,1
2025-09-27,mean_90,7.68,8.8,3,4,48,90,1
2025-09-27,weekday,37.01,38.24,3,3,48,7,1
2025-09-27,regression,11.21,12.27,2,2,48,90,1
2025-09-27,reg_demand,12.14,13.28,3,3,48,90,1
2025-09-28,naive,12.64,15.1,1,2,48,1,1
2025-09-28,mean_7,14.24,15.99,2,3,48,7,1
2025-09-28,mean_90,19.28,21.01,2,2,48,90,1
2025-09-28,weekday,41.9,42.91,1,3,48,7,1
2025-09-28,regression,11.0,14.05,0,3,48,90,1
2025-09-28,reg_demand,12.91,14.95,0,3,48,90,1
2025-09-29,naive,10.28,11.6,2,2,48,1,1
2025-09-29,mean_7,6.52,9.99,2,2,48,7,1
2025-09-29,mean_90,15.67,19.51,2,0,48,90,1
2025-09-29,weekday,8.18,11.47,0,2,48,7,1
2025-09-29,regression,12.72,13.78,3,2,48,90,1
2025-09-29,reg_demand,19.03,20.66,0,2,48,90,1
2025-09-30,naive,5.08,6.7,2,3,48,1,1
2025-09-30,mean_7,5.95,7.15,2,3,48,7,1
2025-09-30,mean_90,14.65,17.16,2,0,48,90,1
2025-09-30,weekday,4.77,5.73,1,3,48,7,1
2025-09-30,regression,6.54,7.98,2,2,48,90,1
2025-09-30,reg_demand,8.5,9.73,2,2,48,90,1
2025-10-01,naive,5.1,6.08,1,3,48,1,1
2025-10-01,mean_7,6.34,7.52,1,4,48,7,1
2025-10-01,mean_90,12.0,14.47,1,2,48,90,1
2025-10-01,weekday,6.03,7.17,1,3,48,7,1
2025-10-01,regression,11.77,13.3,0,3,48,90,1
2025-10-01,reg_demand,6.16,7.27,1,3,48,90,1
2025-10-02,naive,10.88,16.06,1,2,48,1,1
2025-10-02,mean_7,12.77,18.45,0,2,48,7,1
2025-10-02,mean_90,16.81,20.51,0,1,48,90,1
2025-10-02,weekday,13.06,18.28,0,3,48,7,1
2025-10-02,regression,15.05,16.56,3,2,48,90,1
2025-10-02,reg_demand,9.66,11.3,3,3,48,90,1
2025-10-03,naive,26.12,33.05,0,1,48,1,1
2025-10-03,mean_7,33.35,39.28,0,0,48,7,1
2025-10-03,mean_90,30.66,34.05,0,0,48,90,1
2025-10-03,weekday,32.79,39.31,0,1,48,7,1
2025-10-03,regression,14.52,20.39,1,0,48,90,1
2025-10-03,reg_demand,14.19,17.66,0,1,48,90,1
2025-10-04,naive,47.04,56.26,1,0,48,1,1
2025-10-04,mean_7,69.84,70.77,0,3,48,7,1
2025-10-04,mean_90,62.83,63.75,0,1,48,90,1
2025-10-04,weekday,49.63,51.06,0,2,48,7,1
2025-10-04,regression,21.97,27.39,0,2,48,90,1
2025-10-04,reg_demand,20.81,25.55,0,1,48,90,1
2025-10-05,naive,26.05,39.92,0,1,48,1,1
2025-10-05,mean_7,43.49,49.95,1,1,48,7,1
2025-10-05,mean_90,43.02,49.22,2,3,48,90,1
2025-10-05,weekday,33.96,36.85,1,3,48,7,1
2025-10-05,regression,12.46,16.22,0,3,48,90,1
2025-10-05,reg_demand,12.28,14.98,0,3,48,90,1
2025-10-06,naive,49.69,56.28,0,3,48,1,1
2025-10-06,mean_7,23.05,24.89,0,3,48,7,1
2025-10-06,mean_90,18.93,21.56,0,3,48,90,1
2025-10-06,weekday,14.45,17.88,0,2,48,7,1
2025-10-06,regression,32.4,36.28,0,4,48,90,1
2025-10-06,reg_demand,23.84,27.22,0,4,48,90,1
2025-10-07,naive,10.49,16.12,0,3,48,1,1
2025-10-07,mean_7,28.53,29.21,1,4,48,7,1
2025-10-07,mean_90,17.36,20.73,0,2,48,90,1
2025-10-07,weekday,11.22,13.04,1,3,48,7,1
2025-10-07,regression,20.74,23.29,3,3,48,90,1
2025-10-07,reg_demand,13.02,16.78,3,3,48,90,1
2025-10-08,naive,7.84,10.56,1,3,48,1,1
2025-10-08,mean_7,28.64,29.79,2,3,48,7,1
2025-10-08,mean_90,17.87,19.8,0,2,48,90,1
2025-10-08,weekday,10.67,12.24,2,3,48,7,1
2025-10-08,regression,13.12,14.47,0,3,48,90,1
2025-10-08,reg_demand,5.56,8.13,0,3,48,90,1
2025-10-09,naive,7.11,8.85,0,3,48,1,1
2025-10-09,mean_7,32.15,33.76,0,2,48,7,1
2025-10-09,mean_90,22.41,24.31,4,1,48,90,1
2025-10-09,weekday,14.4,16.7,0,3,48,7,1
2025-10-09,regression,32.02,34.12,2,2,48,90,1
2025-10-09,reg_demand,23.13,25.06,2,2,48,90,1
2025-10-10,naive,8.65,11.05,0,1,48,1,1
2025-10-10,mean_7,23.63,25.71,0,2,48,7,1
2025-10-10,mean_90,16.12,18.02,0,2,48,90,1
2025-10-10,weekday,9.94,11.98,1,2,48,7,1
2025-10-10,regression,12.26,14.11,1,2,48,90,1
2025-10-10,reg_demand,8.03,9.27,2,2,48,90,1
2025-10-11,naive,10.22,12.58,1,2,48,1,1
2025-10-11,mean_7,22.0,23.56,1,3,48,7,1
2025-10-11,mean_90,19.08,22.53,0,3,48,90,1
2025-10-11,weekday,34.56,35.52,0,4,48,7,1
2025-10-11,regression,10.05,12.12,0,4,48,90,1
2025-10-11,reg_demand,11.3,12.56,0,4,48,90,1
2025-10-12,naive,8.66,10.24,0,3,48,1,1
2025-10-12,mean_7,17.2,21.07,0,3,48,7,1
2025-10-12,mean_90,25.13,28.8,0,3,48,90,1
2025-10-12,weekday,38.93,40.51,0,3,48,7,1
2025-10-12,regression,10.78,13.5,0,3,48,90,1
2025-10-12,reg_demand,10.16,12.08,0,3,48,90,1
2025-10-13,naive,33.6,58.01,0,2,48,1,1
2025-10-13,mean_7,36.9,60.47,1,3,48,7,1
2025-10-13,mean_90,54.46,75.54,0,1,48,90,1
2025-10-13,weekday,45.02,66.98,1,2,48,7,1
2025-10-13,regression,30.76,55.17,1,3,48,90,1
2025-10-13,reg_demand,31.21,50.16,2,2,48,90,1
2025-10-14,naive,27.51,43.81,0,4,48,1,1
2025-10-14,mean_7,6.83,10.2,2,4,48,7,1
2025-10-14,mean_90,27.6,33.39,0,2,48,90,1
2025-10-14,weekday,12.16,16.3,0,3,48,7,1
2025-10-14,regression,14.18,16.06,2,4,48,90,1
2025-10-14,reg_demand,20.94,23.16,1,4,48,90,1
2025-10-15,naive,7.62,10.1,1,3,48,1,1
2025-10-15,mean_7,6.27,7.39,3,3,48,7,1
2025-10-15,mean_90,23.17,28.62,0,1,48,90,1
2025-10-15,weekday,5.91,7.79,1,3,48,7,1
2025-10-15,regression,10.18,11.63,2,3,48,90,1
2025-10-15,reg_demand,18.6,19.45,2,3,48,90,1
2025-10-16,naive,11.16,15.51,2,2,48,1,1
2025-10-16,mean_7,12.21,15.72,3,3,48,7,1
2025-10-16,mean_90,14.14,15.22,0,3,48,90,1
2025-10-16,weekday,10.71,14.02,3,3,48,7,1
2025-10-16,regression,17.15,17.93,4,3,48,90,1
2025-10-16,reg_demand,27.89,28.94,3,3,48,90,1
2025-10-17,naive,5.26,6.65,3,2,48,1,1
2025-10-17,mean_7,11.29,15.67,2,2,48,7,1
2025-10-17,mean_90,16.9,18.53,1,2,48,90,1
2025-10-17,weekday,9.21,13.66,2,2,48,7,1
2025-10-17,regression,16.73,18.15,2,2,48,90,1
2025-10-17,reg_demand,24.4,26.02,1,2,48,90,1
2025-10-18,naive,8.19,11.49,0,2,48,1,1
2025-10-18,mean_7,13.71,19.78,1,4,48,7,1
2025-10-18,mean_90,16.25,18.25,0,2,48,90,1
2025-10-18,weekday,26.48,28.37,0,1,48,7,1
2025-10-18,regression,8.47,11.21,1,4,48,90,1
2025-10-18,reg_demand,8.79,10.7,1,4,48,90,1
2025-10-19,naive,19.72,22.49,1,3,48,1,1
2025-10-19,mean_7,31.64,33.87,0,3,48,7,1
2025-10-19,mean_90,11.09,14.39,0,1,48,90,1
2025-10-19,weekday,9.49,11.71,0,2,48,7,1
2025-10-19,regression,20.06,22.97,0,1,48,90,1
2025-10-19,reg_demand,20.92,22.86,0,2,48,90,1
2025-10-20,naive,16.53,21.15,0,2,48,1,1
2025-10-20,mean_7,17.12,21.47,0,2,48,7,1
2025-10-20,mean_90,10.35,12.45,0,3,48,90,1
2025-10-20,weekday,20.13,24.12,1,2,48,7,1
2025-10-20,regression,7.57,9.62,2,3,48,90,1
2025-10-20,reg_demand,13.87,17.07,3,3,48,90,1
2025-10-21,naive,13.98,18.48,0,2,48,1,1
2025-10-21,mean_7,10.0,12.14,2,3,48,7,1
2025-10-21,mean_90,14.47,16.37,0,2,48,90,1
2025-10-21,weekday,17.24,21.37,1,3,48,7,1
2025-10-21,regression,10.26,12.42,2,3,48,90,1
2025-10-21,reg_demand,9.85,11.58,2,3,48,90,1
2025-10-22,naive,29.34,49.4,1,3,48,1,1
2025-10-22,mean_7,24.85,44.81,1,4,48,7,1
2025-10-22,mean_90,28.09,51.33,0,2,48,90,1
2025-10-22,weekday,21.07,34.27,1,4,48,7,1
2025-10-22,regression,21.33,39.1,1,4,48,90,1
2025-10-22,reg_demand,21.0,34.2,1,3,48,90,1
2025-10-23,naive,37.5,58.98,0,0,48,1,1
2025-10-23,mean_7,17.04,24.83,0,0,48,7,1
2025-10-23,mean_90,17.39,22.65,0,0,48,90,1
2025-10-23,weekday,21.56,30.14,0,0,48,7,1
2025-10-23,regression,12.94,16.08,2,1,48,90,1
2025-10-23,reg_demand,11.81,17.82,4,0,48,90,1
2025-10-24,naive,34.08,44.39,0,4,48,1,1
2025-10-24,mean_7,43.92,48.78,0,0,48,7,1
2025-10-24,mean_90,37.81,42.82,0,0,48,90,1
2025-10-24,weekday,46.75,52.11,0,0,48,7,1
2025-10-24,regression,21.2,25.08,0,0,48,90,1
2025-10-24,reg_demand,25.24,27.28,0,0,48,90,1
2025-10-25,naive,26.56,38.82,0,0,48,1,1
2025-10-25,mean_7,50.21,54.17,1,3,48,7,1
2025-10-25,mean_90,48.41,51.27,0,3,48,90,1
2025-10-25,weekday,43.53,46.34,2,4,48,7,1
2025-10-25,regression,13.06,17.72,0,4,48,90,1
2025-10-25,reg_demand,12.52,16.32,0,3,48,90,1
2025-10-26,naive,22.25,26.31,1,3,48,1,1
2025-10-26,mean_7,37.24,40.53,3,2,48,7,1
2025-10-26,mean_90,43.59,48.86,0,3,48,90,1
2025-10-26,weekday,30.06,34.28,1,3,48,7,1
2025-10-26,regression,21.15,27.12,0,2,48,90,1
2025-10-26,reg_demand,22.16,27.89,0,3,48,90,1
2025-10-27,naive,38.08,41.62,1,1,48,1,1
2025-10-27,mean_7,22.06,28.09,2,3,48,7,1
2025-10-27,mean_90,27.52,37.77,0,1,48,90,1
2025-10-27,weekday,26.24,36.76,2,3,48,7,1
2025-10-27,regression,23.49,26.36,4,3,48,90,1
2025-10-27,reg_demand,18.94,23.55,4,3,48,90,1
2025-10-28,naive,16.87,19.69,1,3,48,1,1
2025-10-28,mean_7,15.33,17.84,1,4,48,7,1
2025-10-28,mean_90,24.11,29.71,0,2,48,90,1
2025-10-28,weekday,24.42,28.87,1,4,48,7,1
2025-10-28,regression,9.87,12.4,1,3,48,90,1
2025-10-28,reg_demand,14.17,16.94,1,4,48,90,1
2025-10-29,naive,22.16,26.77,2,3,48,1,1
2025-10-29,mean_7,19.29,24.06,2,3,48,7,1
2025-10-29,mean_90,18.94,21.83,0,1,48,90,1
2025-10-29,weekday,13.19,15.59,2,3,48,7,1
2025-10-29,regression,10.88,12.73,2,3,48,90,1
2025-10-29,reg_demand,16.49,19.56,2,3,48,90,1
2025-10-30,naive,24.39,30.01,0,0,48,1,1
2025-10-30,mean_7,28.29,33.91,0,0,48,7,1
2025-10-30,mean_90,19.83,22.96,0,0,48,90,1
2025-10-30,weekday,22.1,25.45,0,0,48,7,1
2025-10-30,regression,12.32,16.04,3,0,48,90,1
2025-10-30,reg_demand,19.88,22.09,4,1,48,90,1
2025-10-31,naive,20.64,30.27,0,0,48,1,1
2025-10-31,mean_7,16.37,19.01,0,3,48,7,1
2025-10-31,mean_90,23.28,27.51,0,1,48,90,1
2025-10-31,weekday,12.69,16.43,0,3,48,7,1
2025-10-31,regression,26.87,33.17,0,1,48,90,1
2025-10-31,reg_demand,20.37,25.42,0,3,48,90,1
2025-11-01,naive,26.61,33.73,0,3,48,1,1
2025-11-01,mean_7,15.78,20.65,0,4,48,7,1
2025-11-01,mean_90,27.36,31.8,0,2,48,90,1
2025-11-01,weekday,18.19,22.02,0,3,48,7,1
2025-11-01,regression,10.45,12.79,1,3,48,90,1
2025-11-01,reg_demand,9.3,11.43,1,4,48,90,1
2025-11-02,naive,31.23,36.84,0,3,48,1,1
2025-11-02,mean_7,20.92,27.37,0,4,48,7,1
2025-11-02,mean_90,9.72,11.63,0,1,48,90,1
2025-11-02,weekday,14.17,17.05,0,2,48,7,1
2025-11-02,regression,21.49,23.48,2,3,48,90,1
2025-11-02,reg_demand,22.49,24.72,3,3,48,90,1
2025-11-03,naive,27.56,31.79,1,3,48,1,1
2025-11-03,mean_7,15.63,19.98,0,3,48,7,1
2025-11-03,mean_90,23.74,28.85,0,1,48,90,1
2025-11-03,weekday,14.07,16.99,1,3,48,7,1
2025-11-03,regression,15.23,17.05,2,2,48,90,1
2025-11-03,reg_demand,10.59,12.21,2,3,48,90,1
2025-11-04,naive,26.84,30.25,0,2,48,1,1
2025-11-04,mean_7,16.45,18.64,0,3,48,7,1
2025-11-04,mean_90,19.41,26.45,1,0,48,90,1
2025-11-04,weekday,14.11,15.94,0,3,48,7,1
2025-11-04,regression,14.15,16.81,2,2,48,90,1
2025-11-04,reg_demand,11.06,12.41,2,2,48,90,1
2025-11-05,naive,15.94,21.92,2,0,48,1,1
2025-11-05,mean_7,14.85,17.11,1,0,48,7,1
2025-11-05,mean_90,14.17,17.43,2,0,48,90,1
2025-11-05,weekday,17.19,19.96,1,0,48,7,1
2025-11-05,regression,10.42,12.35,3,0,48,90,1
2025-11-05,reg_demand,11.57,14.76,2,0,48,90,1
2025-11-06,naive,15.36,19.79,0,0,48,1,1
2025-11-06,mean_7,24.24,26.55,2,2,48,7,1
2025-11-06,mean_90,17.55,20.85,0,0,48,90,1
2025-11-06,weekday,24.47,28.61,0,2,48,7,1
2025-11-06,regression,16.1,17.84,1,1,48,90,1
2025-11-06,reg_demand,17.96,20.83,1,1,48,90,1
2025-11-07,naive,7.82,9.85,0,2,48,1,1
2025-11-07,mean_7,17.58,19.41,1,4,48,7,1
2025-11-07,mean_90,13.18,15.5,3,2,48,90,1
2025-11-07,weekday,14.43,16.68,1,4,48,7,1
2025-11-07,regression,10.3,11.99,0,3,48,90,1
2025-11-07,reg_demand,14.91,16.43,0,3,48,90,1
2025-11-08,naive,6.99,10.03,3,4,48,1,1
2025-11-08,mean_7,9.13,11.85,3,4,48,7,1
2025-11-08,mean_90,10.07,11.82,3,2,48,90,1
2025-11-08,weekday,16.76,17.89,1,3,48,7,1
2025-11-08,regression,18.11,20.25,1,3,48,90,1
2025-11-08,reg_demand,15.39,17.52,2,3,48,90,1
2025-11-09,naive,5.41,6.48,0,4,48,1,1
2025-11-09,mean_7,8.95,12.2,0,4,48,7,1
2025-11-09,mean_90,12.65,14.36,1,2,48,90,1
2025-11-09,weekday,22.31,23.96,2,3,48,7,1
2025-11-09,regression,6.37,8.28,2,3,48,90,1
2025-11-09,reg_demand,7.04,9.34,0,3,48,90,1
2025-11-10,naive,7.95,10.39,2,4,48,1,1
2025-11-10,mean_7,5.93,7.27,2,4,48,7,1
2025-11-10,mean_90,8.89,10.44,2,2,48,90,1
2025-11-10,weekday,8.69,11.19,1,4,48,7,1
2025-11-10,regression,8.0,9.85,3,3,48,90,1
2025-11-10,reg_demand,15.99,19.37,3,3,48,90,1
2025-11-11,naive,8.9,10.82,2,0,48,1,1
2025-11-11,mean_7,8.5,11.93,2,0,48,7,1
2025-11-11,mean_90,9.9,12.87,1,0,48,90,1
2025-11-11,weekday,9.12,11.05,1,0,48,7,1
2025-11-11,regression,6.19,7.75,2,3,48,90,1
2025-11-11,reg_demand,11.17,13.21,2,2,48,90,1
2025-11-12,naive,22.38,26.44,2,0,48,1,1
2025-11-12,mean_7,24.89,30.25,2,3,48,7,1
2025-11-12,mean_90,23.19,27.32,2,1,48,90,1
2025-11-12,weekday,19.01,23.11,2,3,48,7,1
2025-11-12,regression,17.49,19.86,0,2,48,90,1
2025-11-12,reg_demand,24.5,26.13,0,2,48,90,1
2025-11-13,naive,11.1,18.24,2,2,48,1,1
2025-11-13,mean_7,19.51,26.33,3,3,48,7,1
2025-11-13,mean_90,19.69,25.21,3,3,48,90,1
2025-11-13,weekday,17.44,21.99,4,3,48,7,1
2025-11-13,regression,13.99,16.71,4,4,48,90,1
2025-11-13,reg_demand,19.16,21.25,4,4,48,90,1
2025-11-14,naive,20.72,25.66,2,3,48,1,1
2025-11-14,mean_7,7.14,8.61,2,3,48,7,1
2025-11-14,mean_90,11.24,13.53,2,2,48,90,1
2025-11-14,weekday,6.65,8.41,2,3,48,7,1
2025-11-14,regression,15.13,17.58,0,2,48,90,1
2025-11-14,reg_demand,11.4,14.17,0,2,48,90,1
2025-11-15,naive,10.62,11.96,2,3,48,1,1
2025-11-15,mean_7,7.83,9.67,0,4,48,7,1
2025-11-15,mean_90,10.83,12.33,0,2,48,90,1
2025-11-15,weekday,18.73,20.39,0,3,48,7,1
2025-11-15,regression,13.85,19.8,0,3,48,90,1
2025-11-15,reg_demand,13.68,18.96,0,3,48,90,1
2025-11-16,naive,10.98,12.44,0,4,48,1,1
2025-11-16,mean_7,16.27,18.01,3,4,48,7,1
2025-11-16,mean_90,17.1,20.19,3,2,48,90,1
2025-11-16,weekday,27.23,29.07,3,3,48,7,1
2025-11-16,regression,8.67,10.53,1,3,48,90,1
2025-11-16,reg_demand,6.82,9.15,1,4,48,90,1
2025-11-17,naive,11.62,14.67,1,2,48,1,1
2025-11-17,mean_7,18.02,20.23,1,2,48,7,1
2025-11-17,mean_90,14.78,18.03,1,1,48,90,1
2025-11-17,weekday,16.57,18.98,1,2,48,7,1
2025-11-17,regression,16.87,21.4,1,1,48,90,1
2025-11-17,reg_demand,16.43,20.34,1,1,48,90,1
2025-11-18,naive,8.57,11.37,2,1,48,1,1
2025-11-18,mean_7,11.96,14.42,2,2,48,7,1
2025-11-18,mean_90,13.04,15.17,2,2,48,90,1
2025-11-18,weekday,12.49,15.18,2,2,48,7,1
2025-11-18,regression,14.91,16.68,0,3,48,90,1
2025-11-18,reg_demand,28.43,31.2,0,1,48,90,1
2025-11-19,naive,8.56,10.44,0,2,48,1,1
2025-11-19,mean_7,16.37,20.07,0,1,48,7,1
2025-11-19,mean_90,18.85,21.22,0,2,48,90,1
2025-11-19,weekday,18.34,21.5,0,1,48,7,1
2025-11-19,regression,35.4,37.74,0,2,48,90,1
2025-11-19,reg_demand,22.66,27.13,0,1,48,90,1
2025-11-20,naive,17.5,22.49,1,2,48,1,1
2025-11-20,mean_7,24.44,26.92,0,2,48,7,1
2025-11-20,mean_90,31.86,35.09,0,1,48,90,1
2025-11-20,weekday,29.64,31.66,0,2,48,7,1
2025-11-20,regression,38.22,39.95,0,2,48,90,1
2025-11-20,reg_demand,20.68,22.72,0,2,48,90,1
2025-11-21,naive,27.05,33.95,0,0,48,1,1
2025-11-21,mean_7,29.77,40.52,0,0,48,7,1
2025-11-21,mean_90,41.67,50.26,0,0,48,90,1
2025-11-21,weekday,35.01,45.8,0,0,48,7,1
2025-11-21,regression,25.21,34.27,4,0,48,90,1
2025-11-21,reg_demand,14.71,21.45,4,0,48,90,1
2025-11-22,naive,35.36,45.37,0,0,48,1,1
2025-11-22,mean_7,12.06,14.46,2,2,48,7,1
2025-11-22,mean_90,11.02,12.59,3,3,48,90,1
2025-11-22,weekday,13.27,14.39,3,3,48,7,1
2025-11-22,regression,15.47,18.04,2,4,48,90,1
2025-11-22,reg_demand,15.78,18.45,3,4,48,90,1
2025-11-23,naive,11.38,13.14,0,4,48,1,1
2025-11-23,mean_7,16.88,20.91,0,2,48,7,1
2025-11-23,mean_90,10.73,13.27,0,3,48,90,1
2025-11-23,weekday,6.92,8.56,0,3,48,7,1
2025-11-23,regression,9.19,11.6,1,4,48,90,1
2025-11-23,reg_demand,9.65,11.22,0,3,48,90,1
2025-11-24,naive,18.04,22.62,0,0,48,1,1
2025-11-24,mean_7,9.35,11.02,1,0,48,7,1
2025-11-24,mean_90,16.57,19.61,0,0,48,90,1
2025-11-24,weekday,7.46,9.31,1,0,48,7,1
2025-11-24,regression,17.92,19.85,1,0,48,90,1
2025-11-24,reg_demand,9.6,10.7,2,2,48,90,1
2025-11-25,naive,19.46,27.36,0,0,48,1,1
2025-11-25,mean_7,17.66,22.12,0,3,48,7,1
2025-11-25,mean_90,22.11,29.77,0,2,48,90,1
2025-11-25,weekday,17.34,21.92,0,3,48,7,1
2025-11-25,regression,14.15,18.74,0,3,48,90,1
2025-11-25,reg_demand,14.12,17.15,0,3,48,90,1
2025-11-26,naive,20.73,25.47,0,2,48,1,1
2025-11-26,mean_7,7.78,9.76,0,2,48,7,1
2025-11-26,mean_90,16.91,19.16,1,1,48,90,1
2025-11-26,weekday,8.86,10.81,0,2,48,7,1
2025-11-26,regression,7.8,10.25,3,2,48,90,1
2025-11-26,reg_demand,14.41,16.9,3,2,48,90,1
2025-11-27,naive,19.75,21.41,2,2,48,1,1
2025-11-27,mean_7,23.53,25.73,2,0,48,7,1
2025-11-27,mean_90,9.27,11.79,2,0,48,90,1
2025-11-27,weekday,26.14,27.87,2,0,48,7,1
2025-11-27,regression,19.83,22.15,4,2,48,90,1
2025-11-27,reg_demand,10.03,12.26,2,3,48,90,1
2025-11-28,naive,11.84,14.46,1,0,48,1,1
2025-11-28,mean_7,8.93,10.55,1,3,48,7,1
2025-11-28,mean_90,8.19,9.55,1,4,48,90,1
2025-11-28,weekday,13.56,15.46,1,2,48,7,1
2025-11-28,regression,31.75,32.28,2,2,48,90,1
2025-11-29,naive,16.87,18.76,1,0,48,1,1
2025-11-29,mean_7,16.61,19.27,2,1,48,7,1
2025-11-29,mean_90,12.56,15.32,3,0,48,90,1
2025-11-29,weekday,13.22,16.26,4,1,48,7,1
2025-11-29,regression,18.08,20.05,0,0,48,90,1
2025-11-29,reg_demand,17.03,19.9,0,0,48,90,1
2025-11-30,naive,10.4,14.03,1,1,48,1,1
2025-11-30,mean_7,10.5,13.93,1,4,48,7,1
2025-11-30,mean_90,11.01,13.23,0,3,48,90,1
2025-11-30,weekday,8.84,13.43,1,4,48,7,1
2025-11-30,regression,16.07,17.67,1,4,48,90,1
2025-11-30,reg_demand,15.36,17.08,2,4,48,90,1
2025-12-01,naive,15.05,17.6,0,2,48,1,1
2025-12-01,mean_7,7.84,9.9,0,2,48,7,1
2025-12-01,mean_90,9.06,10.58,0,1,48,90,1
2025-12-01,weekday,15.51,17.52,2,3,48,7,1
2025-12-01,regression,13.6,17.99,0,1,48,90,1
2025-12-01,reg_demand,11.64,13.89,0,2,48,90,1
2025-12-02,naive,12.23,16.67,1,3,48,1,1
2025-12-02,mean_7,9.31,12.37,3,2,48,7,1
2025-12-02,mean_90,12.73,15.79,3,2,48,90,1
2025-12-02,weekday,10.88,12.5,0,2,48,7,1
2025-12-02,regression,18.28,18.98,2,2,48,90,1
2025-12-02,reg_demand,8.54,10.05,3,2,48,90,1
2025-12-03,naive,11.99,13.4,1,2,48,1,1
2025-12-03,mean_7,15.08,16.56,1,4,48,7,1
2025-12-03,mean_90,18.32,19.98,1,3,48,90,1
2025-12-03,weekday,9.37,11.18,1,4,48,7,1
2025-12-03,regression,16.79,18.62,0,4,48,90,1
2025-12-03,reg_demand,5.07,8.23,0,3,48,90,1
2025-12-04,naive,12.16,16.18,0,0,48,1,1
2025-12-04,mean_7,8.22,10.03,1,0,48,7,1
2025-12-04,mean_90,11.59,13.55,0,1,48,90,1
2025-12-04,weekday,9.97,12.48,0,0,48,7,1
2025-12-04,regression,15.3,20.26,0,1,48,90,1
2025-12-04,reg_demand,16.36,18.4,0,1,48,90,1
2025-12-05,naive,11.01,14.0,2,0,48,1,1
2025-12-05,mean_7,9.54,12.78,0,0,48,7,1
2025-12-05,mean_90,11.6,14.18,0,0,48,90,1
2025-12-05,weekday,8.79,11.53,0,0,48,7,1
2025-12-05,regression,9.55,14.0,2,4,48,90,1
2025-12-05,reg_demand,16.96,18.57,2,4,48,90,1
2025-12-06,naive,8.44,13.48,1,0,48,1,1
2025-12-06,mean_7,5.01,6.44,1,2,48,7,1
2025-12-06,mean_90,8.51,9.68,0,3,48,90,1
2025-12-06,weekday,4.21,5.45,2,2,48,7,1
2025-12-06,regression,13.34,19.43,1,3,48,90,1
2025-12-06,reg_demand,9.42,13.17,1,3,48,90,1
2025-12-07,naive,12.97,18.38,1,0,48,1,1
2025-12-07,mean_7,14.09,19.95,1,0,48,7,1
2025-12-07,mean_90,17.5,21.6,0,0,48,90,1
2025-12-07,weekday,16.18,20.62,0,0,48,7,1
2025-12-07,regression,11.98,14.6,3,2,48,90,1
2025-12-07,reg_demand,9.64,12.21,3,2,48,90,1
2025-12-08,naive,21.23,27.12,0,1,48,1,1
2025-12-08,mean_7,12.94,20.02,0,1,48,7,1
2025-12-08,mean_90,12.66,16.26,0,1,48,90,1
2025-12-08,weekday,12.15,19.07,1,1,48,7,1
2025-12-08,regression,11.4,13.34,0,1,48,90,1
2025-12-08,reg_demand,10.15,12.14,0,1,48,90,1
2025-12-09,naive,15.45,21.33,0,1,48,1,1
2025-12-09,mean_7,11.51,16.36,1,2,48,7,1
2025-12-09,mean_90,13.82,17.6,0,1,48,90,1
2025-12-09,weekday,12.77,18.96,0,2,48,7,1
2025-12-09,regression,15.88,19.66,3,0,48,90,1
2025-12-09,reg_demand,15.64,18.76,3,0,48,90,1
2025-12-10,naive,20.7,25.8,0,2,48,1,1
2025-12-10,mean_7,18.01,25.89,0,3,48,7,1
2025-12-10,mean_90,15.81,22.6,1,2,48,90,1
2025-12-10,weekday,19.93,25.59,1,3,48,7,1
2025-12-10,regression,16.32,18.55,1,2,48,90,1
2025-12-10,reg_demand,13.98,15.51,1,2,48,90,1
2025-12-11,naive,13.39,18.34,1,2,48,1,1
2025-12-11,mean_7,6.19,7.7,1,2,48,7,1
2025-12-11,mean_90,8.66,10.15,2,3,48,90,1
2025-12-11,weekday,8.1,9.49,1,3,48,7,1
2025-12-11,regression,11.41,13.66,2,3,48,90,1
2025-12-11,reg_demand,6.3,8.21,2,3,48,90,1
2025-12-12,naive,14.39,16.55,3,1,48,1,1
2025-12-12,mean_7,13.18,14.6,2,1,48,7,1
2025-12-12,mean_90,11.27,12.2,2,0,48,90,1
2025-12-12,weekday,9.62,10.92,2,1,48,7,1
2025-12-12,regression,7.59,9.55,1,0,48,90,1
2025-12-12,reg_demand,12.1,13.56,1,2,48,90,1
2025-12-13,naive,8.32,12.83,1,2,48,1,1
2025-12-13,mean_7,9.78,14.03,1,1,48,7,1
2025-12-13,mean_90,10.24,13.08,2,0,48,90,1
2025-12-13,weekday,7.43,10.38,3,0,48,7,1
2025-12-13,regression,10.61,12.48,2,1,48,90,1
2025-12-13,reg_demand,9.94,11.67,2,0,48,90,1
2025-12-14,naive,28.97,34.04,2,0,48,1,1
2025-12-14,mean_7,21.45,24.52,1,3,48,7,1
2025-12-14,mean_90,24.12,26.86,3,3,48,90,1
2025-12-14,weekday,23.31,28.0,1,4,48,7,1
2025-12-14,regression,8.82,11.81,1,3,48,90,1
2025-12-14,reg_demand,9.52,12.13,3,3,48,90,1
2025-12-15,naive,30.34,32.86,2,3,48,1,1
2025-12-15,mean_7,14.05,15.94,3,3,48,7,1
2025-12-15,mean_90,7.54,9.31,3,4,48,90,1
2025-12-15,weekday,10.2,12.3,3,2,48,7,1
2025-12-15,regression,9.34,11.71,0,4,48,90,1
2025-12-15,reg_demand,12.31,13.6,0,3,48,90,1
2025-12-16,naive,10.47,12.95,0,3,48,1,1
2025-12-16,mean_7,19.49,22.37,0,2,48,7,1
2025-12-16,mean_90,13.49,15.49,0,3,48,90,1
2025-12-16,weekday,17.13,20.81,0,2,48,7,1
2025-12-16,regression,10.26,12.14,0,3,48,90,1
2025-12-16,reg_demand,12.71,14.95,0,2,48,90,1
2025-12-17,naive,10.93,13.01,2,1,48,1,1
2025-12-17,mean_7,8.63,10.56,1,1,48,7,1
2025-12-17,mean_90,8.06,9.59,1,1,48,90,1
2025-12-17,weekday,8.53,10.94,0,1,48,7,1
2025-12-17,regression,9.3,10.44,2,2,48,90,1
2025-12-17,reg_demand,7.41,8.44,2,1,48,90,1
2025-12-18,naive,16.45,24.07,2,1,48,1,1
2025-12-18,mean_7,14.86,21.95,0,0,48,7,1
2025-12-18,mean_90,16.13,22.44,0,0,48,90,1
2025-12-18,weekday,13.41,19.99,0,0,48,7,1
2025-12-18,regression,9.74,13.8,0,0,48,90,1
2025-12-18,reg_demand,9.97,14.4,1,1,48,90,1
2025-12-19,naive,18.84,25.88,0,0,48,1,1
2025-12-19,mean_7,15.66,26.28,1,4,48,7,1
2025-12-19,mean_90,16.11,26.27,1,3,48,90,1
2025-12-19,weekday,14.64,24.1,1,4,48,7,1
2025-12-19,regression,18.26,20.51,1,3,48,90,1
2025-12-19,reg_demand,16.12,19.99,1,4,48,90,1
2025-12-20,naive,27.11,37.69,1,3,48,1,1
2025-12-20,mean_7,17.17,19.1,0,3,48,7,1
2025-12-20,mean_90,14.33,16.13,0,2,48,90,1
2025-12-20,weekday,19.92,21.36,1,3,48,7,1
2025-12-20,regression,8.11,9.45,2,2,48,90,1
2025-12-20,reg_demand,8.01,9.85,1,3,48,90,1
2025-12-21,naive,9.5,12.12,2,1,48,1,1
2025-12-21,mean_7,9.98,13.45,0,1,48,7,1
2025-12-21,mean_90,8.67,11.14,0,0,48,90,1
2025-12-21,weekday,10.1,13.05,1,1,48,7,1
2025-12-21,regression,14.12,15.67,0,1,48,90,1
2025-12-21,reg_demand,12.33,13.96,1,1,48,90,1
2025-12-22,naive,10.99,16.08,0,1,48,1,1
2025-12-22,mean_7,6.64,9.11,2,3,48,7,1
2025-12-22,mean_90,7.91,9.91,4,2,48,90,1
2025-12-22,weekday,5.87,7.68,4,3,48,7,1
2025-12-22,regression,8.21,10.31,4,2,48,90,1
2025-12-22,reg_demand,9.0,11.25,3,3,48,90,1
2025-12-23,naive,10.62,13.9,0,0,48,1,1
2025-12-23,mean_7,7.91,9.1,0,0,48,7,1
2025-12-23,mean_90,9.28,10.97,0,0,48,90,1
2025-12-23,weekday,8.9,10.44,0,0,48,7,1
2025-12-23,regression,10.76,13.82,2,0,48,90,1
2025-12-23,reg_demand,13.85,16.52,2,0,48,90,1
2025-12-24,naive,10.58,12.55,0,0,48,1,1
2025-12-24,mean_7,7.34,9.72,2,2,48,7,1
2025-12-24,mean_90,8.76,10.39,2,3,48,90,1
2025-12-24,weekday,6.61,9.2,2,3,48,7,1
2025-12-24,regression,9.44,11.37,2,3,48,90,1
2025-12-24,reg_demand,8.55,10.2,2,3,48,90,1
2025-12-25,naive,8.75,10.99,1,2,48,1,1
2025-12-25,mean_7,9.84,11.58,2,3,48,7,1
2025-12-25,mean_90,10.53,11.85,3,1,48,90,1
2025-12-25,weekday,10.0,11.77,2,2,48,7,1
2025-12-25,regression,10.51,11.87,3,1,48,90,1
2025-12-25,reg_demand,12.18,14.2,2,0,48,90,1
2025-12-26,naive,8.48,10.34,1,2,48,1,1
2025-12-26,mean_7,9.62,10.93,2,1,48,7,1
2025-12-26,mean_90,8.88,10.5,2,2,48,90,1
2025-12-26,weekday,13.02,14.84,2,1,48,7,1
2025-12-26,regression,6.77,7.96,2,2,48,90,1
2025-12-26,reg_demand,9.24,10.84,2,2,48,90,1
2025-12-27,naive,10.85,12.98,3,2,48,1,1
2025-12-27,mean_7,8.93,10.14,1,2,48,7,1
2025-12-27,mean_90,9.53,10.74,1,3,48,90,1
2025-12-27,weekday,6.45,7.84,2,4,48,7,1
2025-12-27,regression,12.02,13.99,3,3,48,90,1
2025-12-27,reg_demand,4.79,7.3,3,3,48,90,1
2025-12-28,naive,11.56,13.14,0,3,48,1,1
2025-12-28,mean_7,6.28,7.27,2,3,48,7,1
2025-12-28,mean_90,9.03,10.27,2,4,48,90,1
2025-12-28,weekday,10.22,11.42,1,3,48,7,1
2025-12-28,regression,15.13,18.15,0,4,48,90,1
2025-12-28,reg_demand,10.51,14.87,2,4,48,90,1
2025-12-29,naive,3.23,3.94,2,4,48,1,1
2025-12-29,mean_7,8.06,9.11,3,3,48,7,1
2025-12-29,mean_90,10.7,12.66,3,4,48,90,1
2025-12-29,weekday,12.59,14.89,3,1,48,7,1
2025-12-29,regression,10.37,12.16,0,4,48,90,1
2025-12-29,reg_demand,10.32,12.33,0,4,48,90,1
2025-12-30,naive,5.47,6.44,3,4,48,1,1
2025-12-30,mean_7,9.08,10.41,2,3,48,7,1
2025-12-30,mean_90,12.88,14.46,2,4,48,90,1
2025-12-30,weekday,11.98,14.68,2,3,48,7,1
2025-12-30,regression,6.76,8.09,2,4,48,90,1
2025-12-30,reg_demand,6.19,7.83,1,4,48,90,1
2025-12-31,naive,14.43,17.11,1,3,48,1,1
2025-12-31,mean_7,8.59,12.04,0,4,48,7,1
2025-12-31,mean_90,6.96,9.17,0,3,48,90,1
2025-12-31,weekday,9.03,11.87,0,4,48,7,1
2025-12-31,regression,5.56,6.87,3,3,48,90,1
2025-12-31,reg_demand,7.46,9.21,3,3,48,90,1
2026-01-01,naive,22.23,25.87,0,3,48,1,1
2026-01-01,mean_7,25.03,29.8,0,3,48,7,1
2026-01-01,mean_90,19.94,25.46,0,4,48,90,1
2026-01-01,weekday,23.97,29.18,0,3,48,7,1
2026-01-01,regression,17.64,19.46,0,3,48,90,1
2026-01-01,reg_demand,14.05,15.37,0,3,48,90,1
2026-01-02,naive,27.36,32.63,0,4,48,1,1
2026-01-02,mean_7,12.04,13.51,0,4,48,7,1
2026-01-02,mean_90,9.64,10.49,1,4,48,90,1
2026-01-02,weekday,10.85,12.26,0,4,48,7,1
2026-01-02,regression,23.61,24.63,1,3,48,90,1
2026-01-02,reg_demand,18.09,19.13,1,2,48,90,1
2026-01-03,naive,9.86,14.12,0,3,48,1,1
2026-01-03,mean_7,5.84,7.08,1,3,48,7,1
2026-01-03,mean_90,8.26,10.39,2,3,48,90,1
2026-01-03,weekday,9.02,11.13,2,4,48,7,1
2026-01-03,regression,20.75,23.17,2,3,48,90,1
2026-01-03,reg_demand,16.08,17.37,2,4,48,90,1
2026-01-04,naive,8.15,9.35,1,3,48,1,1
2026-01-04,mean_7,11.69,12.39,2,4,48,7,1
2026-01-04,mean_90,13.72,15.07,2,4,48,90,1
2026-01-04,weekday,14.02,15.07,2,3,48,7,1
2026-01-04,regression,19.87,21.81,1,3,48,90,1
2026-01-04,reg_demand,12.59,13.76,1,3,48,90,1
2026-01-05,naive,32.73,42.87,1,3,48,1,1
2026-01-05,mean_7,42.19,50.94,2,3,48,7,1
2026-01-05,mean_90,45.08,52.32,2,3,48,90,1
2026-01-05,weekday,43.47,52.08,2,3,48,7,1
2026-01-05,regression,41.53,49.15,2,3,48,90,1
2026-01-05,reg_demand,26.13,38.27,3,3,48,90,1
2026-01-06,naive,66.18,76.53,0,0,48,1,1
2026-01-06,mean_7,66.25,88.88,0,0,48,7,1
2026-01-06,mean_90,70.91,92.0,0,0,48,90,1
2026-01-06,weekday,66.39,88.99,0,0,48,7,1
2026-01-06,regression,66.34,86.34,4,0,48,90,1
2026-01-06,reg_demand,46.73,69.25,4,0,48,90,1
2026-01-07,naive,68.95,90.25,0,0,48,1,1
2026-01-07,mean_7,14.05,17.04,2,4,48,7,1
2026-01-07,mean_90,6.55,7.79,2,3,48,90,1
2026-01-07,weekday,14.16,17.15,3,3,48,7,1
2026-01-07,regression,12.62,16.38,2,3,48,90,1
2026-01-07,reg_demand,16.7,18.36,2,4,48,90,1
2026-01-08,naive,66.43,95.48,2,0,48,1,1
2026-01-08,mean_7,54.57,81.68,2,0,48,7,1
2026-01-08,mean_90,68.51,94.17,1,0,48,90,1
2026-01-08,weekday,55.16,82.24,2,0,48,7,1
2026-01-08,regression,54.66,80.47,0,0,48,90,1
2026-01-08,reg_demand,49.65,66.78,0,0,48,90,1
2026-01-09,naive,62.34,88.17,0,0,48,1,1
2026-01-09,mean_7,21.8,25.95,0,0,48,7,1
2026-01-09,mean_90,12.37,15.46,1,3,48,90,1
2026-01-09,weekday,18.58,21.73,0,0,48,7,1
2026-01-10,naive,7.36,9.71,0,2,48,1,1
2026-01-10,mean_7,24.61,32.26,0,0,48,7,1
2026-01-10,mean_90,9.98,12.88,0,2,48,90,1
2026-01-10,weekday,7.19,9.06,0,3,48,7,1
2026-01-10,regression,13.66,14.78,0,2,48,89,1
2026-01-10,reg_demand,14.36,17.79,0,2,48,89,1
2026-01-11,naive,6.91,8.66,0,3,48,1,1
2026-01-11,mean_7,27.37,31.95,2,0,48,7,1
2026-01-11,mean_90,8.14,10.13,0,3,48,90,1
2026-01-11,weekday,4.15,5.38,0,4,48,7,1
2026-01-11,regression,18.12,19.4,2,4,48,89,1
2026-01-11,reg_demand,15.86,16.96,3,3,48,89,1
2026-01-12,naive,7.74,9.29,0,3,48,1,1
2026-01-12,mean_7,21.4,25.07,1,0,48,7,1
2026-01-12,mean_90,9.03,10.64,1,3,48,90,1
2026-01-12,weekday,17.55,21.81,3,0,48,7,1
2026-01-12,regression,23.49,26.02,2,3,48,89,1
2026-01-12,reg_demand,15.82,20.75,2,3,48,89,1
2026-01-13,naive,8.39,10.52,2,0,48,1,1
2026-01-13,mean_7,11.95,15.72,1,1,48,7,1
2026-01-13,mean_90,16.66,18.68,1,0,48,90,1
2026-01-13,weekday,16.91,21.62,1,1,48,7,1
2026-01-13,regression,12.66,14.68,2,0,48,89,1
2026-01-13,reg_demand,10.93,12.55,2,2,48,89,1
2026-01-14,naive,9.9,12.29,1,0,48,1,1
2026-01-14,mean_7,10.0,13.23,3,0,48,7,1
2026-01-14,mean_90,14.08,15.4,3,3,48,90,1
2026-01-14,weekday,18.59,25.74,2,0,48,7,1
2026-01-14,regression,9.92,11.95,1,3,48,89,1
2026-01-14,reg_demand,12.93,15.32,0,0,48,89,1
2026-01-15,naive,8.8,10.51,2,2,48,1,1
2026-01-15,mean_7,12.25,14.27,2,0,48,7,1
2026-01-15,mean_90,20.62,22.52,2,2,48,90,1
2026-01-15,weekday,18.76,23.09,1,0,48,7,1
2026-01-15,regression,17.73,20.74,1,2,48,89,1
2026-01-15,reg_demand,11.56,12.81,0,2,48,89,1
2026-01-16,naive,8.8,10.89,1,2,48,1,1
2026-01-16,mean_7,13.33,15.81,1,3,48,7,1
2026-01-16,mean_90,24.75,26.96,1,3,48,90,1
2026-01-16,weekday,16.26,17.72,1,0,48,7,1
2026-01-16,regression,14.92,17.72,1,3,48,89,1
2026-01-17,naive,5.31,6.95,2,3,48,1,1
2026-01-17,mean_7,13.45,15.51,0,3,48,7,1
2026-01-17,mean_90,26.66,29.45,0,3,48,90,1
2026-01-17,weekday,22.34,23.36,0,3,48,7,1
2026-01-17,regression,14.47,19.35,0,3,48,89,1
2026-01-17,reg_demand,13.29,16.7,0,3,48,89,1
2026-01-18,naive,5.57,7.92,1,2,48,1,1
2026-01-18,mean_7,11.16,15.2,0,3,48,7,1
2026-01-18,mean_90,26.62,30.43,0,3,48,90,1
2026-01-18,weekday,19.24,21.24,0,3,48,7,1
2026-01-18,regression,11.38,14.4,1,3,48,89,1
2026-01-18,reg_demand,12.02,15.06,0,3,48,89,1
2026-01-19,naive,11.65,16.31,1,0,48,1,1
2026-01-19,mean_7,8.61,11.39,3,1,48,7,1
2026-01-19,mean_90,25.02,26.12,3,1,48,90,1
2026-01-19,weekday,9.68,11.3,3,2,48,7,1
2026-01-19,regression,10.68,12.64,2,1,48,89,1
2026-01-19,reg_demand,9.73,11.88,1,1,48,89,1
2026-01-20,naive,15.36,18.65,1,1,48,1,1
2026-01-20,mean_7,11.53,12.42,0,4,48,7,1
2026-01-20,mean_90,9.57,11.65,0,4,48,90,1
2026-01-20,weekday,7.07,8.33,0,4,48,7,1
2026-01-20,regression,17.62,19.74,2,2,48,89,1
2026-01-20,reg_demand,10.64,14.32,2,1,48,89,1
2026-01-21,naive,9.66,12.14,2,0,48,1,1
2026-01-21,mean_7,8.25,10.48,0,0,48,7,1
2026-01-21,mean_90,16.6,18.57,0,0,48,90,1
2026-01-21,weekday,6.35,8.37,0,0,48,7,1
2026-01-21,regression,30.58,32.06,2,0,48,89,1
2026-01-21,reg_demand,20.24,22.25,4,3,48,89,1
2026-01-22,naive,7.95,9.52,1,2,48,1,1
2026-01-22,mean_7,10.45,12.79,0,2,48,7,1
2026-01-22,mean_90,19.1,20.77,0,2,48,90,1
2026-01-22,weekday,8.52,10.3,0,2,48,7,1
2026-01-22,regression,31.31,32.31,1,2,48,89,1
2026-01-22,reg_demand,22.41,23.3,2,2,48,89,1
2026-01-23,naive,7.16,9.1,0,2,48,1,1
2026-01-23,mean_7,7.57,8.56,1,2,48,7,1
2026-01-23,mean_90,16.17,17.25,2,2,48,90,1
2026-01-23,weekday,6.08,7.06,1,2,48,7,1
2026-01-23,regression,28.21,28.89,0,2,48,89,1
2026-01-23,reg_demand,19.69,20.48,0,4,48,89,1
2026-01-24,naive,7.93,10.55,2,1,48,1,1
2026-01-24,mean_7,9.53,12.43,1,3,48,7,1
2026-01-24,mean_90,11.89,13.36,4,3,48,90,1
2026-01-24,weekday,10.25,11.5,3,3,48,7,1
2026-01-24,regression,22.91,24.24,3,3,48,89,1
2026-01-24,reg_demand,25.49,26.85,3,2,48,89,1
2026-01-25,naive,7.64,9.12,2,2,48,1,1
2026-01-25,mean_7,6.23,7.6,0,3,48,7,1
2026-01-25,mean_90,17.44,18.3,2,3,48,90,1
2026-01-25,weekday,9.36,10.48,1,3,48,7,1
2026-01-25,regression,23.73,24.55,3,3,48,89,1
2026-01-25,reg_demand,26.15,27.17,2,4,48,89,1
2026-01-26,naive,10.9,14.88,0,1,48,1,1
2026-01-26,mean_7,12.46,14.1,2,1,48,7,1
2026-01-26,mean_90,26.79,27.85,2,1,48,90,1
2026-01-26,weekday,11.24,13.22,2,1,48,7,1
2026-01-26,regression,23.58,24.94,1,4,48,89,1
2026-01-26,reg_demand,12.4,15.17,1,3,48,89,1
2026-01-27,naive,11.27,14.26,2,2,48,1,1
2026-01-27,mean_7,5.92,7.21,2,0,48,7,1
2026-01-27,mean_90,15.09,16.78,4,0,48,90,1
2026-01-27,weekday,7.28,8.97,1,0,48,7,1
2026-01-27,regression,27.75,29.11,4,0,48,89,1
2026-01-27,reg_demand,18.1,19.66,4,0,48,89,1
2026-01-28,naive,16.54,19.24,0,2,48,1,1
2026-01-28,mean_7,15.7,17.12,0,2,48,7,1
2026-01-28,mean_90,31.13,32.1,0,1,48,90,1
2026-01-28,weekday,15.54,16.58,1,1,48,7,1
2026-01-28,regression,25.1,26.79,1,0,48,89,1
2026-01-28,reg_demand,12.61,14.55,1,0,48,89,1
2026-01-29,naive,8.21,10.7,3,0,48,1,1
2026-01-29,mean_7,16.73,18.26,1,1,48,7,1
2026-01-29,mean_90,34.34,35.01,1,2,48,90,1
2026-01-29,weekday,17.76,19.45,2,1,48,7,1
2026-01-29,regression,32.46,33.38,1,3,48,89,1
2026-01-29,reg_demand,17.25,19.12,1,2,48,89,1
2026-01-30,naive,19.38,22.69,1,1,48,1,1
2026-01-30,mean_7,9.26,10.4,0,1,48,7,1
2026-01-30,mean_90,14.55,16.59,0,1,48,90,1
2026-01-30,weekday,8.91,10.42,2,3,48,7,1
2026-01-30,regression,21.13,23.21,0,0,48,89,1
2026-01-30,reg_demand,13.11,15.24,0,0,48,89,1
2026-01-31,naive,4.84,6.11,1,1,48,1,1
2026-01-31,mean_7,7.72,9.06,0,3,48,7,1
2026-01-31,mean_90,13.2,14.48,0,3,48,90,1
2026-01-31,weekday,4.19,5.38,0,3,48,7,1
2026-01-31,regression,14.13,16.6,0,1,48,89,1
2026-01-31,reg_demand,15.62,16.85,0,1,48,89,1
2026-02-01,naive,11.75,16.28,0,2,48,1,1
2026-02-01,mean_7,12.04,17.49,0,3,48,7,1
2026-02-01,mean_90,18.67,22.56,0,3,48,90,1
2026-02-01,weekday,10.96,15.65,0,3,48,7,1
2026-02-01,regression,12.44,16.95,0,1,48,89,1
2026-02-01,reg_demand,10.75,16.05,2,2,48,89,1
2026-02-02,naive,20.7,25.23,0,0,48,1,1
2026-02-02,mean_7,12.28,15.06,0,0,48,7,1
2026-02-02,mean_90,14.53,17.7,0,0,48,90,1
2026-02-02,weekday,12.57,14.36,1,3,48,7,1
2026-02-02,regression,11.4,12.8,3,2,48,89,1
2026-02-02,reg_demand,7.23,9.14,3,2,48,89,1
2026-02-03,naive,18.98,22.46,0,0,48,1,1
2026-02-03,mean_7,16.43,19.38,2,3,48,7,1
2026-02-03,mean_90,7.57,8.64,4,3,48,90,1
2026-02-03,weekday,17.48,21.21,2,1,48,7,1
2026-02-03,regression,8.64,10.04,4,3,48,89,1
2026-02-03,reg_demand,4.69,6.23,2,4,48,89,1
2026-02-04,naive,13.05,15.55,2,0,48,1,1
2026-02-04,mean_7,9.38,11.0,2,1,48,7,1
2026-02-04,mean_90,8.54,9.9,2,1,48,90,1
2026-02-04,weekday,9.87,10.91,3,2,48,7,1
2026-02-04,regression,9.17,11.44,3,1,48,89,1
2026-02-04,reg_demand,7.65,10.99,2,1,48,89,1
2026-02-05,naive,13.8,17.66,2,0,48,1,1
2026-02-05,mean_7,15.61,19.34,3,3,48,7,1
2026-02-05,mean_90,7.12,10.03,3,3,48,90,1
2026-02-05,weekday,17.55,20.99,2,1,48,7,1
2026-02-05,regression,10.13,11.4,3,3,48,89,1
2026-02-05,reg_demand,7.04,9.24,3,4,48,89,1
2026-02-06,naive,14.78,19.66,1,0,48,1,1
2026-02-06,mean_7,7.06,8.28,0,0,48,7,1
2026-02-06,mean_90,11.36,13.24,0,0,48,90,1
2026-02-06,weekday,6.86,8.17,0,0,48,7,1
2026-02-06,regression,15.02,17.61,0,0,48,89,1
2026-02-06,reg_demand,9.03,10.78,0,0,48,89,1
2026-02-07,naive,7.67,10.42,0,0,48,1,1
2026-02-07,mean_7,6.25,7.68,0,4,48,7,1
2026-02-07,mean_90,7.97,10.02,0,4,48,90,1
2026-02-07,weekday,7.58,8.88,0,4,48,7,1
2026-02-07,regression,8.69,10.25,0,2,48,89,1
2026-02-07,reg_demand,10.91,11.83,0,2,48,89,1
2026-02-08,naive,6.98,8.74,0,3,48,1,1
2026-02-08,mean_7,7.79,9.21,3,3,48,7,1
2026-02-08,mean_90,6.11,6.94,3,3,48,90,1
2026-02-08,weekday,13.05,13.45,2,4,48,7,1
2026-02-08,regression,8.72,11.78,3,0,48,89,1
2026-02-08,reg_demand,5.13,6.24,3,2,48,89,1
2026-02-09,naive,9.45,11.15,1,2,48,1,1
2026-02-09,mean_7,4.54,5.56,0,2,48,7,1
2026-02-09,mean_90,7.42,9.12,0,2,48,90,1
2026-02-09,weekday,4.36,5.42,0,1,48,7,1
2026-02-09,regression,4.96,6.12,2,1,48,89,1
2026-02-09,reg_demand,6.99,8.24,1,1,48,89,1
2026-02-10,naive,11.4,12.56,1,2,48,1,1
2026-02-10,mean_7,8.05,8.74,2,3,48,7,1
2026-02-10,mean_90,5.55,6.77,2,3,48,90,1
2026-02-10,weekday,10.56,11.37,1,3,48,7,1
2026-02-10,regression,7.05,8.37,2,2,48,89,1
2026-02-10,reg_demand,12.23,13.96,1,1,48,89,1
2026-02-11,naive,5.72,6.88,2,0,48,1,1
2026-02-11,mean_7,6.16,8.03,1,0,48,7,1
2026-02-11,mean_90,5.3,7.72,2,0,48,90,1
2026-02-11,weekday,6.89,8.49,2,0,48,7,1
2026-02-11,regression,6.03,9.9,2,0,48,89,1
2026-02-11,reg_demand,8.56,11.41,2,0,48,89,1
2026-02-12,naive,7.75,9.69,0,0,48,1,1
2026-02-12,mean_7,8.88,10.39,2,2,48,7,1
2026-02-12,mean_90,9.23,11.24,1,2,48,90,1
2026-02-12,weekday,9.48,11.6,1,2,48,7,1
2026-02-12,regression,13.65,15.73,1,1,48,89,1
2026-02-12,reg_demand,17.08,19.74,1,2,48,89,1
2026-02-13,naive,5.18,6.5,1,3,48,1,1
2026-02-13,mean_7,7.98,8.86,3,3,48,7,1
2026-02-13,mean_90,7.31,9.6,3,3,48,90,1
2026-02-13,weekday,8.48,9.78,3,3,48,7,1
2026-02-13,regression,13.01,15.01,2,2,48,89,1
2026-02-13,reg_demand,17.78,20.07,3,1,48,89,1
2026-02-14,naive,5.29,6.23,3,4,48,1,1
2026-02-14,mean_7,5.7,6.67,3,4,48,7,1
2026-02-14,mean_90,5.95,7.29,4,3,48,90,1
2026-02-14,weekday,12.57,13.8,3,4,48,7,1
2026-02-14,regression,14.23,16.9,1,0,48,89,1
2026-02-14,reg_demand,11.78,14.12,0,2,48,89,1
2026-02-15,naive,7.36,8.72,1,3,48,1,1
2026-02-15,mean_7,4.24,5.66,1,3,48,7,1
2026-02-15,mean_90,7.8,9.86,1,2,48,90,1
2026-02-15,weekday,12.42,13.91,1,3,48,7,1
2026-02-15,regression,8.99,10.38,1,3,48,89,1
2026-02-15,reg_demand,9.04,10.24,2,2,48,89,1
2026-02-16,naive,4.87,5.68,1,3,48,1,1
2026-02-16,mean_7,5.05,5.81,3,2,48,7,1
2026-02-16,mean_90,8.65,10.21,3,2,48,90,1
2026-02-16,weekday,7.19,8.16,2,2,48,7,1
2026-02-16,regression,8.14,9.56,1,2,48,89,1
2026-02-16,reg_demand,10.73,12.66,1,2,48,89,1
2026-02-17,naive,3.49,4.17,2,2,48,1,1
2026-02-17,mean_7,2.45,3.27,2,4,48,7,1
2026-02-17,mean_90,6.46,8.7,2,3,48,90,1
2026-02-17,weekday,4.57,5.83,2,3,48,7,1
2026-02-17,regression,10.68,11.84,1,4,48,89,1
2026-02-18,naive,8.65,10.72,1,4,48,1,1
2026-02-18,mean_7,8.63,10.38,1,4,48,7,1
2026-02-18,mean_90,14.61,17.06,1,3,48,90,1
2026-02-18,weekday,10.21,11.84,1,4,48,7,1
2026-02-18,regression,11.04,12.85,1,4,48,89,1
2026-02-18,reg_demand,19.22,21.04,0,4,48,89,1
2026-02-19,naive,21.38,24.34,0,4,48,1,1
2026-02-19,mean_7,14.34,17.92,3,4,48,7,1
2026-02-19,mean_90,9.65,13.22,3,3,48,90,1
2026-02-19,weekday,14.22,18.43,3,4,48,7,1
2026-02-19,regression,9.21,11.81,2,4,48,89,1
2026-02-19,reg_demand,9.74,11.63,1,4,48,89,1
2026-02-20,naive,19.09,25.33,0,0,48,1,1
2026-02-20,mean_7,9.36,12.0,0,0,48,7,1
2026-02-20,mean_90,12.26,14.04,0,0,48,90,1
2026-02-20,weekday,8.73,10.9,0,0,48,7,1
2026-02-20,regression,5.35,6.69,3,0,48,89,1
2026-02-20,reg_demand,6.03,7.21,3,0,48,89,1
2026-02-21,naive,16.09,19.67,1,0,48,1,1
2026-02-21,mean_7,13.53,17.1,1,3,48,7,1
2026-02-21,mean_90,13.99,17.99,1,4,48,90,1
2026-02-21,weekday,18.83,23.55,1,3,48,7,1
2026-02-21,regression,9.77,14.04,1,4,48,89,1
2026-02-21,reg_demand,13.8,16.13,1,2,48,89,1
2026-02-22,naive,23.56,31.08,1,3,48,1,1
2026-02-22,mean_7,29.55,33.72,0,4,48,7,1
2026-02-22,mean_90,36.38,40.94,0,3,48,90,1
2026-02-22,weekday,37.59,40.69,0,4,48,7,1
2026-02-22,regression,25.77,29.99,0,4,48,89,1
2026-02-22,reg_demand,13.25,16.03,1,4,48,89,1
2026-02-23,naive,31.18,35.67,0,1,48,1,1
2026-02-23,mean_7,19.62,28.58,3,1,48,7,1
2026-02-23,mean_90,24.0,32.57,2,1,48,90,1
2026-02-23,weekday,19.83,31.77,3,1,48,7,1
2026-02-23,regression,17.88,26.16,1,1,48,89,1
2026-02-23,reg_demand,16.88,22.78,1,2,48,89,1
2026-02-24,naive,32.77,46.9,0,0,48,1,1
2026-02-24,mean_7,19.89,25.81,0,0,48,7,1
2026-02-24,mean_90,17.47,20.63,0,0,48,90,1
2026-02-24,weekday,17.68,21.85,0,0,48,7,1
2026-02-24,regression,12.28,15.67,0,0,48,89,1
2026-02-24,reg_demand,14.85,18.68,0,0,48,89,1
2026-02-25,naive,14.76,19.67,0,0,48,1,1
2026-02-25,mean_7,6.86,9.18,0,3,48,7,1
2026-02-25,mean_90,9.85,11.6,0,3,48,90,1
2026-02-25,weekday,6.5,7.54,0,3,48,7,1
2026-02-25,regression,8.18,9.19,0,3,48,89,1
2026-02-26,naive,25.57,28.82,0,4,48,1,1
2026-02-26,mean_7,23.51,25.29,3,3,48,7,1
2026-02-26,mean_90,34.81,36.48,3,3,48,90,1
2026-02-26,weekday,27.94,30.09,4,3,48,7,1
2026-02-26,regression,25.98,28.47,3,3,48,89,1
2026-02-26,reg_demand,18.01,21.96,3,3,48,89,1
2026-02-27,naive,26.51,29.46,0,3,48,1,1
2026-02-27,mean_7,14.69,17.56,0,3,48,7,1
2026-02-27,mean_90,12.45,18.34,0,4,48,90,1
2026-02-27,weekday,11.81,15.71,0,3,48,7,1
2026-02-27,regression,14.6,18.04,2,3,48,89,1
2026-02-27,reg_demand,11.27,15.35,3,3,48,89,1
2026-02-28,naive,15.72,21.22,0,3,48,1,1
2026-02-28,mean_7,14.28,17.94,0,4,48,7,1
2026-02-28,mean_90,11.73,13.67,0,3,48,90,1
2026-02-28,weekday,7.97,9.56,0,4,48,7,1
2026-02-28,regression,12.29,15.14,0,3,48,89,1
2026-02-28,reg_demand,7.1,8.76,1,4,48,89,1
2026-03-01,naive,35.94,41.81,3,3,48,1,1
2026-03-01,mean_7,29.28,36.21,0,3,48,7,1
2026-03-01,mean_90,41.55,50.49,0,3,48,90,1
2026-03-01,weekday,34.01,41.04,0,3,48,7,1
2026-03-01,regression,33.02,43.1,0,3,48,89,1
2026-03-01,reg_demand,20.36,25.86,2,3,48,89,1
2026-03-02,naive,42.61,49.79,0,3,48,1,1
2026-03-02,mean_7,18.8,21.39,0,4,48,7,1
2026-03-02,mean_90,18.27,24.51,0,3,48,90,1
2026-03-02,weekday,16.75,19.47,0,4,48,7,1
2026-03-02,regression,17.68,21.55,0,3,48,89,1
2026-03-02,reg_demand,14.29,19.79,0,4,48,89,1
2026-03-03,naive,44.33,49.3,0,4,48,1,1
2026-03-03,mean_7,48.45,48.85,0,4,48,7,1
2026-03-03,mean_90,33.04,34.56,1,3,48,90,1
2026-03-03,weekday,46.2,47.23,0,4,48,7,1
2026-03-03,regression,27.16,28.49,1,3,48,89,1
2026-03-03,reg_demand,26.64,27.7,1,2,48,89,1
2026-03-04,naive,13.53,18.75,2,1,48,1,1
2026-03-04,mean_7,47.92,51.32,0,1,48,7,1
2026-03-04,mean_90,36.99,39.7,0,0,48,90,1
2026-03-04,weekday,44.68,47.07,0,1,48,7,1
2026-03-04,regression,34.39,38.61,0,0,48,89,1
2026-03-04,reg_demand,32.73,36.25,2,0,48,89,1
2026-03-05,naive,14.24,17.14,0,0,48,1,1
2026-03-05,mean_7,28.06,31.37,4,0,48,7,1
2026-03-05,mean_90,22.96,24.85,3,0,48,90,1
2026-03-05,weekday,23.24,25.25,2,0,48,7,1
2026-03-06,naive,17.56,19.77,1,0,48,1,1
2026-03-06,mean_7,23.51,24.86,1,4,48,7,1
2026-03-06,mean_90,26.61,29.55,1,3,48,90,1
2026-03-06,weekday,23.57,26.53,1,4,48,7,1
2026-03-06,regression,15.49,18.75,2,3,48,88,1
2026-03-06,reg_demand,21.23,23.71,1,1,48,88,1
2026-03-07,naive,17.93,21.02,0,4,48,1,1
2026-03-07,mean_7,35.08,35.73,0,4,48,7,1
2026-03-07,mean_90,43.19,43.54,0,3,48,90,1
2026-03-07,weekday,58.48,59.2,0,4,48,7,1
2026-03-07,regression,29.84,30.31,0,4,48,88,1
2026-03-07,reg_demand,43.79,44.54,0,3,48,88,1
2026-03-08,naive,8.45,10.07,0,3,48,1,1
2026-03-08,mean_7,27.6,29.75,3,3,48,7,1
2026-03-08,mean_90,41.99,42.87,3,4,48,90,1
2026-03-08,weekday,51.63,52.37,0,3,48,7,1
2026-03-08,regression,26.15,28.83,0,4,48,88,1
2026-03-08,reg_demand,37.39,38.91,2,4,48,88,1
2026-03-09,naive,14.75,16.82,0,3,48,1,1
2026-03-09,mean_7,23.24,26.26,0,4,48,7,1
2026-03-09,mean_90,48.83,50.34,0,3,48,90,1
2026-03-09,weekday,42.34,44.68,0,4,48,7,1
2026-03-09,regression,32.8,34.75,1,2,48,88,1
2026-03-09,reg_demand,31.92,35.39,0,2,48,88,1
2026-03-10,naive,44.03,47.56,2,0,48,1,1
2026-03-10,mean_7,30.22,35.3,0,0,48,7,1
2026-03-10,mean_90,15.74,19.32,0,0,48,90,1
2026-03-10,weekday,22.9,25.84,0,0,48,7,1
2026-03-10,regression,14.56,19.72,2,1,48,88,1
2026-03-10,reg_demand,16.29,21.24,2,1,48,88,1
2026-03-11,naive,38.21,43.93,0,0,48,1,1
2026-03-11,mean_7,57.49,63.24,0,2,48,7,1
2026-03-11,mean_90,30.77,38.36,0,1,48,90,1
2026-03-11,weekday,47.88,53.75,0,2,48,7,1
2026-03-11,regression,22.19,29.52,0,0,48,88,1
2026-03-11,reg_demand,22.61,30.05,0,0,48,88,1
2026-03-12,naive,37.53,44.61,0,4,48,1,1
2026-03-12,mean_7,25.38,34.28,1,2,48,7,1
2026-03-12,mean_90,18.73,25.62,0,2,48,90,1
2026-03-12,weekday,24.82,32.84,2,2,48,7,1
2026-03-12,regression,25.68,29.61,0,1,48,88,1
2026-03-12,reg_demand,31.57,35.26,0,2,48,88,1
2026-03-13,naive,36.84,48.18,0,3,48,1,1
2026-03-13,mean_7,33.85,51.72,1,3,48,7,1
2026-03-13,mean_90,32.38,42.05,3,3,48,90,1
2026-03-13,weekday,33.07,49.88,1,3,48,7,1
2026-03-13,regression,35.67,38.77,3,2,48,88,1
2026-03-13,reg_demand,32.63,35.32,3,2,48,88,1
2026-03-14,naive,35.92,56.57,0,4,48,1,1
2026-03-14,mean_7,12.86,15.3,0,3,48,7,1
2026-03-14,mean_90,23.81,26.35,0,3,48,90,1
2026-03-14,weekday,28.73,30.42,0,3,48,7,1
2026-03-14,regression,16.63,19.13,2,2,48,88,1
2026-03-14,reg_demand,20.25,22.98,0,2,48,88,1
2026-03-15,naive,55.24,66.78,0,2,48,1,1
2026-03-15,mean_7,49.89,60.06,0,2,48,7,1
2026-03-15,mean_90,42.81,54.94,0,1,48,90,1
2026-03-15,weekday,38.69,48.79,2,1,48,7,1
2026-03-15,regression,33.64,45.22,0,0,48,88,1
2026-03-15,reg_demand,25.69,31.45,3,1,48,88,1
2026-03-16,naive,68.65,79.14,0,1,48,1,1
2026-03-16,mean_7,28.35,32.59,0,3,48,7,1
2026-03-16,mean_90,26.83,28.9,0,4,48,90,1
2026-03-16,weekday,19.94,23.74,0,4,48,7,1
2026-03-16,regression,34.4,37.47,0,3,48,88,1
2026-03-16,reg_demand,36.42,40.04,0,4,48,88,1
2026-03-17,naive,31.16,42.01,0,2,48,1,1
2026-03-17,mean_7,14.47,18.13,0,3,48,7,1
2026-03-17,mean_90,19.19,25.18,0,2,48,90,1
2026-03-17,weekday,17.06,24.92,0,2,48,7,1
2026-03-17,regression,18.37,21.09,1,1,48,88,1
2026-03-17,reg_demand,20.38,22.97,1,1,48,88,1
2026-03-18,naive,25.49,31.6,0,3,48,1,1
2026-03-18,mean_7,28.16,30.39,0,4,48,7,1
2026-03-18,mean_90,23.09,25.94,0,3,48,90,1
2026-03-18,weekday,20.35,22.07,0,4,48,7,1
2026-03-18,regression,15.12,16.84,1,1,48,88,1
2026-03-18,reg_demand,18.18,20.16,1,1,48,88,1
2026-03-19,naive,12.97,15.89,1,3,48,1,1
2026-03-19,mean_7,28.04,29.13,1,3,48,7,1
2026-03-19,mean_90,29.0,31.21,0,4,48,90,1
2026-03-19,weekday,30.39,31.86,1,3,48,7,1
2026-03-19,regression,13.31,16.52,0,3,48,88,1
2026-03-19,reg_demand,15.78,18.78,0,3,48,88,1
2026-03-20,naive,13.48,18.14,0,0,48,1,1
2026-03-20,mean_7,31.39,34.34,0,0,48,7,1
2026-03-20,mean_90,36.28,38.52,0,0,48,90,1
2026-03-20,weekday,34.52,38.61,0,0,48,7,1
2026-03-20,regression,20.91,22.68,2,0,48,88,1
2026-03-20,reg_demand,22.79,24.59,2,0,48,88,1
2026-03-21,naive,4.14,4.95,2,1,48,1,1
2026-03-21,mean_7,23.6,26.3,0,0,48,7,1
2026-03-21,mean_90,34.94,37.48,0,0,48,90,1
2026-03-21,weekday,39.58,43.92,0,0,48,7,1
2026-03-21,regression,15.64,17.32,3,1,48,88,1
2026-03-21,reg_demand,22.23,24.0,2,1,48,88,1
2026-03-22,naive,22.39,24.97,0,0,48,1,1
2026-03-22,mean_7,22.93,26.05,0,3,48,7,1
2026-03-22,mean_90,31.27,35.2,2,2,48,90,1
2026-03-22,weekday,25.79,30.8,0,2,48,7,1
2026-03-22,regression,25.13,29.03,2,0,48,88,1
2026-03-22,reg_demand,33.04,36.87,0,1,48,88,1
2026-03-23,naive,32.99,37.0,0,1,48,1,1
2026-03-23,mean_7,20.8,27.75,0,1,48,7,1
2026-03-23,mean_90,35.0,41.18,0,1,48,90,1
2026-03-23,weekday,27.78,37.3,0,1,48,7,1
2026-03-23,regression,21.37,25.56,3,1,48,88,1
2026-03-23,reg_demand,22.32,27.36,3,1,48,88,1
2026-03-24,naive,65.49,72.66,3,1,48,1,1
2026-03-24,mean_7,58.54,63.18,1,2,48,7,1
2026-03-24,mean_90,34.66,39.18,0,3,48,90,1
2026-03-24,weekday,49.02,53.52,0,2,48,7,1
2026-03-24,regression,20.92,26.19,0,3,48,88,1
2026-03-24,reg_demand,19.95,24.75,0,3,48,88,1
2026-03-25,naive,54.73,59.37,0,1,48,1,1
2026-03-25,mean_7,74.29,84.82,1,1,48,7,1
2026-03-25,mean_90,64.5,69.69,1,1,48,90,1
2026-03-25,weekday,69.27,78.01,1,1,48,7,1
2026-03-25,regression,50.45,54.28,0,0,48,88,1
2026-03-25,reg_demand,52.47,55.96,1,0,48,88,1
2026-03-26,naive,79.53,93.98,0,1,48,1,1
2026-03-26,mean_7,19.83,23.22,0,2,48,7,1
2026-03-26,mean_90,29.48,32.15,0,2,48,90,1
2026-03-26,weekday,25.65,29.02,0,2,48,7,1
2026-03-26,regression,27.11,30.98,0,2,48,88,1
2026-03-26,reg_demand,23.12,27.58,0,2,48,88,1
2026-03-27,naive,20.2,21.76,1,3,48,1,1
2026-03-27,mean_7,11.48,13.09,2,2,48,7,1
2026-03-27,mean_90,14.3,17.51,0,2,48,90,1
2026-03-27,weekday,11.19,13.19,2,2,48,7,1
2026-03-27,regression,10.89,13.75,2,2,48,88,1
2026-03-27,reg_demand,11.22,13.87,1,2,48,88,1
2026-03-28,naive,56.13,63.31,0,2,48,1,1
2026-03-28,mean_7,49.39,58.61,0,2,48,7,1
2026-03-28,mean_90,51.44,59.38,0,1,48,90,1
2026-03-28,weekday,52.12,59.99,4,2,48,7,1
2026-03-28,regression,40.54,46.72,0,0,48,88,1
2026-03-28,reg_demand,34.18,38.75,3,0,48,88,1
2026-03-29,naive,49.04,58.67,2,0,46,1,1
2026-03-29,mean_7,43.86,51.41,1,0,46,7,1
2026-03-29,mean_90,45.85,52.68,0,0,46,90,1
2026-03-29,weekday,49.54,60.15,2,0,46,7,1
2026-03-29,regression,33.92,37.62,0,1,44,88,1
2026-03-30,naive,53.42,67.07,0,0,46,1,1
2026-03-30,mean_7,42.17,47.54,1,0,48,7,1
2026-03-30,mean_90,54.27,59.6,1,0,48,90,1
2026-03-30,weekday,54.2,60.33,1,0,48,7,1
2026-03-30,regression,36.75,43.65,1,0,48,88,1
2026-03-30,reg_demand,36.82,42.86,0,0,48,88,1
2026-03-31,naive,62.87,74.99,0,1,48,1,1
2026-03-31,mean_7,46.65,50.45,1,3,48,7,1
2026-03-31,mean_90,26.69,29.73,2,2,48,90,1
2026-03-31,weekday,28.3,30.53,1,3,48,7,1
2026-03-31,regression,16.93,19.65,1,3,48,88,1
2026-03-31,reg_demand,22.16,25.05,2,3,48,88,1
2026-04-01,naive,8.99,10.13,2,1,48,1,1
2026-04-01,mean_7,34.25,38.88,0,1,48,7,1
2026-04-01,mean_90,21.53,24.85,4,0,48,90,1
2026-04-01,weekday,25.74,27.88,0,1,48,7,1
2026-04-01,regression,13.73,17.97,0,0,48,88,1
2026-04-01,reg_demand,16.01,19.87,0,0,48,88,1
2026-04-02,naive,13.46,16.63,0,2,48,1,1
2026-04-02,mean_7,21.07,23.57,0,1,48,7,1
2026-04-02,mean_90,15.1,17.09,0,1,48,90,1
2026-04-02,weekday,23.88,25.93,0,1,48,7,1
2026-04-02,regression,11.36,19.0,2,1,48,88,1
2026-04-02,reg_demand,12.77,20.0,1,1,48,88,1
2026-04-03,naive,45.79,58.87,3,3,48,1,1
2026-04-03,mean_7,43.24,58.5,0,0,48,7,1
2026-04-03,mean_90,43.52,58.24,0,0,48,90,1
2026-04-03,weekday,46.33,63.97,0,0,48,7,1
2026-04-03,regression,47.04,56.13,0,0,48,88,1
2026-04-03,reg_demand,58.44,64.76,0,0,48,88,1
2026-04-04,naive,36.31,43.56,0,0,48,1,1
2026-04-04,mean_7,38.38,44.51,0,0,48,7,1
2026-04-04,mean_90,42.58,48.85,0,0,48,90,1
2026-04-04,weekday,52.55,57.89,0,0,48,7,1
2026-04-04,regression,29.02,36.26,1,3,48,88,1
2026-04-04,reg_demand,32.42,36.46,1,0,48,88,1
2026-04-05,naive,67.7,78.33,0,0,48,1,1
2026-04-05,mean_7,68.46,75.7,3,0,48,7,1
2026-04-05,mean_90,77.34,87.65,0,0,48,90,1
2026-04-05,weekday,70.29,76.76,3,0,48,7,1
2026-04-05,regression,50.35,56.48,2,0,48,88,1
2026-04-05,reg_demand,40.33,47.11,4,1,48,88,1
2026-04-06,naive,62.52,73.4,2,1,48,1,1
2026-04-06,mean_7,35.27,42.45,4,4,48,7,1
2026-04-06,mean_90,42.52,57.54,0,0,48,90,1
2026-04-06,weekday,31.91,48.17,4,2,48,7,1
2026-04-06,regression,30.98,47.87,4,1,48,88,1
2026-04-06,reg_demand,36.49,48.05,3,3,48,88,1
2026-04-07,naive,33.73,43.44,1,3,48,1,1
2026-04-07,mean_7,33.89,48.84,1,1,48,7,1
2026-04-07,mean_90,42.45,62.97,0,0,48,90,1
2026-04-07,weekday,36.79,53.31,1,2,48,7,1
2026-04-07,regression,30.2,40.51,1,1,48,88,1
2026-04-07,reg_demand,29.26,40.21,1,2,48,88,1
2026-04-08,naive,52.44,69.39,2,1,48,1,1
2026-04-08,mean_7,35.81,40.62,2,1,48,7,1
2026-04-08,mean_90,16.99,21.21,0,0,48,90,1
2026-04-08,weekday,23.44,28.11,3,1,48,7,1
2026-04-08,regression,15.86,17.81,2,2,48,88,1
2026-04-08,reg_demand,16.86,18.78,2,1,48,88,1
2026-04-09,naive,14.11,16.44,1,0,48,1,1
2026-04-09,mean_7,31.34,42.99,0,1,48,7,1
2026-04-09,mean_90,13.12,15.45,0,2,48,90,1
2026-04-09,weekday,20.2,27.24,0,1,48,7,1
2026-04-09,regression,15.33,19.05,3,0,48,88,1
2026-04-09,reg_demand,18.15,23.51,1,2,48,88,1
2026-04-10,naive,21.08,27.68,1,3,48,1,1
2026-04-10,mean_7,34.63,40.28,0,1,48,7,1
2026-04-10,mean_90,19.8,24.36,3,2,48,90,1
2026-04-10,weekday,29.44,34.01,0,0,48,7,1
2026-04-10,regression,15.52,19.31,2,2,48,89,1
2026-04-10,reg_demand,13.0,16.62,1,3,48,89,1
2026-04-11,naive,80.64,85.3,0,1,48,1,1
2026-04-11,mean_7,67.86,71.22,1,3,48,7,1
2026-04-11,mean_90,84.63,85.2,0,0,48,90,1
2026-04-11,weekday,66.96,68.47,1,2,48,7,1
2026-04-11,regression,54.87,57.42,0,3,48,89,1
2026-04-11,reg_demand,46.77,48.98,1,3,48,89,1
2026-04-12,naive,53.09,62.06,0,3,48,1,1
2026-04-12,mean_7,31.14,33.57,0,4,48,7,1
2026-04-12,mean_90,44.0,47.07,0,0,48,90,1
2026-04-12,weekday,27.35,31.1,0,4,48,7,1
2026-04-12,regression,23.51,26.14,0,4,48,89,1
2026-04-12,reg_demand,18.08,21.83,0,4,48,89,1
2026-04-13,naive,65.23,76.85,0,0,48,1,1
2026-04-13,mean_7,48.43,53.16,2,0,48,7,1
2026-04-13,mean_90,29.94,36.6,0,0,48,90,1
2026-04-13,weekday,34.42,37.41,2,3,48,7,1
2026-04-13,regression,15.05,20.64,3,2,48,89,1
2026-04-13,reg_demand,16.8,21.79,2,2,48,89,1
2026-04-14,naive,17.3,21.41,1,2,48,1,1
2026-04-14,mean_7,25.82,29.34,4,0,48,7,1
2026-04-14,mean_90,14.66,19.17,0,0,48,90,1
2026-04-14,weekday,15.46,18.85,3,2,48,7,1
2026-04-14,regression,11.73,13.65,1,3,48,89,1
2026-04-14,reg_demand,9.52,11.23,1,3,48,89,1
2026-04-15,naive,17.82,22.01,0,2,48,1,1
2026-04-15,mean_7,12.78,15.43,0,0,48,7,1
2026-04-15,mean_90,13.52,17.37,0,0,48,90,1
2026-04-15,weekday,14.88,17.31,0,2,48,7,1
2026-04-15,regression,22.57,25.37,0,1,48,89,1
2026-04-15,reg_demand,25.59,28.13,0,1,48,89,1
2026-04-16,naive,13.46,18.95,0,2,48,1,1
2026-04-16,mean_7,16.75,19.87,0,3,48,7,1
2026-04-16,mean_90,12.13,13.6,0,1,48,90,1
2026-04-16,weekday,10.82,12.57,1,1,48,7,1
2026-04-16,regression,19.47,23.34,0,2,48,89,1
2026-04-16,reg_demand,23.64,28.46,0,2,48,89,1
2026-04-17,naive,16.65,25.57,0,2,48,1,1
2026-04-17,mean_7,18.7,22.33,1,3,48,7,1
2026-04-17,mean_90,21.29,26.23,1,0,48,90,1
2026-04-17,weekday,23.89,31.32,1,0,48,7,1
2026-04-17,regression,17.0,19.54,0,2,48,89,1
2026-04-17,reg_demand,16.97,18.82,2,3,48,89,1
2026-04-18,naive,12.6,15.87,1,3,48,1,1
2026-04-18,mean_7,12.3,15.24,1,3,48,7,1
2026-04-18,mean_90,18.09,22.21,0,1,48,90,1
2026-04-18,weekday,22.14,25.79,0,4,48,7,1
2026-04-18,regression,17.21,22.24,0,3,48,89,1
2026-04-18,reg_demand,13.66,17.23,0,4,48,89,1
2026-04-19,naive,16.46,18.98,3,3,48,1,1
2026-04-19,mean_7,11.54,14.25,1,2,48,7,1
2026-04-19,mean_90,14.92,16.67,0,1,48,90,1
2026-04-19,weekday,44.27,47.21,0,3,48,7,1
2026-04-19,regression,15.64,20.51,0,1,48,89,1
2026-04-19,reg_demand,12.11,14.5,0,3,48,89,1
2026-04-20,naive,13.33,17.91,0,0,48,1,1
2026-04-20,mean_7,9.76,11.84,0,1,48,7,1
2026-04-20,mean_90,10.34,11.93,1,0,48,90,1
2026-04-20,weekday,5.3,6.77,0,3,48,7,1
2026-04-20,regression,19.09,21.52,0,2,48,89,1
2026-04-20,reg_demand,15.6,17.18,0,3,48,89,1
2026-04-21,naive,15.03,25.28,0,1,48,1,1
2026-04-21,mean_7,15.17,22.33,0,1,48,7,1
2026-04-21,mean_90,19.07,24.35,1,1,48,90,1
2026-04-21,weekday,12.98,20.73,0,1,48,7,1
2026-04-21,regression,11.85,13.66,4,2,48,89,1
2026-04-21,reg_demand,11.4,14.39,4,2,48,89,1
2026-04-22,naive,30.4,42.63,2,1,48,1,1
2026-04-22,mean_7,30.18,43.83,2,4,48,7,1
2026-04-22,mean_90,35.31,51.83,2,1,48,90,1
2026-04-22,weekday,36.71,49.69,2,0,48,7,1
2026-04-22,regression,29.22,39.32,2,1,48,89,1
2026-04-22,reg_demand,28.21,39.45,2,1,48,89,1
2026-04-23,naive,45.94,62.44,1,3,48,1,1
2026-04-23,mean_7,22.68,27.42,2,3,48,7,1
2026-04-23,mean_90,18.8,21.16,2,0,48,90,1
2026-04-23,weekday,20.02,24.53,2,2,48,7,1
2026-04-23,regression,17.85,23.66,1,2,48,89,1
2026-04-23,reg_demand,15.05,21.29,1,2,48,89,1
2026-04-24,naive,7.7,9.5,0,3,48,1,1
2026-04-24,mean_7,18.71,24.38,0,4,48,7,1
2026-04-24,mean_90,16.89,18.21,0,1,48,90,1
2026-04-24,weekday,17.78,23.49,0,3,48,7,1
2026-04-24,regression,20.99,25.26,0,2,48,89,1
2026-04-24,reg_demand,17.64,22.05,0,2,48,89,1
2026-04-25,naive,8.08,10.05,2,3,48,1,1
2026-04-25,mean_7,15.23,19.84,1,3,48,7,1
2026-04-25,mean_90,16.05,18.73,2,1,48,90,1
2026-04-25,weekday,49.36,51.54,2,3,48,7,1
2026-04-25,regression,49.91,68.35,0,1,48,89,1
2026-04-25,reg_demand,32.25,44.39,0,0,48,89,1
2026-04-26,naive,7.59,9.85,1,2,48,1,1
2026-04-26,mean_7,10.49,13.1,1,2,48,7,1
2026-04-26,mean_90,11.49,13.31,1,3,48,90,1
2026-04-26,weekday,38.62,40.91,1,1,48,7,1
2026-04-26,regression,25.49,35.31,0,1,48,89,1
2026-04-26,reg_demand,12.72,16.77,0,1,48,89,1
2026-04-27,naive,9.46,11.45,1,4,48,1,1
2026-04-27,mean_7,7.79,9.9,2,2,48,7,1
2026-04-27,mean_90,10.59,13.18,2,3,48,90,1
2026-04-27,weekday,9.99,12.56,2,2,48,7,1
2026-04-27,regression,19.71,21.47,2,1,48,89,1
2026-04-27,reg_demand,18.86,22.38,2,0,48,89,1
2026-04-28,naive,19.38,22.48,0,0,48,1,1
2026-04-28,mean_7,18.77,22.12,0,0,48,7,1
2026-04-28,mean_90,12.49,16.83,0,0,48,90,1
2026-04-28,weekday,20.08,25.44,0,0,48,7,1
2026-04-28,regression,27.86,36.04,0,0,48,89,1
2026-04-28,reg_demand,16.73,19.43,0,0,48,89,1
2026-04-29,naive,29.91,39.24,0,0,48,1,1
2026-04-29,mean_7,18.37,23.32,2,2,48,7,1
2026-04-29,mean_90,21.54,25.37,2,2,48,90,1
2026-04-29,weekday,16.12,20.69,1,2,48,7,1
2026-04-29,regression,52.19,54.95,2,2,48,89,1
2026-04-29,reg_demand,36.93,43.75,2,2,48,89,1
2026-04-30,naive,30.8,37.14,3,2,48,1,1
2026-04-30,mean_7,43.12,57.13,2,4,48,7,1
2026-04-30,mean_90,37.06,50.89,2,2,48,90,1
2026-04-30,weekday,35.86,47.0,1,4,48,7,1
2026-04-30,regression,32.39,40.78,1,3,48,89,1
2026-04-30,reg_demand,25.73,31.69,2,4,48,89,1
2026-05-01,naive,51.63,67.72,0,4,48,1,1
2026-05-01,mean_7,21.69,24.23,0,3,48,7,1
2026-05-01,mean_90,20.83,24.74,0,2,48,90,1
2026-05-01,weekday,24.75,29.79,0,4,48,7,1
2026-05-01,regression,11.63,14.23,1,2,48,89,1
2026-05-01,reg_demand,18.62,21.33,0,3,48,89,1
2026-05-02,naive,19.34,22.06,0,3,48,1,1
2026-05-02,mean_7,11.26,14.17,2,3,48,7,1
2026-05-02,mean_90,15.86,19.98,2,3,48,90,1
2026-05-02,weekday,35.94,37.75,2,2,48,7,1
2026-05-02,regression,16.73,20.88,2,2,48,89,1
2026-05-02,reg_demand,8.73,10.71,2,4,48,89,1
2026-05-03,naive,15.28,20.3,0,1,48,1,1
2026-05-03,mean_7,16.76,20.89,0,0,48,7,1
2026-05-03,mean_90,18.99,21.1,0,2,48,90,1
2026-05-03,weekday,29.59,32.84,0,0,48,7,1
2026-05-03,regression,6.95,8.0,0,2,48,89,1
2026-05-03,reg_demand,12.2,15.15,0,0,48,89,1
2026-05-04,naive,12.15,14.31,0,2,48,1,1
2026-05-04,mean_7,16.45,19.94,0,2,48,7,1
2026-05-04,mean_90,21.21,23.36,0,2,48,90,1
2026-05-04,weekday,16.52,19.44,0,2,48,7,1
2026-05-04,regression,14.4,15.96,0,2,48,89,1
2026-05-05,naive,8.55,10.79,0,2,48,1,1
2026-05-05,mean_7,20.05,21.61,3,3,48,7,1
2026-05-05,mean_90,26.67,27.15,2,3,48,90,1
2026-05-05,weekday,20.85,22.31,3,3,48,7,1
2026-05-06,naive,10.66,12.97,2,2,48,1,1
2026-05-06,mean_7,10.73,12.11,3,3,48,7,1
2026-05-06,mean_90,18.37,20.36,4,2,48,90,1
2026-05-06,weekday,11.95,13.39,3,3,48,7,1
2026-05-06,regression,6.83,8.04,3,1,46,88,1
2026-05-06,reg_demand,5.61,6.35,3,1,46,88,1
2026-05-07,naive,15.78,18.7,0,2,48,1,1
2026-05-07,mean_7,20.53,22.42,1,3,48,7,1
2026-05-07,mean_90,32.29,33.99,0,3,48,90,1
2026-05-07,weekday,24.3,26.17,1,3,48,7,1
2026-05-07,regression,17.33,22.19,0,2,48,88,1
2026-05-07,reg_demand,19.26,23.49,0,1,48,88,1
2026-05-08,naive,15.43,20.08,2,0,48,1,1
2026-05-08,mean_7,12.27,15.19,2,0,48,7,1
2026-05-08,mean_90,23.22,26.9,1,0,48,90,1
2026-05-08,weekday,16.72,18.86,2,0,48,7,1
2026-05-08,regression,11.64,14.26,0,0,48,88,1
2026-05-08,reg_demand,10.7,14.28,1,0,48,88,1
2026-05-09,naive,21.53,28.54,0,0,48,1,1
2026-05-09,mean_7,17.75,26.03,0,0,48,7,1
2026-05-09,mean_90,16.93,22.82,0,0,48,90,1
2026-05-09,weekday,14.28,20.15,1,2,48,7,1
2026-05-09,regression,22.43,30.03,0,0,48,88,1
2026-05-09,reg_demand,12.07,19.5,0,1,48,88,1
2026-05-10,naive,25.62,31.7,2,3,48,1,1
2026-05-10,mean_7,39.34,48.17,0,1,48,7,1
2026-05-10,mean_90,31.11,37.49,1,0,48,90,1
2026-05-10,weekday,27.85,37.07,0,2,48,7,1
2026-05-10,regression,31.74,41.45,1,1,48,88,1
2026-05-10,reg_demand,21.24,25.57,1,2,48,88,1
2026-05-11,naive,38.78,54.07,0,0,48,1,1
2026-05-11,mean_7,18.46,21.8,0,0,48,7,1
2026-05-11,mean_90,17.39,22.38,0,0,48,90,1
2026-05-11,weekday,16.24,20.53,0,0,48,7,1
2026-05-11,regression,14.74,19.55,0,0,48,88,1
2026-05-11,reg_demand,18.59,24.26,0,0,48,88,1
2026-05-12,naive,19.38,25.35,0,0,48,1,1
2026-05-12,mean_7,10.73,13.09,1,2,48,7,1
2026-05-12,mean_90,16.12,21.08,1,0,48,90,1
2026-05-12,weekday,15.37,17.92,1,2,48,7,1
2026-05-12,regression,15.13,20.08,1,2,48,88,1
2026-05-12,reg_demand,19.84,23.99,1,2,48,88,1
2026-05-13,naive,23.78,26.79,1,2,48,1,1
2026-05-13,mean_7,20.93,23.75,1,3,48,7,1
2026-05-13,mean_90,32.85,33.49,3,2,48,90,1
2026-05-13,weekday,12.49,14.35,2,4,48,7,1
2026-05-13,regression,28.3,29.31,2,3,48,88,1
2026-05-13,reg_demand,32.24,33.67,1,3,48,88,1
2026-05-14,naive,20.55,23.76,1,3,48,1,1
2026-05-14,mean_7,11.53,14.33,1,3,48,7,1
2026-05-14,mean_90,14.89,16.86,2,1,48,90,1
2026-05-14,weekday,12.04,14.98,0,3,48,7,1
2026-05-14,regression,12.35,15.01,2,2,48,88,1
2026-05-14,reg_demand,14.22,17.2,2,2,48,88,1
2026-05-15,naive,11.96,15.46,0,3,48,1,1
2026-05-15,mean_7,13.2,15.84,1,3,48,7,1
2026-05-15,mean_90,22.99,24.77,1,0,48,90,1
2026-05-15,weekday,7.86,8.86,1,2,48,7,1
2026-05-15,regression,24.47,27.59,2,2,48,88,1
2026-05-15,reg_demand,25.89,29.74,2,2,48,88,1
2026-05-16,naive,8.56,10.59,0,0,48,1,1
2026-05-16,mean_7,14.39,18.12,0,0,48,7,1
2026-05-16,mean_90,20.27,24.01,0,2,48,90,1
2026-05-16,weekday,17.03,22.2,0,0,48,7,1
2026-05-16,regression,10.11,12.41,0,2,48,88,1
2026-05-16,reg_demand,12.17,14.64,0,0,48,88,1
2026-05-17,naive,18.64,21.96,0,0,48,1,1
2026-05-17,mean_7,14.93,16.51,1,2,48,7,1
2026-05-17,mean_90,17.03,20.49,2,2,48,90,1
2026-05-17,weekday,15.66,17.72,1,3,48,7,1
2026-05-17,regression,14.79,18.27,2,3,48,88,1
2026-05-17,reg_demand,16.24,20.12,1,3,48,88,1
2026-05-18,naive,24.57,28.8,4,0,48,1,1
2026-05-18,mean_7,14.08,16.66,2,0,48,7,1
2026-05-18,mean_90,28.42,31.1,2,0,48,90,1
2026-05-18,weekday,12.1,14.22,1,0,48,7,1
2026-05-18,regression,5.51,7.36,2,2,48,88,1
2026-05-18,reg_demand,6.37,8.63,1,2,48,88,1
2026-05-19,naive,23.07,28.04,0,0,48,1,1
2026-05-19,mean_7,12.95,16.51,1,2,48,7,1
2026-05-19,mean_90,11.74,13.82,1,0,48,90,1
2026-05-19,weekday,13.83,18.19,1,3,48,7,1
2026-05-19,regression,26.6,30.76,1,2,48,88,1
2026-05-19,reg_demand,32.75,36.93,1,2,48,88,1
2026-05-20,naive,17.13,20.42,1,2,48,1,1
2026-05-20,mean_7,7.96,9.66,0,1,48,7,1
2026-05-20,mean_90,22.39,25.86,0,1,48,90,1
2026-05-20,weekday,8.38,10.54,0,1,48,7,1
2026-05-20,regression,31.8,36.15,0,1,48,88,1
2026-05-20,reg_demand,36.63,42.56,0,1,48,88,1
2026-05-21,naive,16.32,20.4,0,1,48,1,1
2026-05-21,mean_7,11.15,14.53,2,3,48,7,1
2026-05-21,mean_90,16.89,20.96,3,0,48,90,1
2026-05-21,weekday,10.78,12.97,3,3,48,7,1
2026-05-21,regression,13.91,16.84,3,2,48,88,1
2026-05-21,reg_demand,17.82,20.65,2,2,48,88,1
2026-05-22,naive,11.37,13.43,1,4,48,1,1
2026-05-22,mean_7,11.98,13.79,1,3,48,7,1
2026-05-22,mean_90,19.35,22.87,2,1,48,90,1
2026-05-22,weekday,11.32,12.77,1,3,48,7,1
2026-05-22,regression,16.66,18.51,2,3,48,88,1
2026-05-22,reg_demand,21.28,24.0,2,3,48,88,1
2026-05-23,naive,8.35,9.98,3,3,48,1,1
2026-05-23,mean_7,8.43,9.54,1,3,48,7,1
2026-05-23,mean_90,19.9,22.2,3,2,48,90,1
2026-05-23,weekday,14.42,16.66,0,3,48,7,1
2026-05-23,regression,16.69,18.52,3,4,48,88,1
2026-05-23,reg_demand,26.56,31.56,3,4,48,88,1
2026-05-24,naive,15.06,18.72,1,3,48,1,1
2026-05-24,mean_7,15.8,18.3,0,4,48,7,1
2026-05-24,mean_90,11.54,14.53,0,2,48,90,1
2026-05-24,weekday,8.73,10.55,2,3,48,7,1
2026-05-24,regression,15.8,20.25,0,3,48,88,1
2026-05-24,reg_demand,14.25,18.8,1,3,48,88,1
2026-05-25,naive,15.91,19.97,2,4,48,1,1
2026-05-25,mean_7,10.63,12.95,1,4,48,7,1
2026-05-25,mean_90,16.59,20.31,1,2,48,90,1
2026-05-25,weekday,11.76,14.39,1,3,48,7,1
2026-05-25,regression,13.31,16.15,1,3,48,88,1
2026-05-25,reg_demand,13.42,17.42,1,3,48,88,1
2026-05-26,naive,16.71,20.29,0,3,48,1,1
2026-05-26,mean_7,16.58,18.76,0,3,48,7,1
2026-05-26,mean_90,29.16,30.44,0,3,48,90,1
2026-05-26,weekday,13.31,15.65,0,2,48,7,1
2026-05-26,regression,13.09,15.92,0,3,48,88,1
2026-05-26,reg_demand,12.36,14.19,0,3,48,88,1
2026-05-27,naive,21.13,26.72,0,1,48,1,1
2026-05-27,mean_7,11.5,14.83,0,1,48,7,1
2026-05-27,mean_90,15.53,17.32,0,1,48,90,1
2026-05-27,weekday,12.52,15.41,0,1,48,7,1
2026-05-27,regression,8.96,10.45,0,1,48,88,1
2026-05-27,reg_demand,10.19,12.24,0,1,48,88,1
2026-05-28,naive,24.41,34.02,0,0,48,1,1
2026-05-28,mean_7,27.84,36.65,3,3,48,7,1
2026-05-28,mean_90,19.67,28.43,4,1,48,90,1
2026-05-28,weekday,27.97,38.54,4,3,48,7,1
2026-05-28,regression,15.91,20.92,4,2,48,88,1
2026-05-28,reg_demand,17.48,22.11,3,2,48,88,1
2026-05-29,naive,23.21,31.29,3,3,48,1,1
2026-05-29,mean_7,5.51,6.51,3,3,48,7,1
2026-05-29,mean_90,11.98,14.65,3,1,48,90,1
2026-05-29,weekday,7.19,8.68,3,3,48,7,1
2026-05-29,regression,13.54,16.62,3,3,48,88,1
2026-05-29,reg_demand,16.6,20.0,3,3,48,88,1
2026-05-30,naive,8.83,11.83,1,1,48,1,1
2026-05-30,mean_7,8.42,10.45,2,2,48,7,1
2026-05-30,mean_90,13.57,15.91,2,2,48,90,1
2026-05-30,weekday,10.65,13.13,1,2,48,7,1
2026-05-30,regression,9.11,11.71,2,1,48,88,1
2026-05-30,reg_demand,12.51,15.03,2,1,48,88,1
2026-05-31,naive,8.36,9.35,2,2,48,1,1
2026-05-31,mean_7,6.24,7.66,2,3,48,7,1
2026-05-31,mean_90,10.9,12.76,3,1,48,90,1
2026-05-31,weekday,7.27,8.54,2,3,48,7,1
2026-05-31,regression,7.96,9.91,4,3,48,88,1
2026-05-31,reg_demand,9.78,13.06,3,3,48,88,1
2026-06-01,naive,6.27,7.89,3,2,48,1,1
2026-06-01,mean_7,6.11,7.62,3,3,48,7,1
2026-06-01,mean_90,13.7,15.04,3,3,48,90,1
2026-06-01,weekday,6.66,8.39,3,3,48,7,1
2026-06-01,regression,8.91,10.47,3,4,48,88,1
2026-06-01,reg_demand,9.36,11.43,3,1,48,88,1
2026-06-02,naive,14.09,18.01,2,0,48,1,1
2026-06-02,mean_7,15.51,18.59,2,0,48,7,1
2026-06-02,mean_90,19.8,23.21,2,0,48,90,1
2026-06-02,weekday,16.73,19.62,2,0,48,7,1
2026-06-02,regression,12.37,14.9,2,0,48,88,1
2026-06-02,reg_demand,10.78,12.94,2,0,48,88,1
2026-06-03,naive,17.38,26.95,2,1,48,1,1
2026-06-03,mean_7,16.76,21.95,4,0,48,7,1
2026-06-03,mean_90,19.37,22.32,4,0,48,90,1
2026-06-03,weekday,17.9,23.45,4,0,48,7,1
2026-06-03,regression,13.17,15.42,3,1,48,88,1
2026-06-03,reg_demand,12.82,15.12,4,1,48,88,1
2026-06-04,naive,57.26,64.83,1,0,48,1,1
2026-06-04,mean_7,59.8,66.46,1,0,48,7,1
2026-06-04,mean_90,52.86,59.76,1,0,48,90,1
2026-06-04,weekday,61.81,67.95,1,0,48,7,1
2026-06-04,regression,39.01,45.97,1,0,48,89,1
2026-06-04,reg_demand,34.31,40.83,2,0,48,89,1
2026-06-05,naive,56.7,65.61,0,0,48,1,1
2026-06-05,mean_7,16.1,19.84,0,3,48,7,1
2026-06-05,mean_90,14.26,17.89,0,3,48,90,1
2026-06-05,weekday,19.33,24.13,0,3,48,7,1
2026-06-05,regression,11.08,13.66,2,2,48,89,1
2026-06-05,reg_demand,11.71,15.05,1,2,48,89,1
2026-06-06,naive,32.76,43.01,0,3,48,1,1
2026-06-06,mean_7,21.42,30.03,0,3,48,7,1
2026-06-06,mean_90,20.22,27.29,0,3,48,90,1
2026-06-06,weekday,18.96,27.65,0,3,48,7,1
2026-06-06,regression,16.09,20.6,2,3,48,89,1
2026-06-06,reg_demand,14.32,16.19,2,3,48,89,1
2026-06-07,naive,43.83,54.08,0,2,48,1,1
2026-06-07,mean_7,54.04,66.75,4,2,48,7,1
2026-06-07,mean_90,55.89,68.42,4,2,48,90,1
2026-06-07,weekday,61.03,73.23,3,3,48,7,1
2026-06-07,regression,47.16,57.68,4,3,48,89,1
2026-06-07,reg_demand,32.43,38.19,3,3,48,89,1
2026-06-08,naive,66.98,80.63,2,3,48,1,1
2026-06-08,mean_7,23.54,27.57,2,4,48,7,1
2026-06-08,mean_90,15.51,17.58,2,4,48,90,1
2026-06-08,weekday,16.37,20.18,2,4,48,7,1
2026-06-08,regression,8.5,10.33,2,3,48,89,1
2026-06-08,reg_demand,8.77,11.36,0,3,48,89,1
2026-06-09,naive,13.15,17.78,2,2,48,1,1
2026-06-09,mean_7,16.0,17.51,4,2,48,7,1
2026-06-09,mean_90,10.34,11.87,4,2,48,90,1
2026-06-09,weekday,9.69,11.0,4,2,48,7,1
2026-06-09,regression,6.84,8.6,4,3,48,89,1
2026-06-09,reg_demand,8.17,10.02,2,3,48,89,1
2026-06-10,naive,14.68,18.53,3,2,48,1,1
2026-06-10,mean_7,27.43,29.54,3,4,48,7,1
2026-06-10,mean_90,15.4,17.44,3,4,48,90,1
2026-06-10,weekday,13.42,16.02,3,4,48,7,1
2026-06-10,regression,5.59,7.75,4,3,48,89,1
2026-06-10,reg_demand,8.25,9.96,0,2,48,89,1
2026-06-11,naive,11.41,12.89,0,4,48,1,1
2026-06-11,mean_7,30.48,34.82,0,4,48,7,1
2026-06-11,mean_90,19.62,21.92,0,4,48,90,1
2026-06-11,weekday,17.68,20.77,0,4,48,7,1
2026-06-11,regression,17.97,22.64,0,1,48,89,1
2026-06-11,reg_demand,15.44,18.85,1,2,48,89,1
2026-06-12,naive,37.49,52.54,0,0,48,1,1
2026-06-12,mean_7,34.18,43.03,0,0,48,7,1
2026-06-12,mean_90,29.41,39.9,0,0,48,90,1
2026-06-12,weekday,29.37,38.59,1,0,48,7,1
2026-06-12,regression,30.19,33.92,0,0,48,89,1
2026-06-12,reg_demand,30.89,34.58,1,0,48,89,1
2026-06-13,naive,49.79,63.41,0,0,48,1,1
2026-06-13,mean_7,60.2,65.19,2,2,48,7,1
2026-06-13,mean_90,63.94,71.21,2,1,48,90,1
2026-06-13,weekday,61.88,67.02,2,2,48,7,1
2026-06-13,regression,42.19,48.99,3,3,48,89,1
2026-06-13,reg_demand,27.22,34.5,3,3,48,89,1
2026-06-14,naive,52.11,59.51,0,2,48,1,1
2026-06-14,mean_7,42.96,54.89,0,3,48,7,1
2026-06-14,mean_90,44.73,61.27,0,3,48,90,1
2026-06-14,weekday,39.06,52.21,0,4,48,7,1
2026-06-14,regression,52.16,63.31,0,3,48,89,1
2026-06-14,reg_demand,39.42,50.1,0,3,48,89,1
2026-06-15,naive,53.55,65.14,1,3,48,1,1
2026-06-15,mean_7,18.82,23.83,0,3,48,7,1
2026-06-15,mean_90,13.4,17.21,0,3,48,90,1
2026-06-15,weekday,11.41,16.51,0,3,48,7,1
2026-06-15,regression,10.84,14.01,0,3,48,89,1
2026-06-15,reg_demand,12.84,16.7,0,2,48,89,1
2026-06-16,naive,15.22,17.73,0,3,48,1,1
2026-06-16,mean_7,26.07,28.04,2,2,48,7,1
2026-06-16,mean_90,16.16,17.56,1,4,48,90,1
2026-06-16,weekday,9.52,11.73,2,4,48,7,1
2026-06-16,regression,7.08,8.73,2,4,48,89,1
2026-06-16,reg_demand,10.36,13.13,1,0,48,89,1
2026-06-17,naive,9.83,11.81,1,3,48,1,1
2026-06-17,mean_7,25.97,27.58,2,4,48,7,1
2026-06-17,mean_90,18.65,20.36,3,3,48,90,1
2026-06-17,weekday,11.64,13.06,3,3,48,7,1
2026-06-17,regression,15.11,16.69,3,3,48,89,1
2026-06-17,reg_demand,11.59,13.67,3,3,48,89,1
2026-06-18,naive,10.35,12.73,1,2,48,1,1
2026-06-18,mean_7,23.4,25.66,0,2,48,7,1
2026-06-18,mean_90,15.37,17.54,1,3,48,90,1
2026-06-18,weekday,8.35,10.68,0,2,48,7,1
2026-06-18,regression,11.48,14.74,1,2,48,89,1
2026-06-18,reg_demand,10.87,14.19,1,2,48,89,1
2026-06-19,naive,20.01,23.24,1,1,48,1,1
2026-06-19,mean_7,9.85,12.81,0,3,48,7,1
2026-06-19,mean_90,9.36,12.48,0,2,48,90,1
2026-06-19,weekday,17.13,21.22,0,2,48,7,1
2026-06-19,regression,8.56,11.07,1,2,48,89,1
2026-06-19,reg_demand,9.26,12.61,0,2,48,89,1
2026-06-20,naive,21.4,26.56,0,3,48,1,1
2026-06-20,mean_7,24.96,27.31,0,2,48,7,1
2026-06-20,mean_90,18.76,22.31,0,2,48,90,1
2026-06-20,weekday,37.61,42.64,0,3,48,7,1
2026-06-20,regression,10.88,13.79,0,3,48,89,1
2026-06-20,reg_demand,17.32,21.65,0,3,48,89,1
2026-06-21,naive,12.64,14.42,0,4,48,1,1
2026-06-21,mean_7,11.28,15.52,0,2,48,7,1
2026-06-21,mean_90,15.85,18.47,0,2,48,90,1
2026-06-21,weekday,31.77,34.84,0,3,48,7,1
2026-06-21,regression,8.62,10.74,0,3,48,89,1
2026-06-21,reg_demand,7.52,8.99,0,3,48,89,1
2026-06-22,naive,16.78,20.98,0,1,48,1,1
2026-06-22,mean_7,14.23,18.56,1,2,48,7,1
2026-06-22,mean_90,17.75,22.59,4,2,48,90,1
2026-06-22,weekday,16.53,21.71,2,2,48,7,1
2026-06-22,regression,13.11,18.19,4,2,48,89,1
2026-06-22,reg_demand,12.31,15.71,1,2,48,89,1
2026-06-23,naive,70.75,131.44,0,2,48,1,1
2026-06-23,mean_7,73.06,142.01,2,4,48,7,1
2026-06-23,mean_90,84.81,149.53,0,4,48,90,1
2026-06-23,weekday,77.59,145.73,0,3,48,7,1
2026-06-23,regression,75.78,143.98,0,3,48,89,1
2026-06-23,reg_demand,69.4,137.91,2,3,48,89,1
2026-06-24,naive,63.77,112.98,2,3,48,1,1
2026-06-24,mean_7,16.97,22.84,1,2,48,7,1
2026-06-24,mean_90,33.13,43.72,1,3,48,90,1
2026-06-24,weekday,17.38,23.11,1,3,48,7,1
2026-06-24,regression,22.03,30.27,1,1,48,89,1
2026-06-24,reg_demand,21.19,25.33,2,2,48,89,1
2026-06-25,naive,25.46,41.64,1,0,48,1,1
2026-06-25,mean_7,21.24,33.66,1,0,48,7,1
2026-06-25,mean_90,15.45,18.51,2,0,48,90,1
2026-06-25,weekday,21.59,34.26,2,0,48,7,1
2026-06-25,regression,13.69,16.94,2,0,48,89,1
2026-06-25,reg_demand,16.92,26.34,2,0,48,89,1
2026-06-26,naive,13.59,19.24,1,0,48,1,1
2026-06-26,mean_7,12.5,17.94,2,4,48,7,1
2026-06-26,mean_90,16.61,20.07,0,4,48,90,1
2026-06-26,weekday,12.37,17.58,1,4,48,7,1
2026-06-26,regression,14.06,16.36,0,3,48,89,1
2026-06-26,reg_demand,19.66,23.44,0,3,48,89,1
2026-06-27,naive,25.57,31.89,0,0,48,1,1
2026-06-27,mean_7,35.81,45.68,2,0,48,7,1
2026-06-27,mean_90,16.99,21.75,2,0,48,90,1
2026-06-27,weekday,20.02,22.73,1,2,48,7,1
2026-06-27,regression,15.46,18.61,2,1,48,89,1
2026-06-27,reg_demand,14.06,17.52,1,2,48,89,1
2026-06-28,naive,33.98,43.18,1,2,48,1,1
2026-06-28,mean_7,53.27,66.27,1,1,48,7,1
2026-06-28,mean_90,40.91,56.8,3,1,48,90,1
2026-06-28,weekday,35.23,42.0,1,3,48,7,1
2026-06-28,regression,34.45,45.31,3,3,48,89,1
2026-06-28,reg_demand,30.78,37.04,4,3,48,89,1
2026-06-29,naive,49.6,67.42,2,3,48,1,1
2026-06-29,mean_7,19.34,24.6,2,1,48,7,1
2026-06-29,mean_90,16.49,18.96,2,1,48,90,1
2026-06-29,weekday,13.67,19.52,0,1,48,7,1
2026-06-29,regression,12.95,14.94,2,2,48,89,1
2026-06-29,reg_demand,13.08,14.81,0,2,48,89,1
2026-06-30,naive,8.09,10.39,1,1,48,1,1
2026-06-30,mean_7,18.55,24.08,2,4,48,7,1
2026-06-30,mean_90,15.36,16.94,1,4,48,90,1
2026-06-30,weekday,13.67,22.34,2,4,48,7,1
2026-06-30,regression,6.12,7.56,2,2,48,89,1
2026-06-30,reg_demand,13.28,15.56,1,3,48,89,1
2026-07-01,naive,13.88,17.81,0,0,48,1,1
2026-07-01,mean_7,20.94,25.7,0,0,48,7,1
2026-07-01,mean_90,18.1,20.27,0,0,48,90,1
2026-07-01,weekday,25.21,38.91,0,0,48,7,1
2026-07-01,regression,8.53,11.78,1,0,48,89,1
2026-07-01,reg_demand,11.08,14.94,1,0,48,89,1
2026-07-02,naive,62.93,73.75,2,0,48,1,1
2026-07-02,mean_7,52.65,58.46,0,1,48,7,1
2026-07-02,mean_90,48.98,57.3,0,1,48,90,1
2026-07-02,weekday,74.64,80.54,1,1,48,7,1
2026-07-02,regression,29.5,35.18,0,3,48,89,1
2026-07-02,reg_demand,26.26,31.96,0,3,48,89,1
2026-07-03,naive,62.39,71.75,2,1,48,1,1
2026-07-03,mean_7,22.96,27.12,1,0,48,7,1
2026-07-03,mean_90,17.38,19.12,2,0,48,90,1
2026-07-03,weekday,15.37,18.47,1,0,48,7,1
2026-07-03,regression,20.66,22.62,2,0,48,89,1
2026-07-03,reg_demand,23.27,25.0,2,0,48,89,1
2026-07-04,naive,58.06,72.66,2,1,48,1,1
2026-07-04,mean_7,41.86,50.01,3,1,48,7,1
2026-07-04,mean_90,48.8,58.48,3,0,48,90,1
2026-07-04,weekday,28.02,32.02,1,0,48,7,1
2026-07-04,regression,35.36,41.84,3,0,48,89,1
2026-07-04,reg_demand,20.56,25.78,3,0,48,89,1
2026-07-05,naive,54.26,69.37,0,0,48,1,1
2026-07-05,mean_7,29.64,36.16,0,0,48,7,1
2026-07-05,mean_90,20.27,25.09,0,0,48,90,1
2026-07-05,weekday,29.13,42.09,0,0,48,7,1
2026-07-05,regression,19.69,23.93,0,0,48,89,1
2026-07-06,naive,45.26,60.49,0,0,48,1,1
2026-07-06,mean_7,26.57,36.23,2,2,48,7,1
2026-07-06,mean_90,30.46,40.62,4,0,48,90,1
2026-07-06,weekday,30.62,42.17,4,0,48,7,1
2026-07-06,regression,26.59,31.06,3,1,48,89,1
2026-07-06,reg_demand,27.94,31.99,3,0,48,89,1
2026-07-07,naive,36.58,46.6,3,1,48,1,1
2026-07-07,mean_7,17.87,23.71,2,3,48,7,1
2026-07-07,mean_90,8.94,12.3,3,2,48,90,1
2026-07-07,weekday,12.83,17.38,3,4,48,7,1
2026-07-07,regression,13.53,18.27,2,3,48,89,1
2026-07-07,reg_demand,15.07,20.81,1,2,48,89,1
2026-07-08,naive,18.53,21.16,1,3,48,1,1
2026-07-08,mean_7,34.53,38.29,0,2,48,7,1
2026-07-08,mean_90,22.07,23.6,0,2,48,90,1
2026-07-08,weekday,24.39,27.89,0,2,48,7,1
2026-07-08,regression,7.35,9.16,2,2,48,89,1
2026-07-09,naive,11.12,13.81,2,2,48,1,1
2026-07-09,mean_7,34.9,37.17,1,1,48,7,1
2026-07-09,mean_90,23.64,25.65,2,4,48,90,1
2026-07-09,weekday,25.22,28.19,2,2,48,7,1
2026-07-09,regression,8.49,10.52,2,4,48,89,1
2026-07-09,reg_demand,10.89,13.02,3,4,48,89,1
2026-07-10,naive,11.7,14.83,1,3,48,1,1
2026-07-10,mean_7,26.21,28.81,2,4,48,7,1
2026-07-10,mean_90,25.07,26.79,2,3,48,90,1
2026-07-10,weekday,25.64,28.66,2,3,48,7,1
2026-07-10,regression,8.9,10.17,2,3,48,89,1
2026-07-11,naive,8.87,12.45,0,1,48,1,1
2026-07-11,mean_7,22.24,26.46,0,1,48,7,1
2026-07-11,mean_90,20.17,24.29,0,2,48,90,1
2026-07-11,weekday,35.84,41.95,0,0,48,7,1
2026-07-11,regression,14.19,17.05,0,2,48,89,1
2026-07-11,reg_demand,18.67,23.7,0,2,48,89,1
2026-07-12,naive,47.34,67.56,0,0,48,1,1
2026-07-12,mean_7,39.74,54.42,1,2,48,7,1
2026-07-12,mean_90,35.85,47.92,0,2,48,90,1
2026-07-12,weekday,26.27,36.96,0,3,48,7,1
2026-07-12,regression,34.78,45.62,0,2,48,89,1
2026-07-12,reg_demand,23.92,29.69,3,2,48,89,1
2026-07-13,naive,42.74,55.78,2,2,48,1,1
2026-07-13,mean_7,9.71,13.3,2,4,48,7,1
2026-07-13,mean_90,12.69,15.07,2,4,48,90,1
2026-07-13,weekday,12.14,15.69,2,2,48,7,1
2026-07-13,regression,12.46,15.42,2,4,48,89,1
2026-07-13,reg_demand,14.4,17.4,2,4,48,89,1
2026-07-14,naive,11.94,14.94,3,4,48,1,1
2026-07-14,mean_7,13.24,17.47,2,4,48,7,1
2026-07-14,mean_90,19.85,23.73,3,4,48,90,1
2026-07-14,weekday,13.29,18.06,3,3,48,7,1
2026-07-14,regression,17.54,20.56,3,4,48,89,1
2026-07-14,reg_demand,14.75,17.07,2,4,48,89,1
2026-07-15,naive,11.52,14.4,3,2,48,1,1
2026-07-15,mean_7,11.68,15.54,3,2,48,7,1
2026-07-15,mean_90,22.1,24.43,4,2,48,90,1
2026-07-15,weekday,12.43,15.87,3,2,48,7,1
2026-07-15,regression,13.49,16.22,4,2,48,89,1
2026-07-15,reg_demand,12.34,15.25,2,2,48,89,1
2026-07-16,naive,14.63,18.83,1,2,48,1,1
2026-07-16,mean_7,17.36,21.59,1,3,48,7,1
2026-07-16,mean_90,28.9,31.92,1,3,48,90,1
2026-07-16,weekday,14.96,18.35,1,3,48,7,1
2026-07-16,regression,14.63,19.13,1,3,48,89,1
2026-07-16,reg_demand,11.22,14.5,2,3,48,89,1
2026-07-17,naive,16.79,22.4,0,2,48,1,1
2026-07-17,mean_7,12.19,13.9,2,3,48,7,1
2026-07-17,mean_90,20.9,22.94,2,3,48,90,1
2026-07-17,weekday,11.0,12.65,1,3,48,7,1
2026-07-17,regression,11.57,13.64,2,3,48,89,1
2026-07-17,reg_demand,10.41,12.15,0,3,48,89,1
2026-07-18,naive,13.63,17.22,1,1,48,1,1
2026-07-18,mean_7,9.5,11.25,3,0,48,7,1
2026-07-18,mean_90,12.56,16.3,3,0,48,90,1
2026-07-18,weekday,26.07,27.65,3,3,48,7,1
2026-07-18,regression,11.47,14.61,2,0,48,89,1
2026-07-18,reg_demand,20.65,22.34,1,2,48,89,1
2026-07-19,naive,36.98,45.92,1,1,48,1,1
2026-07-19,mean_7,35.63,45.29,0,3,48,7,1
2026-07-19,mean_90,37.23,43.69,0,3,48,90,1
2026-07-19,weekday,24.19,26.19,0,2,48,7,1
2026-07-19,regression,37.84,46.55,0,3,48,89,1
2026-07-19,reg_demand,28.45,31.3,1,3,48,89,1
2026-07-20,naive,45.25,58.55,0,2,48,1,1
2026-07-20,mean_7,12.62,14.64,3,1,48,7,1
2026-07-20,mean_90,21.04,22.41,3,1,48,90,1
2026-07-20,weekday,6.66,7.79,3,1,48,7,1
2026-07-20,regression,10.09,12.7,2,1,48,89,1
2026-07-20,reg_demand,11.86,15.0,0,1,48,89,1
2026-07-21,naive,19.36,22.92,1,2,48,1,1
2026-07-21,mean_7,27.06,32.36,1,3,48,7,1
2026-07-21,mean_90,39.05,41.28,1,3,48,90,1
2026-07-21,weekday,21.06,24.2,1,3,48,7,1
2026-07-21,regression,26.41,28.22,1,3,48,89,1
2026-07-21,reg_demand,27.14,28.59,1,3,48,89,1
2026-07-22,naive,9.22,11.3,0,2,48,1,1
2026-07-22,mean_7,23.73,29.9,0,1,48,7,1
2026-07-22,mean_90,38.97,41.61,0,1,48,90,1
2026-07-22,weekday,18.96,24.26,0,1,48,7,1
2026-07-22,regression,28.95,31.69,0,1,48,89,1
2026-07-22,reg_demand,32.27,34.98,0,1,48,89,1
2026-07-23,naive,15.17,19.31,0,3,48,1,1
2026-07-23,mean_7,11.79,15.47,0,3,48,7,1
2026-07-23,mean_90,24.81,27.59,0,2,48,90,1
2026-07-23,weekday,9.02,11.02,0,2,48,7,1
2026-07-23,regression,13.54,15.45,2,2,48,89,1
2026-07-23,reg_demand,11.81,13.09,2,2,48,89,1
2026-07-24,naive,19.86,26.78,0,2,48,1,1
2026-07-24,mean_7,15.74,19.19,0,1,48,7,1
2026-07-24,mean_90,24.03,26.6,0,3,48,90,1
2026-07-24,weekday,16.12,22.85,0,3,48,7,1
2026-07-24,regression,23.11,25.14,0,3,48,89,1
2026-07-24,reg_demand,27.49,30.2,0,2,48,89,1
2026-07-25,naive,46.9,60.56,2,2,48,1,1
2026-07-25,mean_7,45.91,63.15,3,3,48,7,1
2026-07-25,mean_90,43.12,55.04,2,2,48,90,1
2026-07-25,weekday,27.57,32.13,2,3,48,7,1
2026-07-25,regression,32.12,36.46,3,3,48,89,1
2026-07-25,reg_demand,27.22,30.71,3,2,48,89,1
2026-07-26,naive,17.44,23.13,0,3,48,1,1
2026-07-26,mean_7,50.99,65.0,0,2,48,7,1
2026-07-26,mean_90,46.64,61.03,0,3,48,90,1
2026-07-26,weekday,30.79,37.66,0,2,48,7,1
2026-07-26,regression,46.09,57.96,0,3,48,89,1
2026-07-26,reg_demand,37.33,43.67,0,1,48,89,1
2026-07-27,naive,76.35,95.76,0,2,48,1,1
2026-07-27,mean_7,42.35,54.95,0,1,48,7,1
2026-07-27,mean_90,39.21,48.43,0,2,48,90,1
2026-07-27,weekday,31.86,49.74,0,2,48,7,1
2026-07-27,regression,37.7,47.39,0,2,48,89,1
2026-07-27,reg_demand,34.1,43.7,0,2,48,89,1
2026-07-28,naive,52.06,67.25,0,2,48,1,1
2026-07-28,mean_7,18.27,26.86,3,3,48,7,1
2026-07-28,mean_90,23.0,27.86,2,4,48,90,1
2026-07-28,weekday,27.51,41.69,0,3,48,7,1
2026-07-28,regression,19.55,23.07,2,4,48,89,1
2026-07-28,reg_demand,18.0,23.16,2,4,48,89,1
2026-07-29,naive,29.75,46.74,0,4,48,1,1
2026-07-29,mean_7,26.61,33.13,0,3,48,7,1
2026-07-29,mean_90,27.95,31.55,0,4,48,90,1
2026-07-29,weekday,13.36,15.98,0,3,48,7,1
2026-07-29,regression,18.96,22.43,0,4,48,89,1
2026-07-29,reg_demand,13.12,16.36,0,4,48,89,1
2026-07-30,naive,9.28,11.7,0,4,48,1,1
2026-07-30,mean_7,28.51,35.13,2,4,48,7,1
2026-07-30,mean_90,29.88,31.54,2,4,48,90,1
2026-07-30,weekday,9.28,11.43,2,3,48,7,1
2026-07-30,regression,25.1,28.49,2,4,48,89,1
2026-07-30,reg_demand,22.5,26.62,2,4,48,89,1
2026-07-31,naive,7.03,9.09,1,0,48,1,1
2026-07-31,mean_7,26.12,30.61,1,0,48,7,1
2026-07-31,mean_90,25.87,27.52,1,0,48,90,1
2026-07-31,weekday,9.56,11.38,1,0,48,7,1
2026-07-31,regression,13.38,14.5,1,0,48,89,1
2026-07-31,reg_demand,16.09,17.55,3,0,48,89,1
2026-08-01,naive,22.37,31.83,3,2,48,1,1
2026-08-01,mean_7,20.46,23.82,1,1,48,7,1
2026-08-01,mean_90,24.16,26.84,2,1,48,90,1
2026-08-01,weekday,28.36,35.97,1,2,48,7,1
2026-08-01,regression,21.65,25.03,3,1,48,89,1
2026-08-01,reg_demand,27.61,30.21,2,4,48,89,1
2026-08-02,naive,22.61,33.23,2,2,48,1,1
2026-08-02,mean_7,22.07,25.29,2,3,48,7,1
2026-08-02,mean_90,28.34,30.44,2,3,48,90,1
2026-08-02,weekday,42.82,51.34,2,2,48,7,1
2026-08-02,regression,9.88,12.83,2,3,48,89,1
2026-08-02,reg_demand,31.04,33.93,1,2,48,89,1
2026-08-03,naive,10.41,13.65,2,3,48,1,1
2026-08-03,mean_7,8.0,9.73,2,4,48,7,1
2026-08-03,mean_90,23.08,25.07,4,4,48,90,1
2026-08-03,weekday,7.39,9.48,1,4,48,7,1
2026-08-03,regression,19.02,21.54,1,4,48,89,1
2026-08-04,naive,8.13,11.7,3,4,48,1,1
2026-08-04,mean_7,8.06,9.98,3,4,48,7,1
2026-08-04,mean_90,18.16,20.12,3,4,48,90,1
2026-08-04,weekday,8.12,10.44,3,4,48,7,1
2026-08-04,regression,16.89,18.8,2,4,48,90,1
2026-08-04,reg_demand,14.12,15.93,2,4,48,90,1
2026-08-05,naive,38.52,52.39,1,0,48,1,1
2026-08-05,mean_7,41.84,54.54,1,0,48,7,1
2026-08-05,mean_90,29.44,38.24,1,0,48,90,1
2026-08-05,weekday,43.38,54.19,0,0,48,7,1
2026-08-05,regression,23.69,25.97,2,0,48,90,1
2026-08-05,reg_demand,21.9,24.64,2,0,48,90,1
2026-08-06,naive,35.56,46.68,0,0,48,1,1
2026-08-06,mean_7,12.32,15.56,0,4,48,7,1
2026-08-06,mean_90,16.1,18.75,0,3,48,90,1
2026-08-06,weekday,10.59,13.66,0,3,48,7,1
2026-08-06,regression,21.17,27.24,0,3,48,90,1
2026-08-06,reg_demand,21.47,27.02,0,3,48,90,1
2026-08-07,naive,13.35,18.49,0,3,48,1,1
2026-08-07,mean_7,11.35,13.43,3,3,48,7,1
2026-08-07,mean_90,14.83,16.87,1,2,48,90,1
2026-08-07,weekday,13.62,18.03,2,2,48,7,1
2026-08-07,regression,12.09,14.62,1,2,48,90,1
2026-08-07,reg_demand,11.35,14.33,1,2,48,90,1
2026-08-08,naive,32.21,44.1,2,2,48,1,1
2026-08-08,mean_7,35.88,49.18,2,3,48,7,1
2026-08-08,mean_90,35.31,46.73,2,4,48,90,1
2026-08-08,weekday,18.66,23.16,2,2,48,7,1
2026-08-08,regression,33.16,39.84,3,1,48,90,1
2026-08-08,reg_demand,27.34,31.67,2,0,48,90,1
2026-08-09,naive,15.9,24.43,2,4,48,1,1
2026-08-09,mean_7,22.68,33.29,2,3,48,7,1
2026-08-09,mean_90,27.2,36.78,0,4,48,90,1
2026-08-09,weekday,17.09,21.68,2,2,48,7,1
2026-08-09,regression,28.45,39.78,1,3,48,90,1
2026-08-09,reg_demand,25.02,28.43,3,1,48,90,1
2026-08-10,naive,33.44,46.32,1,2,48,1,1
2026-08-10,mean_7,18.2,22.38,1,3,48,7,1
2026-08-10,mean_90,16.37,18.96,3,2,48,90,1
2026-08-10,weekday,8.03,9.71,3,3,48,7,1
2026-08-10,regression,8.37,10.86,1,2,48,90,1
2026-08-10,reg_demand,11.01,14.34,0,2,48,90,1
2026-08-11,naive,16.33,19.91,2,2,48,1,1
2026-08-11,mean_7,29.9,33.43,1,3,48,7,1
2026-08-11,mean_90,30.13,32.78,3,4,48,90,1
2026-08-11,weekday,18.74,21.71,3,3,48,7,1
2026-08-11,regression,20.67,24.35,3,0,48,90,1
2026-08-11,reg_demand,19.03,21.82,2,3,48,90,1
2026-08-12,naive,21.5,25.19,1,2,48,1,1
2026-08-12,mean_7,32.59,43.99,0,1,48,7,1
2026-08-12,mean_90,32.78,38.45,1,2,48,90,1
2026-08-12,weekday,23.32,32.42,1,1,48,7,1
2026-08-12,regression,34.91,40.75,0,0,48,90,1
2026-08-12,reg_demand,27.02,32.15,0,1,48,90,1
2026-08-13,naive,11.82,14.82,0,4,48,1,1
2026-08-13,mean_7,30.58,38.07,1,2,48,7,1
2026-08-13,mean_90,38.97,43.54,0,2,48,90,1
2026-08-13,weekday,26.96,34.46,0,2,48,7,1
2026-08-13,regression,22.32,29.61,0,2,48,90,1
2026-08-13,reg_demand,13.36,18.64,1,2,48,90,1
2026-08-14,naive,13.4,16.47,0,4,48,1,1
2026-08-14,mean_7,22.12,24.87,0,3,48,7,1
2026-08-14,mean_90,34.68,36.4,2,2,48,90,1
2026-08-14,weekday,18.79,21.97,1,2,48,7,1
2026-08-14,regression,17.23,21.2,1,2,48,90,1
2026-08-14,reg_demand,11.98,16.37,2,2,48,90,1
2026-08-15,naive,12.97,15.39,2,1,48,1,1
2026-08-15,mean_7,22.94,27.93,0,2,48,7,1
2026-08-15,mean_90,36.74,38.02,3,2,48,90,1
2026-08-15,weekday,50.45,61.73,0,3,48,7,1
2026-08-15,regression,16.71,18.2,3,2,48,90,1
2026-08-15,reg_demand,29.6,33.0,0,2,48,90,1
2026-08-16,naive,9.01,11.78,3,2,48,1,1
2026-08-16,mean_7,18.26,21.41,0,1,48,7,1
2026-08-16,mean_90,42.54,43.68,2,3,48,90,1
2026-08-16,weekday,47.48,54.64,0,3,48,7,1
2026-08-16,regression,13.6,15.75,0,2,48,90,1
2026-08-16,reg_demand,21.51,24.29,0,2,48,90,1
2026-08-17,naive,22.61,27.18,1,0,48,1,1
2026-08-17,mean_7,27.34,31.91,2,0,48,7,1
2026-08-17,mean_90,57.7,60.79,3,0,48,90,1
2026-08-17,weekday,35.27,39.7,0,0,48,7,1
2026-08-17,regression,18.48,22.62,1,0,48,90,1
2026-08-17,reg_demand,17.23,22.08,1,0,48,90,1
2026-08-18,naive,19.41,22.38,0,0,48,1,1
2026-08-18,mean_7,12.98,16.4,0,1,48,7,1
2026-08-18,mean_90,48.12,50.01,0,1,48,90,1
2026-08-18,weekday,19.73,23.46,1,1,48,7,1
2026-08-18,regression,48.09,50.77,0,1,48,90,1
2026-08-18,reg_demand,39.91,42.34,0,1,48,90,1
2026-08-19,naive,17.14,20.45,0,0,48,1,1
2026-08-19,mean_7,16.76,19.23,0,1,48,7,1
2026-08-19,mean_90,51.75,54.43,0,1,48,90,1
2026-08-19,weekday,20.28,23.03,0,1,48,7,1
2026-08-19,regression,27.66,30.55,0,1,48,90,1
2026-08-19,reg_demand,26.47,29.85,0,1,48,90,1
2026-08-20,naive,14.27,16.81,0,1,48,1,1
2026-08-20,mean_7,9.88,13.99,0,0,48,7,1
2026-08-20,mean_90,39.38,43.15,0,1,48,90,1
2026-08-20,weekday,11.27,15.78,0,0,48,7,1
2026-08-20,regression,26.4,29.29,0,1,48,90,1
2026-08-20,reg_demand,24.46,27.21,0,1,48,90,1
2026-08-21,naive,10.46,12.35,1,1,48,1,1
2026-08-21,mean_7,13.8,17.45,0,1,48,7,1
2026-08-21,mean_90,29.94,35.0,0,1,48,90,1
2026-08-21,weekday,12.52,17.23,0,1,48,7,1
2026-08-21,regression,16.22,18.26,0,1,48,90,1
2026-08-21,reg_demand,18.0,20.54,1,1,48,90,1
2026-08-22,naive,49.28,65.86,0,1,48,1,1
2026-08-22,mean_7,59.77,71.95,3,2,48,7,1
2026-08-22,mean_90,25.05,34.57,4,2,48,90,1
2026-08-22,weekday,20.68,27.05,1,3,48,7,1
2026-08-22,regression,40.55,55.2,0,2,48,90,1
2026-08-22,reg_demand,28.74,41.38,0,3,48,90,1
2026-08-23,naive,20.86,24.43,0,3,48,1,1
2026-08-23,mean_7,31.64,45.87,1,3,48,7,1
2026-08-23,mean_90,25.53,28.95,0,3,48,90,1
2026-08-23,weekday,12.12,17.45,3,3,48,7,1
2026-08-24,naive,32.88,47.0,0,3,48,1,1
2026-08-24,mean_7,10.33,13.37,0,3,48,7,1
2026-08-24,mean_90,29.97,33.39,2,3,48,90,1
2026-08-24,weekday,12.21,16.18,1,4,48,7,1
2026-08-24,regression,10.46,12.76,2,0,46,89,1
2026-08-24,reg_demand,13.0,15.35,2,3,46,89,1
2026-08-25,naive,14.45,16.95,1,4,48,1,1
2026-08-25,mean_7,6.88,9.34,2,3,48,7,1
2026-08-25,mean_90,26.54,28.44,3,3,48,90,1
2026-08-25,weekday,15.42,18.78,3,3,48,7,1
2026-08-25,regression,31.57,32.96,2,3,48,89,1
2026-08-25,reg_demand,26.36,28.13,1,3,48,89,1
2026-08-26,naive,17.59,20.6,1,2,48,1,1
2026-08-26,mean_7,20.3,23.93,2,1,48,7,1
2026-08-26,mean_90,39.41,43.8,2,1,48,90,1
2026-08-26,weekday,9.21,11.72,2,1,48,7,1
2026-08-26,regression,38.68,41.25,2,1,48,89,1
2026-08-26,reg_demand,28.95,31.79,2,1,48,89,1
2026-08-27,naive,25.15,27.8,0,3,48,1,1
2026-08-27,mean_7,39.88,47.56,0,2,48,7,1
2026-08-27,mean_90,55.47,63.87,0,1,48,90,1
2026-08-27,weekday,26.95,31.01,0,2,48,7,1
2026-08-27,regression,42.89,48.57,0,2,48,89,1
2026-08-27,reg_demand,31.81,36.91,2,2,48,89,1
2026-08-28,naive,37.55,43.36,0,0,48,1,1
2026-08-28,mean_7,20.39,23.27,1,0,48,7,1
2026-08-28,mean_90,31.08,36.03,1,0,48,90,1
2026-08-28,weekday,14.83,19.37,1,0,48,7,1
2026-08-28,regression,18.58,23.78,2,4,48,89,1
2026-08-28,reg_demand,14.69,18.24,1,4,48,89,1
2026-08-29,naive,35.79,42.78,0,0,48,1,1
2026-08-29,mean_7,36.14,40.99,0,2,48,7,1
2026-08-29,mean_90,35.92,43.16,0,1,48,90,1
2026-08-29,weekday,44.68,53.83,0,1,48,7,1
2026-08-29,regression,19.28,24.8,0,2,48,89,1
2026-08-29,reg_demand,18.96,24.11,0,3,48,89,1
2026-08-30,naive,30.79,39.04,2,1,48,1,1
2026-08-30,mean_7,23.16,28.5,0,2,48,7,1
2026-08-30,mean_90,47.51,53.47,0,3,48,90,1
2026-08-30,weekday,44.49,56.78,0,3,48,7,1
2026-08-30,regression,25.0,27.82,0,2,48,89,1
2026-08-30,reg_demand,40.04,44.57,0,2,48,89,1
2026-08-31,naive,31.6,46.28,0,3,48,1,1
2026-08-31,mean_7,21.88,33.26,0,2,48,7,1
2026-08-31,mean_90,27.5,29.91,0,4,48,90,1
2026-08-31,weekday,19.55,30.09,0,2,48,7,1
2026-08-31,regression,26.89,30.99,0,3,48,89,1
2026-08-31,reg_demand,34.23,39.43,0,3,48,89,1
2026-09-01,naive,18.97,25.12,1,4,48,1,1
2026-09-01,mean_7,34.02,46.4,1,2,48,7,1
2026-09-01,mean_90,28.49,31.5,3,4,48,90,1
2026-09-01,weekday,30.5,41.51,3,2,48,7,1
2026-09-01,regression,24.06,26.27,3,3,48,89,1
2026-09-01,reg_demand,21.35,23.95,3,3,48,89,1
2026-09-02,naive,49.03,62.47,2,1,48,1,1
2026-09-02,mean_7,25.88,29.45,2,1,48,7,1
2026-09-02,mean_90,55.78,59.28,3,1,48,90,1
2026-09-02,weekday,27.85,31.67,3,1,48,7,1
2026-09-02,regression,36.15,37.61,2,2,48,89,1
2026-09-02,reg_demand,21.56,27.66,0,2,48,89,1
2026-09-03,naive,47.36,66.18,3,1,48,1,1
2026-09-03,mean_7,30.26,49.96,4,2,48,7,1
2026-09-03,mean_90,33.43,38.05,4,4,48,90,1
2026-09-03,weekday,26.19,43.72,4,2,48,7,1
2026-09-03,regression,41.78,44.77,0,3,48,89,1
2026-09-03,reg_demand,33.05,37.22,0,3,48,89,1
2026-09-04,naive,41.03,53.97,1,0,48,1,1
2026-09-04,mean_7,57.52,70.53,1,0,48,7,1
2026-09-04,mean_90,50.87,55.52,1,0,48,90,1
2026-09-04,weekday,60.35,71.69,1,0,48,7,1
2026-09-04,regression,31.13,35.81,2,0,48,89,1
2026-09-04,reg_demand,26.26,32.12,2,1,48,89,1
2026-09-05,naive,86.06,99.09,0,0,48,1,1
2026-09-05,mean_7,91.36,100.41,2,3,48,7,1
2026-09-05,mean_90,80.69,85.12,3,4,48,90,1
2026-09-05,weekday,83.06,90.85,1,4,48,7,1
2026-09-05,regression,57.28,64.61,0,3,48,89,1
2026-09-05,reg_demand,53.92,60.11,0,4,48,89,1
2026-09-06,naive,40.6,57.69,0,3,48,1,1
2026-09-06,mean_7,47.24,59.51,0,3,48,7,1
2026-09-06,mean_90,53.44,63.22,0,3,48,90,1
2026-09-06,weekday,47.55,61.48,0,3,48,7,1
2026-09-06,regression,51.98,59.86,0,0,48,89,1
2026-09-06,reg_demand,42.8,49.57,0,1,48,89,1
2026-09-07,naive,61.34,80.92,1,3,48,1,1
2026-09-07,mean_7,29.65,38.86,1,2,48,7,1
2026-09-07,mean_90,25.76,29.14,1,2,48,90,1
2026-09-07,weekday,10.42,13.95,1,3,48,7,1
2026-09-07,regression,37.17,39.51,1,3,48,89,1
2026-09-07,reg_demand,25.83,29.22,1,1,48,89,1
2026-09-08,naive,19.89,25.0,1,0,48,1,1
2026-09-08,mean_7,42.75,56.33,0,0,48,7,1
2026-09-08,mean_90,33.66,42.8,1,0,48,90,1
2026-09-08,weekday,23.41,35.73,1,1,48,7,1
2026-09-08,regression,63.19,73.03,0,0,48,89,1
2026-09-08,reg_demand,49.82,61.09,1,0,48,89,1
2026-09-09,naive,30.76,35.97,0,0,48,1,1
2026-09-09,mean_7,51.13,63.83,0,1,48,7,1
2026-09-09,mean_90,48.81,58.54,0,0,48,90,1
2026-09-09,weekday,46.54,53.41,0,0,48,7,1
2026-09-09,regression,37.16,46.55,0,1,48,89,1
2026-09-09,reg_demand,28.17,35.99,1,1,48,89,1
2026-09-10,naive,41.25,50.93,0,0,48,1,1
2026-09-10,mean_7,31.65,37.35,3,2,48,7,1
2026-09-10,mean_90,34.74,38.19,3,2,48,90,1
2026-09-10,weekday,16.81,18.69,3,3,48,7,1
2026-09-10,regression,27.26,29.79,4,3,48,89,1
2026-09-10,reg_demand,17.5,21.9,3,3,48,89,1
2026-09-11,naive,38.56,58.21,0,0,48,1,1
2026-09-11,mean_7,57.38,67.15,0,1,48,7,1
2026-09-11,mean_90,59.03,65.31,0,0,48,90,1
2026-09-11,weekday,37.64,50.33,0,0,48,7,1
2026-09-11,regression,39.71,46.3,2,2,48,89,1
2026-09-11,reg_demand,30.48,39.54,2,1,48,89,1
2026-09-12,naive,84.9,110.95,0,0,48,1,1
2026-09-12,mean_7,54.27,65.49,3,0,48,7,1
2026-09-12,mean_90,53.49,61.91,2,1,48,90,1
2026-09-12,weekday,46.18,54.69,1,1,48,7,1
2026-09-12,regression,37.98,45.38,1,0,48,89,1
2026-09-12,reg_demand,34.72,43.51,1,0,48,89,1
2026-09-13,naive,96.99,125.16,0,0,48,1,1
2026-09-13,mean_7,61.48,68.94,0,1,48,7,1
2026-09-13,mean_90,78.65,83.92,0,0,48,90,1
2026-09-13,weekday,91.21,100.52,0,0,48,7,1
2026-09-13,regression,37.26,40.69,0,1,48,89,1
2026-09-13,reg_demand,40.67,42.34,0,1,48,89,1
