date,perfect__free,perfect__blind,perfect__aware,naive__free,naive__blind,naive__aware,mean_7__free,mean_7__blind,mean_7__aware,regression__free,regression__blind,regression__aware,reg_demand__free,reg_demand__blind,reg_demand__aware
2024-09-03,21245.4773,19127.2483,19786.248499999998,15649.758849999993,12695.985349999997,14891.806249999994,17767.033600000002,14539.540599999998,16715.731699999997,17370.649199999993,14474.701199999994,14936.238899999998,19811.814899999998,17612.1339,17612.1339
2024-09-04,24519.4221,21784.903100000003,22252.9918,22723.120100000004,20604.8911,20992.496,23141.70775000001,20413.200249999994,20467.5589,22997.679450000003,21135.30945,20551.8742,22332.058599999997,20237.8756,20166.974949999996
2024-09-05,26987.728950000004,24586.823450000004,24692.230000000007,19984.677549999997,17250.15855,19667.301099999997,17723.81715,15165.657649999994,17795.661949999994,16980.8231,13601.007599999999,14991.837200000002,19336.408900000002,16167.738900000002,18707.926199999998
2024-09-06,24142.7733,21767.808299999997,22003.895299999996,19028.5754,16627.6699,18092.4135,21581.5608,19037.2608,19399.782049999998,21077.76195,18493.072949999994,19277.0769,20954.0013,18574.856799999998,19136.283299999996
2024-09-07,28583.246900000002,26383.5659,26383.5659,24543.947500000002,22168.9825,23863.30175,21044.6511,18500.3511,21751.7754,26368.280600000002,24679.8446,24818.492249999996,23006.028749999998,21147.867249999996,23020.995450000002
2024-09-08,20918.444050000002,19394.324549999998,19462.092099999994,18959.7235,16760.0425,16760.0425,20183.88825,18280.555749999996,18553.7251,20665.91,19308.536999999997,19339.96985,20100.03055,18070.91405,19098.3635
2024-09-09,23773.307500000003,20799.4555,21150.86,18919.93665,17395.81715,17961.663500000002,17983.969600000004,16295.533599999999,17266.57825,14617.712399999997,11402.237899999993,12936.277699999999,16660.066700000003,13594.007199999996,13974.492499999997
2024-09-10,44270.28615,40305.211149999996,40407.71215,25272.0275,22298.175499999998,22770.3453,23988.083249999996,22290.029749999994,21711.73335,37472.835250000004,33227.48475,33381.0247,37892.183399999994,33637.0949,34924.297600000005
2024-09-11,44890.890699999996,41016.6312,41284.31219999999,31007.8974,27042.8224,25581.597550000002,36605.5193,34240.2923,29632.875599999996,38033.815350000004,33759.25085,34185.747,39211.6586,34890.87209999999,36248.029149999995
2024-09-12,26198.87495,23314.438949999996,23634.6456,16894.920400000003,13020.660899999995,16676.102099999996,20935.716,18213.822499999995,17757.25125,21462.6308,17968.1573,17838.33565,21027.887899999998,17609.727399999992,17590.843249999994
2024-09-13,22930.688000000002,20703.5715,20960.7114,20620.341100000005,17735.9051,18892.740199999997,20004.835100000004,16923.4121,17352.112449999997,16567.19605,14152.618549999992,13295.835999999996,19394.040100000006,17184.621099999997,17152.569
2024-09-14,46998.11165,43392.62915,43487.296700000006,21247.7941,19020.677600000003,13556.428049999999,23700.241799999996,20726.389799999997,18729.24905,43248.4997,39679.9402,37494.216499999995,43812.4623,40596.987799999995,40598.3019
2024-09-15,27319.9602,25013.1612,25112.8154,1200.9792999999993,-2404.5031999999997,-1296.9903000000036,14357.217700000005,10653.256699999994,10308.939299999995,15997.962699999998,12405.747699999998,14257.212099999995,15381.909200000004,11634.966199999997,11540.002899999996
2024-09-16,32710.475300000002,29517.754799999995,29577.97355,19228.294500000004,16921.495499999997,17623.808699999998,29830.411600000003,26126.450600000004,26311.3494,31031.038,28472.671,24458.408449999995,31674.850400000007,28933.4809,28812.217549999998
2024-09-17,28439.956700000002,25644.7247,25693.153349999993,24770.41425,21577.69375,22311.01565,26106.942099999993,22402.981099999997,22236.46725,27777.629300000004,25059.9398,23840.473749999997,26522.017399999997,23741.300899999995,23261.064899999998
2024-09-18,26794.988599999997,23212.362099999995,23751.422749999998,23941.343249999998,21146.111249999998,21450.254199999996,24623.1133,20919.1523,21202.09485,24747.829500000003,22030.14,22016.834199999998,25743.2713,22755.352299999995,22739.650749999997
2024-09-19,27238.30864999999,24155.415149999997,24509.776599999994,25281.50094999999,21698.874449999996,22085.594549999994,25715.28485,22522.568849999996,23393.612099999995,25900.10495,23137.18195,23160.279199999994,25799.09425,23028.115749999994,22495.930949999994
2024-09-20,19342.5341,17654.098099999996,17900.640199999998,14433.343799999997,11350.450299999999,12813.231149999996,14610.576,11602.366499999995,12483.012449999998,15767.588849999998,13214.240349999996,13984.576249999995,16433.862299999997,13894.971299999997,15681.339299999998
2024-09-21,23490.977150000002,21599.66765,21874.3495,21880.4436,20192.007599999997,21373.2987,16515.984300000004,13538.1648,15307.216549999997,18319.512499999997,15423.564499999997,17512.599249999996,19114.123400000004,16899.2954,17903.7428
2024-09-22,24759.589899999995,22659.997899999995,22905.0668,21405.8335,19514.523999999998,21945.490199999997,19173.904800000004,16819.1388,17439.512049999998,22156.8667,19957.185699999998,20329.8051,21684.993000000002,19485.311999999998,19485.311999999998
2024-09-23,23217.8663,21008.447299999993,21054.814599999998,19239.0844,17139.4924,18092.4917,17606.3292,15251.563199999997,17799.75935,21628.605199999998,19940.169199999997,19556.1485,22197.918899999997,19998.2379,19998.2379
2024-09-24,19501.12895,17459.150449999994,17895.7733,12796.897900000002,10587.478900000002,11038.249799999998,16312.292300000003,14778.5553,14910.35455,16467.0746,14348.850099999996,15765.53265,15046.67285,12930.84935,14410.503299999998
2024-09-25,20109.1236,18082.412599999996,18567.257149999998,15248.60705,13206.62855,14976.217799999999,18368.3087,16873.128699999997,17837.24125,17731.6822,15532.001199999993,15532.001199999993,16762.148699999998,14562.467699999996,14562.467699999996
2024-09-26,19598.332150000002,17900.278649999997,18358.1615,11117.577250000002,9090.86625,11586.12355,18141.504549999998,16861.221049999996,17788.294449999998,15573.0247,12157.988199999994,13477.119849999995,15504.1621,12217.971099999992,13116.7737
2024-09-27,43543.6795,40282.5895,40458.3938,19355.840950000005,17657.787449999996,15016.9535,20342.2785,19276.895999999997,17859.023,36688.4434,32544.112399999995,33006.864499999996,37320.758,33186.16499999999,33453.74505
2024-09-28,39259.34085,36727.51235,37020.674,32727.435350000003,29466.345349999996,30734.450999999997,37083.4532,34883.77219999999,34154.130000000005,33791.3819,30517.213900000002,34990.17630000001,32854.78079999999,29262.565799999993,31105.079400000002
2024-09-29,21785.6935,19862.209,20224.489999999998,14615.823799999995,12083.995299999993,13109.291499999996,18242.6507,16042.969699999996,16042.969699999996,16376.778499999999,14099.554999999997,14321.414199999996,14580.465249999997,12027.116749999994,12714.640149999996
2024-09-30,35734.5912,33359.6262,33364.0511,20162.813,18239.3285,13873.9287,29492.5137,27292.8327,27292.8327,31554.861249999998,29185.06875,29548.430699999997,31844.5467,29644.865699999995,29644.865699999995
2024-10-01,33937.22755,31700.759050000004,31722.048000000003,26452.7459,24077.7809,24140.0675,31318.135,29118.453999999998,29118.453999999998,26585.114849999994,23433.432849999994,25524.476150000002,28202.878599999996,24973.495600000002,26438.2091
2024-10-02,24281.314700000003,22059.993199999997,22120.2108,23487.00725,21250.538749999996,21312.581799999996,23205.779200000004,21006.0982,21006.0982,20445.6414,17159.450399999994,17787.129599999997,22196.885299999998,19456.118299999995,20443.79585
2024-10-03,24266.114,22126.244499999997,22143.7459,19762.97715,17541.65565,17878.760599999994,18875.1843,16675.503299999997,16675.503299999997,18066.6829,15337.938899999997,15048.602899999998,20375.017050000006,18056.315550000003,17942.945099999997
2024-10-04,29063.04745,25631.301949999997,25913.9144,23367.772849999998,21227.903349999997,20366.53245,25554.357899999995,23354.676899999995,23354.676899999995,26902.406000000003,23314.370499999997,24392.477549999996,26161.626749999996,23171.78424999999,23716.375599999996
2024-10-05,26062.669700000006,22986.028699999995,23151.0518,21305.450199999992,17873.7047,19017.285099999997,22628.337549999997,20419.03905,20372.6298,18413.41405,14642.815550000001,14643.945949999996,15614.81935,12046.259849999999,12714.402349999997
2024-10-06,29656.0542,27456.373199999998,27456.373199999998,19933.613900000004,16856.972899999993,18277.01545,24332.517649999998,22111.196150000003,22225.3112,25756.033300000003,23336.046799999996,24679.1275,26448.6294,24028.642899999995,24848.1832
2024-10-07,32976.46515,30725.572650000002,30731.49335,28060.280300000002,25860.599299999994,25860.599299999994,31184.072249999997,28974.773749999993,28967.862499999996,30370.746799999997,27741.2728,28786.236999999994,31223.222799999996,29011.5188,29002.799199999998
2024-10-08,20220.151399999995,18092.3049,18505.739499999996,18208.489049999996,15957.596549999997,15993.832099999998,18471.561899999997,16128.814399999997,16228.539899999996,17895.2275,15692.152499999997,17229.198399999997,19271.36845,17747.24895,17773.94075
2024-10-09,30171.28105,27465.373549999997,27719.5771,22433.9361,20306.0896,19344.976300000002,27246.89845,24708.01195,23866.39315,24571.547199999994,21243.338199999995,23227.120450000002,25819.4244,22840.163399999998,25132.165299999997
2024-10-10,36361.8985,34039.95249999999,34136.5656,33152.03335,30446.125849999997,31293.1851,35525.24665,33279.87914999999,33348.5441,32255.243099999992,29518.202599999997,30650.465699999997,33141.63725,30419.743749999994,32148.755250000006
2024-10-11,29487.535,27154.409499999994,27236.385399999992,25596.772299999997,23274.826299999997,23623.108699999997,27698.203,25479.046,25527.971199999996,27274.708350000004,23785.643849999993,24821.901899999993,26917.956800000004,24343.931800000002,25197.1106
2024-10-12,22625.22385,20070.770849999994,20229.196849999997,14711.877700000001,12378.752199999999,14220.21515,17040.757099999995,14841.076099999998,14841.076099999998,7209.193399999997,3769.6333999999943,4910.847199999997,7867.208549999997,4964.622049999996,6200.6441
2024-10-13,57308.38735,54880.94785,54889.299100000004,44373.3718,41818.9188,40895.62905,50358.3353,48158.654299999995,48158.654299999995,55216.049399999996,52789.4534,52847.06475,54353.2545,51983.462,52324.21399999999
2024-10-14,118669.5674,116469.88639999999,116469.88639999999,117197.70509999999,114770.2656,115080.2226,113039.1392,110839.4582,110839.4582,113448.3692,111248.68819999999,111248.68819999999,110274.215,108074.53399999999,108074.53399999999
2024-10-15,23627.39235,21412.294350000004,21509.6948,20280.1636,18080.4826,18080.4826,20522.399299999997,18322.7183,18322.7183,19860.0688,16953.1533,18438.75495,22527.778550000003,20136.34105,21031.064999999995
2024-10-16,37618.0187,35063.590200000006,35063.590200000006,29589.147350000003,27374.04935,26522.208099999996,32935.8866,30736.205600000005,30736.205600000005,32348.09135,29813.138850000007,30358.789000000004,32655.342899999996,30228.7469,31744.133299999998
2024-10-17,25598.817249999996,23352.697749999992,23516.832349999997,11219.216099999998,8664.787599999996,8664.787599999996,16017.918299999996,13818.237299999995,13818.237299999995,19064.642549999997,16005.371049999994,16511.451,19544.64215,17005.75565,16842.230699999993
2024-10-18,18704.835850000003,17185.045349999993,17513.766499999998,16126.368550000001,13880.249049999997,14779.835849999998,14553.320099999995,12353.639099999997,12353.639099999997,16190.487650000001,13637.139149999994,14256.336149999994,16482.783999999996,13990.663999999995,14686.748699999995
2024-10-19,31945.794550000002,28511.643549999993,28738.3035,19953.77725,18433.986749999996,20505.366,25831.1315,23631.4505,23631.4505,28714.977700000003,25655.706199999986,25116.420899999997,28401.985850000005,25557.61535,25026.4191
2024-10-20,27277.2472,22517.9227,22742.3729,-1704.2945000000016,-5138.4455,-4270.9961,2610.4401,410.7591000000005,410.7591000000005,18751.368,15340.298999999999,14716.75345,18801.688799999996,15370.6908,15481.69225
2024-10-21,42967.9545,40302.436499999996,40296.0784,1783.5008000000012,-2975.823700000001,-4537.773250000006,42155.6774,39946.258400000006,37239.45895,40702.53555,37513.15555,39084.86985,41682.1938,39147.24130000001,39030.002250000005
2024-10-22,26511.5413,24299.8373,24302.8212,22651.2745,19985.7565,20956.991349999997,24620.114999999998,22405.286999999997,22441.137600000002,24326.305550000005,21481.935049999996,22073.5579,24663.128800000006,22098.725799999997,22079.3463
2024-10-23,26525.9642,24143.907699999996,24496.171349999997,21162.597199999997,18950.893199999995,18939.751399999997,22176.852600000006,19962.024599999997,19937.144999999997,23059.4185,20317.658499999998,20077.448900000003,23963.5763,21627.563299999998,21588.8303
2024-10-24,34960.29269999999,31779.001699999993,32247.592399999998,24920.437550000002,22538.381050000004,22450.26785,33259.10175,30510.60725,31118.556549999998,33333.474799999996,30034.4218,30085.814550000003,33376.59355,30107.627049999996,30462.0715
2024-10-25,31512.417699999998,28548.303699999993,28746.342399999994,28177.5904,24996.299399999996,26874.47795,29185.015799999997,26770.043299999998,26774.833000000002,28218.1391,26018.458099999996,26018.458099999996,27370.8261,25171.145099999994,25171.145099999994
2024-10-26,26253.841500000002,23884.049,24092.893699999993,21909.2267,18945.112699999998,19420.637499999997,21899.156050000005,18982.049549999996,19715.675749999995,23117.188650000004,20558.431149999993,22220.507849999995,24556.46745,22524.226949999997,22594.112499999996
2024-10-27,32380.523549999998,28770.037549999997,28938.98135,22854.495249999993,20484.702749999997,21712.7272,26032.9273,23460.227799999993,22877.22945,26727.28005,23558.605549999997,23960.203499999996,25291.777899999997,23080.073899999996,23122.991899999997
2024-10-28,38063.52825,35518.83775,35609.75595,27605.9155,23995.429500000002,27603.741049999997,30788.5535,28037.658,30997.251199999995,37275.1671,35063.4631,35058.371,37252.96399999999,35047.87400000001,35037.82250000001
2024-10-29,26931.67165,24738.214149999993,25019.515799999997,21913.228600000002,19368.53809999999,19691.60259999999,19013.088499999998,16455.535999999993,18730.356699999997,23018.079400000002,20818.3984,20818.3984,23345.2254,21145.5444,21524.8688
2024-10-30,25543.390699999996,23343.7097,23398.515949999997,19676.962499999994,17483.504999999997,20877.303,22194.806449999996,19811.332949999993,20942.9174,24435.538849999997,22544.229349999998,23201.4529,23926.187399999995,21832.004399999994,22853.5954
2024-10-31,26471.438399999995,24262.019399999997,24269.970399999995,24597.865299999994,22398.184299999994,22058.9935,25794.3606,23594.679599999996,23594.679599999996,23552.346749999997,20493.075249999998,22880.0599,25189.493799999997,22786.3033,23538.337099999997
2024-11-01,25407.558899999996,23049.784900000002,23192.768799999994,23662.6336,21453.2146,21521.713999999996,24328.045400000003,22128.3644,22128.3644,24389.579599999997,22189.8986,22189.8986,23991.8714,21780.1674,21789.0714
2024-11-02,25088.044899999997,22888.363899999997,23001.474599999994,22403.132699999995,20045.358699999993,20398.031699999992,24348.5885,22148.907499999994,22148.907499999994,24363.071999999996,22345.978499999997,22930.164,23561.62285,21529.38235,22321.868300000002
2024-11-03,26397.117400000003,24197.4364,24197.4364,22446.7938,20247.112800000003,20403.311199999996,23290.8152,21091.1342,21091.1342,25213.088299999996,23013.4073,23013.4073,23285.5347,21394.225199999997,21922.145300000004
2024-11-04,38547.369399999996,36347.6884,36347.6884,33506.5377,31306.856699999997,31306.856699999997,37912.38350000001,35712.7025,35712.7025,36896.9849,34697.3039,35000.6174,36800.089100000005,34600.40809999999,34600.40809999999
2024-11-05,44263.7095,42064.0285,42064.0285,43519.0561,41319.3751,41319.3751,43980.542100000006,41780.861099999995,39651.3756,42162.5983,40271.288799999995,38939.505399999995,42192.84475,40301.53525,39683.5819
2024-11-06,33562.7804,31363.099400000003,31363.099400000003,32077.520400000005,29877.839399999997,29877.839399999997,32323.57020000001,30123.889199999994,30123.889199999994,32300.215699999993,30100.53469999999,29823.7709,32658.5054,30458.8244,30458.8244
2024-11-07,26080.48325,23899.04875,24267.0778,22638.797000000006,20439.115999999995,20439.115999999995,23957.053,21757.372000000003,21757.372000000003,24338.8811,22244.6981,22857.213649999998,23082.733500000002,20901.298999999995,22284.042
2024-11-08,32997.0374,30797.356399999993,30797.356399999993,25539.97865,23358.54415,24281.353900000002,30392.9575,28193.276499999993,27967.6643,29327.317900000002,27127.636899999998,27127.636899999998,30737.8805,28538.199500000002,28538.199500000002
2024-11-09,24665.2312,22571.048199999994,22906.97225,22946.7077,20747.0267,20747.0267,23380.175199999998,21180.494199999997,21180.494199999997,23826.707000000002,21627.025999999998,21627.025999999998,23759.752399999998,22071.316399999996,22142.79135
2024-11-10,21298.72925,20129.74325,20293.887199999997,18814.2405,16720.057499999995,19223.02035,18347.7156,16148.034599999997,16148.034599999997,18426.3932,16226.712199999998,18029.9732,20558.70555,19073.14305,19073.14305
2024-11-11,28934.746199999998,26735.06519999999,26735.06519999999,24693.11765,23524.13165,23909.436799999996,26598.01789999999,24398.336899999995,24111.979,26240.138999999996,24035.049,24058.923899999998,28054.4165,25849.326499999992,25866.280399999992
2024-11-12,26694.8527,24175.437700000002,24814.782399999996,25403.158000000003,23203.477,23203.477,25500.428900000006,23300.7479,24101.523349999996,25980.270400000005,23780.589399999997,23780.589399999997,25928.691000000003,23719.271999999994,23737.464399999993
2024-11-13,29263.029999999995,27053.731499999994,27059.016499999994,26081.5308,23562.115799999996,23427.985399999998,27492.576200000003,25398.3932,24129.1039,27198.31,24998.628999999997,24705.028749999998,28212.994300000002,26013.313299999994,25768.094699999998
2024-11-14,30190.690499999997,27991.009499999996,28072.780749999998,26576.916699999994,24367.618199999997,24372.7417,28516.243299999995,26316.562299999998,26466.5984,29999.4997,27799.818699999996,27799.818699999996,29520.1726,27320.491599999994,27320.491599999994
2024-11-15,23562.845,21671.5355,22032.129999999997,22258.485600000004,20058.804600000003,20937.7965,22802.748,20603.067000000003,21785.62295,20893.953,18990.620499999997,20560.398699999998,22008.55945,20498.506949999995,21413.796
2024-11-16,34579.9733,32153.377299999996,32202.101500000004,28483.89105,26592.58155,21237.02145,31663.1101,29568.9271,26111.94685,31980.753000000004,29775.663,29781.8649,32041.3345,29826.5065,29810.504
2024-11-17,35716.65355,32862.81505,33301.85859999999,31146.474099999996,28719.878099999994,28584.123099999997,33404.15629999999,31204.475299999995,30293.642099999997,34054.389899999995,31854.7089,31854.7089,33393.9037,31182.199699999997,31182.5153
2024-11-18,32022.422399999996,29822.7414,29822.7414,28069.364899999997,25215.52639999999,28797.793399999995,31365.234099999994,29165.553099999997,29165.553099999997,30888.0186,28688.337599999988,28688.337599999988,30542.578499999992,28342.897499999995,28342.897499999995
2024-11-19,30456.4316,28256.750600000003,28256.750600000003,27702.7178,25503.036799999998,25503.036799999998,27600.3593,25400.6783,25400.6783,27113.135500000004,24743.343,25021.595699999998,28183.9313,25969.1033,25973.795299999998
2024-11-20,24858.609650000006,22368.018149999996,22915.9943,19394.0677,17194.386699999995,17194.386699999995,23617.3113,21417.630299999997,21417.630299999997,22170.353249999996,19155.871249999997,20059.9571,22979.4418,20755.714799999998,20811.696299999996
2024-11-21,24913.44115,23060.68865,23221.788349999995,22235.76425,19745.172749999998,22016.429099999998,22637.978800000004,20438.2978,20438.2978,22424.4481,20224.767099999997,20224.767099999997,21618.8575,19419.176499999998,19419.176499999998
2024-11-22,29726.96745,27152.942449999995,27287.2296,26300.62045,24447.867949999996,24181.395799999995,27477.892000000003,25278.211,25278.211,26249.881900000008,24035.053899999995,24094.667599999993,26729.984500000006,24524.894499999995,24537.838599999995
2024-11-23,39706.99464999999,36824.96415,36824.96415,16257.062899999999,13683.0379,16473.2502,26518.920599999998,24319.239599999997,24319.239599999997,30746.691450000002,28553.233949999998,28525.314499999997,28644.5346,26612.2941,22160.811349999996
2024-11-24,25463.837699999996,22117.3422,22389.4126,17595.8714,14713.8409,14713.8409,21321.721299999997,19122.0403,19122.0403,22451.612950000002,20024.173450000002,19727.867,23117.747900000002,20476.255400000002,20269.93025
2024-11-25,45206.76135,42821.00285,42823.722649999996,33373.0674,30026.571899999995,33456.4994,41241.833,39042.152,36206.327000000005,41027.15845,38078.349949999996,39783.307949999995,41971.393599999996,39489.0696,40380.0768
2024-11-26,40988.096999999994,38266.20349999999,38578.518000000004,35225.76925,32840.01075,32880.301349999994,37356.667,35156.986000000004,35156.986000000004,40431.4886,38231.8076,38231.8076,37087.683699999994,34888.0027,34888.0027
2024-11-27,23699.521299999997,21846.768799999998,22158.9068,20696.455649999996,17974.56214999999,19692.968999999994,22409.812399999995,20210.1314,20210.1314,22940.157399999996,21251.721399999995,21251.721399999995,22621.908599999995,21100.194599999995,21187.87145
2024-11-28,27027.092500000002,25236.619499999997,25686.197,21028.716500000002,19175.964,22024.165199999996,21353.9531,19154.2721,19154.2721,21815.4291,19615.748099999997,21290.249099999997,23439.2915,22171.031,23478.503999999997
2024-11-29,25546.928350000002,23428.453849999998,23808.16375,22924.2983,21133.825299999997,22535.02895,20201.443399999996,18001.7624,18001.7624,20804.827749999997,18581.105249999993,18677.108499999995,22492.603499999997,20280.899499999996,20337.973399999995
2024-11-30,25736.5265,23527.228000000003,23536.6595,19149.61215,17031.137649999997,18996.2735,22677.518299999996,20477.8373,20477.8373,23415.559500000003,21215.8785,21215.8785,23540.536099999998,21328.8321,21388.512799999997
2024-12-01,31143.286099999998,28928.458099999996,28938.067299999995,25229.13615,23019.837649999998,23059.1964,27975.4201,25775.7391,25775.7391,29165.8627,26804.964699999997,27259.7155,29233.163049999996,26698.210549999996,27249.081
2024-12-02,35625.9991,33426.31809999999,33426.31809999999,31750.921899999998,29536.093899999996,29657.404,33632.205299999994,31432.524299999994,31432.524299999994,30112.500000000004,27742.707500000004,28109.724599999998,29627.4531,27266.55509999999,28671.765499999998
2024-12-03,39960.226299999995,37760.5453,37760.5453,36668.3775,34468.6965,34468.6965,38405.7123,36206.0313,34989.648700000005,39379.9734,37180.292400000006,37180.292400000006,38214.77650000001,36526.34049999999,34697.83805
2024-12-04,38835.5852,36635.9042,36635.9042,31803.241100000007,29603.5601,29603.5601,33926.1869,31726.5059,31726.5059,32964.917799999996,30765.236799999995,30765.236799999995,33223.027400000006,31534.5914,30132.12245
2024-12-05,22466.802649999998,21297.81665,21369.9674,20622.3528,18422.671799999996,18422.671799999996,19844.221399999995,17644.540399999998,17644.540399999998,18286.784900000002,16087.1039,16087.1039,19345.9208,17146.239799999996,17146.239799999996
2024-12-07,35521.07095000001,32636.54345,32817.845,22052.032250000004,19682.23975,20281.7747,21237.9046,19038.2236,19038.2236,29272.2903,27072.609300000004,27072.609300000004,31245.627600000003,29033.9236,29024.570600000003
2024-12-08,41441.21715000001,38390.06365,38673.83684999999,32352.957899999998,29468.4304,30064.38825,34381.312000000005,32181.631,32181.631,38602.534,36241.636,36135.58,40510.44625000001,38073.26875,37863.639299999995
2024-12-09,48660.81915,46116.12864999999,46223.102,41999.68065000001,38948.527149999994,39808.70215,45442.557499999995,43242.8765,43242.8765,47486.09909999999,45286.418099999995,45286.418099999995,45063.9245,42864.2435,42864.2435
2024-12-10,40338.702450000004,37494.33195,37666.04304999999,35440.83039999999,32896.139899999995,33388.41465,36629.7235,34430.042499999996,34430.042499999996,38172.2914,35972.61039999999,35972.61039999999,38928.240099999995,36728.5591,36632.9626
2024-12-11,78793.31695000001,76407.55844999998,76487.8988,66089.6812,63245.31069999999,66099.36989999999,78095.32929999998,75895.6483,75895.6483,75554.64699999998,73354.966,73354.966,68282.5769,66594.1409,63392.6942
2024-12-12,104534.48930000002,102315.33230000001,102325.00430000002,93921.26789999998,91535.5094,93460.2649,97372.28099999999,95167.19099999999,95179.09889999998,98277.4003,96077.71930000001,96077.71930000001,83061.17510000001,81372.7391,81372.7391
2024-12-13,38119.9951,35920.3141,35920.3141,36711.268200000006,34492.1112,34545.3292,36008.371199999994,33796.667199999996,33811.4151,36013.4589,33813.7779,33813.7779,36478.23359999999,34278.552599999995,34234.180649999995
2024-12-14,21457.39755,19425.157049999994,19806.69715,18477.43,16277.749,16277.749,15779.252199999999,13421.478199999998,13781.522799999999,18096.345200000003,15896.664199999996,15896.664199999996,17858.198450000004,15825.957949999996,16591.8004
2024-12-15,21490.290350000003,18943.31485,19050.83275,13637.839250000003,11605.598750000001,11140.1954,18228.8089,16017.104900000002,16014.1751,17508.589,15138.796500000002,14928.990899999999,19859.4663,17219.415299999997,17475.2276
2024-12-16,38067.3903,35488.076799999995,35666.5666,27396.774849999998,24849.799349999994,26526.030199999994,35637.3735,33432.2835,33435.5826,35591.172399999996,33233.39839999999,33383.71799999999,36329.6776,33968.7796,34541.8134
2024-12-17,25836.328,23626.909,23661.15105,22477.679200000002,19898.3657,20921.4193,19184.898300000004,16985.217299999997,16985.217299999997,21170.1639,18970.482900000003,18970.482900000003,21801.359500000006,19601.6785,19601.6785
2024-12-18,36932.201100000006,34495.0236,34515.52029999999,20747.842500000002,18538.423499999997,16621.6051,28990.6569,26790.9759,26790.9759,36005.6745,33644.77649999999,33562.923099999985,36029.8309,33659.19489999999,33562.923099999985
2024-12-19,45958.14845,42069.55595,42128.98865,39490.674100000004,37053.4966,36972.1034,35852.6903,33653.00929999999,33653.00929999999,38107.7843,35746.8863,35339.2935,38117.0818,35756.1838,35369.038199999995
2024-12-20,27967.951449999997,25418.69095,25536.7613,16063.788200000008,12175.1957,13464.018800000002,23196.074500000002,20996.3935,20996.3935,18370.8375,16165.747499999998,16189.883699999998,23218.443000000003,21013.352999999996,21000.515099999997
2024-12-21,9314.66375,5568.43275,6473.734700000001,5547.817799999999,2998.5573000000004,2892.1400000000003,6744.347799999999,4365.203299999999,4694.6996,7442.266750000001,5072.47425,5184.0776000000005,5991.905850000001,3350.41335,3576.87025
2024-12-22,35932.9788,32422.606299999996,32537.378649999995,24160.5426,20414.3116,22938.510400000003,31382.9966,28977.762099999996,28680.1798,31782.708300000002,29421.810299999997,29224.3485,32342.686050000004,29701.193550000004,29719.726150000002
2024-12-23,35998.317500000005,33783.489499999996,33791.8009,28700.09205,25189.719549999994,26275.706599999998,30244.425600000002,27161.1126,31489.971599999997,33045.2485,30840.1585,30841.171299999998,33386.5864,31186.905399999996,31186.905399999996
2024-12-24,23852.874,21653.193,21791.815499999997,22195.606399999997,19980.7784,20060.1602,21830.00075,19253.57475,20613.114799999996,22557.7265,20352.6365,20369.4332,22071.4343,19859.7303,19912.475199999997
2024-12-25,29244.883,27039.792999999998,27044.803299999996,19149.409200000002,16949.728199999998,18352.5537,20499.204849999995,18091.68985,20149.9725,24949.084000000003,22749.403000000006,22749.403000000006,25867.795700000002,23477.683700000005,23651.436300000005
2024-12-26,31555.179900000003,29355.498899999995,29355.498899999995,29006.398999999998,26801.308999999997,26819.945899999995,27694.9465,25471.223999999995,25570.028099999996,28926.505000000005,26726.82399999999,26726.82399999999,29489.3053,27289.624299999992,27289.624299999992
2024-12-27,33124.719,30925.038,30928.719499999996,30599.649800000003,28399.9688,28399.9688,31621.086899999995,29421.405899999998,29421.405899999998,31817.547399999992,29617.866399999995,29617.866399999995,31252.643399999997,29052.9624,29052.9624
2024-12-28,25739.4062,24459.1227,24527.757000000005,23348.990100000003,21149.309100000002,21185.941250000003,23273.8245,21074.143500000002,21074.143500000002,24535.251300000004,22335.5703,22335.5703,22672.904449999995,20491.46995,22243.589500000002
2024-12-29,24457.830949999996,22440.73745,22844.517849999997,23180.63605,21900.35255,21706.3387,23548.898899999997,21349.217899999992,21349.217899999992,24084.941799999997,21885.2608,21885.2608,21370.882499999992,18653.192999999992,20355.496099999997
2024-12-30,42851.75320000001,40211.7022,40221.281149999995,37849.61595,35832.52245,30895.886449999998,40868.168600000005,38668.4876,38668.4876,41730.05070000001,39530.369699999996,39530.369699999996,41651.721900000004,39440.0179,39420.683399999994
2024-12-31,30601.09085,27501.666849999998,27674.632700000002,26876.079100000003,24236.028099999996,24231.497150000003,28721.046700000003,26521.3657,26521.3657,26217.25415,23790.658150000003,23335.367599999998,25544.487500000003,22904.436499999996,22556.78745
2025-01-01,51988.02095,48423.332949999996,48770.7494,40668.7519,37569.327900000004,37541.9567,43677.526900000004,41477.8459,41477.8459,44560.20749999999,42348.50349999999,42361.611600000004,45625.87735000001,43090.92485,42904.8959
2025-01-02,29141.317900000005,27263.680399999997,27280.499499999998,16581.068549999996,13016.38055,14669.787799999993,26501.037000000004,24295.947,24297.342900000003,27893.0945,25693.413500000002,25693.413500000002,27615.3779,25415.696900000006,25415.696900000006
2025-01-03,35056.0059,32841.177899999995,32849.799,25163.250099999997,23285.6126,23374.6448,30316.4238,28104.719799999995,28116.607799999994,32307.1595,30102.069499999994,30109.087699999993,27748.0113,25548.330299999994,25548.330299999994
2025-01-04,28076.0202,26387.584199999998,26546.316,24061.146800000002,21846.318799999994,21900.870599999995,27025.856699999997,24814.1527,24851.4103,26988.267,24788.585999999992,24816.539799999995,27401.6985,25916.135999999995,25916.183699999998
2025-01-05,32327.0766,30133.6191,30141.889199999998,30013.4592,28325.0232,28439.6703,30966.35129999999,28754.647299999993,28771.752299999996,30717.5849,28517.903899999998,28517.903899999998,30364.688299999994,28006.914299999997,28913.612899999996
2025-01-06,30662.87075,28293.078250000002,28429.543999999998,28059.055299999996,25865.5978,25854.7682,27879.779199999997,25668.075199999996,25678.847999999998,27556.512749999994,25186.72025,26088.565000000002,27135.764499999997,24930.674499999997,24945.579699999995
2025-01-07,25916.4999,24435.2664,24559.251399999997,22074.89125,19705.098749999997,20203.4816,19172.497499999998,16967.4075,16992.6357,20597.979999999996,18386.275999999998,18433.396099999998,21194.667600000004,18994.986599999997,18994.986599999997
2025-01-08,372710.0851,370510.4040999999,370510.4040999999,74526.5358,73045.3023,46356.134999999995,338156.5335,335956.8525,335956.8525,364913.5482,362713.8672,362713.8672,345494.16709999996,343294.4861,343294.4861
2025-01-09,27886.5461,26176.4696,26193.223250000003,16040.752700000006,13841.071699999997,13841.071699999997,19900.9585,17701.277499999997,17701.277499999997,21149.503249999998,18944.02275,20162.302799999998,19599.374200000006,17399.693199999994,17399.693199999994
2025-01-10,36636.8995,34437.2185,34437.2185,27059.5625,25349.486,26236.2721,30956.409400000004,28756.728399999993,28756.728399999993,32793.21549999999,30593.5345,30593.5345,31713.8493,29514.168299999998,29514.168299999998
2025-01-11,30973.287699999997,29284.851700000003,29444.108099999998,26600.143500000002,24400.4625,24400.4625,26115.733399999997,23916.0524,23916.0524,27194.8569,24995.1759,25108.032199999998,27047.9444,25030.850899999994,26326.2299
2025-01-12,27446.339,25076.546499999997,25316.5006,25046.7235,23358.2875,23867.9819,23805.758800000003,21606.0778,21606.0778,22809.6169,20609.935899999997,21803.8574,26225.713450000003,24740.150950000003,24740.150950000003
2025-01-13,26039.8275,23911.021500000003,24159.6111,19121.282000000007,16751.4895,19259.452749999997,20873.682399999998,18674.0014,18674.0014,24114.902800000003,21903.198800000002,21913.151,21405.717299999997,19206.0363,19206.0363
2025-01-14,30227.95195,27851.93145,27968.3284,27183.728300000002,25054.92229999999,25603.888949999993,26473.2502,24273.569199999998,24273.569199999998,27526.499899999995,25326.8189,25326.8189,26359.531399999996,24159.8504,24159.8504
2025-01-15,30384.992900000005,28185.3119,28185.3119,29401.90775,27025.88725,27232.634100000003,26426.012800000004,24226.331799999996,24226.331799999996,27395.430300000004,25195.749300000003,25195.749300000003,26386.155300000006,24186.474299999994,24186.474299999994
2025-01-16,30464.414200000003,28264.733199999995,28278.842800000002,26820.0686,24620.387599999995,24620.387599999995,28115.96525,25934.530749999998,26206.51285,28392.973,26193.291999999994,26193.291999999994,28087.030899999998,25887.3499,25887.3499
2025-01-17,34895.234599999996,32695.553599999996,32695.553599999996,31513.136700000003,29313.4557,29095.737699999998,34433.1641,32233.4831,31696.323099999998,34093.026600000005,31893.345599999997,31893.345599999997,33840.5766,31640.895599999996,31640.895599999996
2025-01-18,31836.800949999997,29945.491449999998,29990.692799999997,30326.2421,28126.5611,28126.5611,29894.4033,27800.220299999994,28455.621199999998,30661.8436,28462.162599999996,28462.162599999996,31144.866100000003,28945.185100000006,28945.185100000006
2025-01-19,33759.6007,31559.919700000006,31559.919700000006,31555.8167,29664.5072,29671.546899999998,31425.164,29225.483,29680.33525,32318.414800000002,30118.733799999995,30118.733799999995,32964.002100000005,30764.321099999997,30764.321099999997
2025-01-20,63641.528000000006,61441.847,61441.847,56655.90670000001,54456.22570000001,54456.22570000001,58925.4655,56725.7845,52456.4845,61052.327399999995,58852.6464,58852.6464,61097.3139,58897.632900000004,58897.632900000004
2025-01-21,53026.12785,50304.23434999999,50411.31645,49145.5128,46945.831799999985,46945.831799999985,50521.6334,48321.9524,48321.9524,49794.1787,47594.49769999999,47594.49769999999,48803.278699999995,46603.59769999999,46603.59769999999
2025-01-22,65922.13799999999,63548.40249999999,63668.168399999995,60051.4633,57329.56979999999,58770.02,64453.7062,62254.02519999999,62254.02519999999,64224.60809999999,62024.92709999999,62024.92709999999,64224.7149,62025.033899999995,62025.033899999995
2025-01-23,29305.17105,27114.11905,27282.19635,25597.346150000005,23223.610649999995,24265.3948,26418.0329,24218.3519,24218.3519,27117.4205,25597.629999999997,25691.4558,28892.55355,26865.722049999997,26509.907799999994
2025-01-24,45609.05470000001,43064.36420000001,43064.36420000001,40882.738300000005,38691.6863,35788.35375,41072.8587,38873.1777,38873.1777,42250.37585,39823.779850000006,39718.754700000005,43558.9791,41178.6051,40199.8187
2025-01-25,49264.72645,46554.25345,46636.9773,38662.60925,36117.918750000004,36117.918750000004,43846.9044,41647.2234,41647.2234,41986.7965,39090.8485,42020.3465,38919.79655,35675.71505,38298.7869
2025-01-26,32960.399849999994,30242.71034999999,30491.788699999994,22456.651600000005,19746.1786,20683.010399999996,21891.958,19692.277,19692.277,19042.696,16843.015,16843.015,29086.199000000008,26886.517999999996,26886.517999999996
2025-01-27,39127.1391,36717.4551,36889.508799999996,8897.798350000003,6180.108849999999,9557.1977,31905.9441,29706.263099999996,29706.263099999996,36798.0375,34598.356499999994,34598.356499999994,37546.551,35346.869999999995,35346.869999999995
2025-01-28,40595.75804999999,38049.62604999999,38070.20175,31241.51075,28831.82675,29515.0224,37669.6645,35464.5745,35444.1028,34898.840299999996,32699.1593,32699.1593,34889.2624,32689.581399999995,32689.581399999995
2025-01-29,38357.41549999999,36133.69299999999,36144.14419999999,37241.52905,34695.39705,34579.7089,36822.975900000005,34608.147899999996,34615.629499999995,37994.866500000004,35795.1855,35795.1855,37695.124599999996,35495.44359999999,35495.44359999999
2025-01-30,39477.00259999999,37062.42509999999,37246.6845,35108.75025,32885.02775,32946.0767,38561.06349999999,36191.271,36573.26229999999,36942.522,34742.84099999999,34742.84099999999,34665.190149999995,31421.10865,31926.064199999997
2025-01-31,29884.60035,28350.86335,28411.734049999995,27369.130449999993,24954.55294999999,25612.75529999999,26298.149599999997,23871.5536,25042.289599999996,25906.9744,23707.2934,23707.2934,25879.722599999994,23680.041599999993,23680.041599999993
2025-02-01,28493.2474,25954.356399999997,26266.8493,25923.46315,24389.72615,25391.235849999997,26923.5904,24723.909400000004,24723.909400000004,27616.975599999998,25758.814099999996,25912.697949999994,22100.934350000003,20067.01135,20219.79735
2025-02-02,31887.97015,29706.535649999994,29856.892399999993,27634.663199999995,25095.7722,25882.9794,28860.789200000003,26661.108199999995,26661.108199999995,29082.532399999996,26882.8514,26882.8514,23848.907799999994,20952.959800000004,20952.959800000004
2025-02-03,30364.048850000003,28248.225349999997,28623.724849999995,22158.830949999996,19977.396449999997,21911.237199999996,25875.738100000006,23676.057099999995,23676.057099999995,25418.912249999998,22242.186749999993,23992.224899999997,26145.937699999995,22969.21219999999,25705.450399999998
2025-02-04,31419.240999999998,29209.821999999996,29241.0471,29650.696649999998,27534.87315,27983.400349999996,28073.833199999994,25874.152199999993,25874.152199999993,27972.4335,25767.343500000003,25780.797899999998,27321.48,25116.390000000003,25129.8444
2025-02-05,35092.95049999999,32563.801999999996,32812.1069,33908.00000000001,31698.580999999995,31608.227799999993,34059.799199999994,31850.500700000004,31844.349200000004,33660.235199999996,31460.554199999995,31460.554199999995,33637.888000000006,31113.9075,31757.7876
2025-02-06,33231.55009999999,30682.921099999996,31053.479349999998,29335.21585,26806.067349999994,27589.08984999999,30234.268399999997,28012.946899999995,27377.274899999997,29062.009000000002,26852.589999999997,26787.660599999996,30347.0359,27798.406899999994,28461.424899999998
2025-02-07,29317.133,26787.589500000002,27235.53125,22713.107799999998,20164.478799999993,23955.26525,28346.674849999996,26230.851349999997,26298.194599999995,27591.793,25392.111999999997,25392.111999999997,26129.4682,23920.1697,24009.5277
2025-02-08,37094.79120000001,34895.110199999996,34895.110199999996,27698.892699999997,25169.349199999997,27422.9544,28419.015549999993,26208.367049999997,26815.265649999998,34040.10049999999,31840.419499999996,31840.419499999996,32865.6847,30666.003700000005,30666.003700000005
2025-02-10,31123.4677,28923.786699999997,28923.786699999997,23615.7961,21927.360099999998,24927.057,30669.137850000003,28487.703349999996,27555.84195,28403.952999999994,26204.272000000004,26204.272000000004,27780.7134,25581.0324,25581.0324
2025-02-11,31007.611449999997,28826.176950000005,29064.563649999993,29007.0653,26807.384299999998,26807.384299999998,29370.318299999995,27170.637299999995,27988.9533,28792.481299999996,26592.800300000003,26592.800300000003,29028.931800000002,26829.250799999998,26829.250799999998
2025-02-12,36885.8671,34686.18609999999,34686.18609999999,34976.2467,32794.8122,32101.711950000004,36208.435150000005,34027.00065,32665.353499999997,36725.28200000001,34525.601,34525.601,36738.25660000001,34538.575600000004,34538.575600000004
2025-02-13,36939.726500000004,34740.0455,34740.0455,33038.0459,30838.364899999997,30838.364899999997,33053.123750000006,30871.689249999996,30265.9155,34202.9117,32003.2307,32003.2307,34435.31540000001,32235.634399999995,32235.634399999995
2025-02-14,27846.684999999998,25984.194499999998,26308.849049999997,24472.379100000002,22272.698099999994,22272.698099999994,25857.467799999995,23657.78679999999,24129.511799999997,24201.9559,21663.069399999997,21882.7178,23608.159149999996,21040.868649999997,21312.165699999998
2025-02-15,28972.666349999996,26791.231849999996,26942.961199999998,26087.68535,24225.19485,25899.957449999998,26404.8227,24205.1417,24188.557699999998,24444.888399999996,22245.2074,22245.2074,20307.8047,18108.123699999996,18108.123699999996
2025-02-16,26943.597,25040.264499999997,25152.7935,20368.19775,18186.763249999996,21205.798000000003,21166.20405,18984.76955,22550.369649999997,22806.231350000002,20953.47885,21232.8535,19328.395600000003,17116.6916,17135.738999999998
2025-02-17,30144.6465,28270.253500000003,28431.61425,26688.154,24784.8215,25314.869,28649.34625,26632.25275,27441.409,24451.628000000004,21893.261,21901.126,23201.330500000004,20121.59,21053.144050000003
2025-02-18,32966.2333,29982.643299999996,30276.2081,26220.693600000002,24346.300599999995,24376.900649999996,28334.28885,26317.195349999998,24798.01915,22100.315499999997,18846.371,17994.42415,23450.076400000005,20034.1964,20532.76889999999
2025-02-19,32213.297300000002,30013.616299999998,30013.616299999998,24809.9289,21826.338899999995,22225.0473,29916.976700000003,27822.793700000002,26630.3537,28224.06265,25826.401650000003,26744.558100000002,27959.178699999997,25397.176699999993,26532.59725
2025-02-20,23738.485349999995,21622.661849999997,21858.4905,20919.097800000003,18719.4168,18719.4168,22835.112,20653.677499999998,21157.979099999997,18929.2584,15847.232899999994,17039.763400000003,17632.1034,14034.479399999998,14609.907149999995
2025-02-21,24448.958999999995,20764.532,21143.649499999996,17244.454550000002,15128.631050000002,15142.3758,18519.954500000003,16406.2955,16848.218200000003,16834.379999999997,13655.365,15634.2301,13539.04995,9761.837449999999,9577.4255
2025-02-22,35320.31050000001,32046.142500000005,32234.6911,28149.12364999999,24464.696649999998,26750.87275,28337.019099999998,26115.6976,24844.145899999996,31372.3339,28805.043400000006,28769.456050000004,29260.80615,25331.275650000007,25647.998649999998
2025-02-23,27210.5026,24143.5996,24392.424899999998,18429.0056,15154.8376,14680.232350000002,15777.497650000001,13458.796150000002,12605.587299999997,9477.7091,7261.6516,7597.8791,7546.8656,3948.0121000000013,5201.010100000001
2025-02-24,50820.85279999999,46673.30179999999,46820.281899999994,14397.593099999998,11330.690099999996,13737.974499999998,38495.9105,35764.278999999995,33160.4215,46242.7096,42333.4651,42474.4631,49344.52374999999,45414.99325,45280.28254999999
2025-02-25,28746.354750000002,26061.06575,26199.6288,23538.33370000001,19390.7827,20317.064650000008,24079.6063,20487.391299999996,21999.7698,23093.16125,20342.776749999997,21106.180599999996,23787.23975,20717.23725,20717.23725
2025-02-26,30103.601199999997,27125.7817,27611.30274999999,28002.3822,25317.093199999996,25537.843449999993,26956.063300000005,23363.84829999999,24944.091899999992,26369.4945,23976.282999999996,24232.4208,27467.7523,24706.516299999992,24630.76419999999
2025-02-27,28079.66369999999,24696.092699999987,24959.508499999996,24048.86705,21071.047549999996,21876.742499999997,24418.309099999995,20984.158099999986,21198.274399999995,23641.1066,20245.512599999995,21287.810149999994,26781.635199999997,23183.16769999999,23985.799849999996
2025-02-28,23829.7521,22131.698600000003,22451.175150000003,18978.639000000003,15595.068,17909.961199999998,20168.751100000005,16570.283600000002,17128.60705,20628.91185,18237.474349999997,19323.5204,19705.808100000002,16971.289099999995,17876.571099999994
2025-03-01,25929.799000000003,23897.5585,24121.145,23491.6051,21793.551600000003,22756.799450000002,22791.62060000001,19193.153099999996,19788.8211,22383.9136,20047.9006,20129.51135,20628.192499999997,17581.845500000003,18432.5345
2025-03-02,24963.381100000002,23105.219599999997,23443.54725,23979.136549999996,21946.896049999996,22714.1958,22190.17385,18938.634849999995,21202.99845,19524.20745,16801.70695,16815.30375,17506.015600000002,14131.01109999999,14705.143199999995
2025-03-03,33183.227750000005,30613.565250000003,30864.386700000003,28171.0599,26312.8984,25247.26065,29577.1184,26325.579400000002,27802.4566,21841.798699999996,18240.925699999996,17806.79045,26460.47195,22551.227449999995,23298.387199999997
2025-03-04,37500.98585,34416.04835,34515.82714999999,35231.29375,32661.631250000006,32037.386200000004,35443.385200000004,33046.1817,31079.27505,27164.1132,24117.7662,23014.506749999997,30757.9264,27645.037899999996,28189.594600000004
2025-03-05,49761.660899999995,45662.38040000001,45665.78420000001,41467.412749999996,38382.47524999999,38463.9606,41058.441600000006,38549.4921,36788.63205,39586.0961,35676.851599999995,34623.6418,41242.46169999999,37538.496199999994,36387.55605
2025-03-06,38877.10710000001,35463.6326,35595.048899999994,32372.853000000003,28273.572499999995,28297.802299999996,35468.0959,32730.954899999997,33305.91085,30694.952299999997,27094.079299999998,28327.859150000004,30714.538099999998,27320.867599999998,27528.05455
2025-03-07,33890.24295,31680.944449999995,31689.1737,27911.07615,24497.601649999997,24316.4533,23327.92285,20417.03985,18471.4465,32641.0189,30441.3379,30441.3379,32891.6052,30691.9242,30691.9242
2025-03-08,21947.4635,20891.4575,20937.780099999996,18551.89585,16342.597349999998,16352.672099999998,15985.831699999999,12596.490199999995,14994.514249999991,16574.93845,13790.374949999996,15892.899499999992,13025.688000000007,9922.5375,10382.589899999999
2025-03-09,24966.9823,22412.553799999998,22682.00965,22312.3783,21256.3723,21168.348199999997,22453.973299999998,19208.686799999996,21040.312049999993,21750.791750000004,19341.107750000003,19319.581449999998,22561.464050000002,19717.089050000002,20082.141850000004
2025-03-10,24667.134200000004,22109.4947,22484.915749999996,21188.515949999997,18634.08745,19001.662449999996,22520.62745,19334.163949999995,20648.45629999999,20826.430500000002,18620.110999999997,19148.575199999996,16567.175949999997,13390.450450000002,16952.829549999995
2025-03-11,26188.346700000002,23867.239699999995,24230.5844,20310.205400000003,17752.5659,17883.51315,20848.8082,17603.521699999998,18341.103299999995,23221.663100000005,20141.922599999998,21063.897299999997,23230.147599999997,19976.3281,20864.714699999997
2025-03-13,33581.64995,30412.97545,30712.84505,31503.893599999996,29294.4746,28823.411549999997,32274.317049999998,29551.218549999998,28421.697649999995,31746.1244,29546.443399999996,29546.443399999996,31515.707200000004,28619.7592,28925.771699999998
2025-03-14,27501.948600000007,24943.5816,25227.974299999994,24440.918999999998,21272.2445,23034.037800000006,25836.98015,23633.90515,24204.675,24205.231200000002,22519.2007,23178.05075,25766.898200000003,23904.528199999997,24087.296549999995
2025-03-15,22869.918,21176.073,21610.8255,18443.1377,15884.770700000001,17478.0844,19673.100700000003,17748.1277,19487.61635,21365.1499,19661.566899999998,20209.396449999997,20770.498,18227.278,19721.3775
2025-03-16,23686.8828,22408.5228,22589.633749999997,20641.570499999998,18947.725499999997,21767.9078,20569.892600000003,18644.924099999997,21207.906300000002,22886.3012,21366.510699999995,22332.6092,21616.0968,19497.8723,20776.071099999997
2025-03-17,28419.544299999998,26036.070799999998,26174.1242,19637.279000000002,18358.919,21012.293299999998,23234.408399999997,21536.3549,21285.400449999997,21602.475449999998,19744.313950000003,19828.903600000005,24523.49035,22180.74285,22225.46395
2025-03-18,26608.1169,24469.173399999996,24612.7224,21906.141050000002,19522.667549999995,19450.553199999995,20172.920800000004,18078.737800000003,19398.010599999998,17314.884,13765.80049999999,13765.80049999999,20274.997199999998,17214.101199999997,17214.101199999997
2025-03-19,40484.5672,37403.144199999995,37532.80009999999,31255.90545,29116.961949999997,27561.04105,35464.368749999994,33553.583249999996,30469.0533,37754.23305,35717.66355,35060.4835,37287.22349999999,34321.426999999996,33074.509199999986
2025-03-20,31177.68415,28511.509649999996,28811.8954,24574.762599999995,21493.339599999992,21012.150799999996,25398.385850000002,23282.56235,23674.81095,28024.081850000002,26391.552350000005,26594.96995,28457.934,26395.606999999996,26815.039600000004
2025-03-21,29252.8075,26872.4335,26990.7926,26368.292699999998,23702.118199999997,23724.704849999995,25021.4023,23105.207800000004,22096.817349999998,23880.076949999995,20466.120449999995,21820.600649999997,20683.155499999997,17082.2825,18344.792500000003
2025-03-22,36716.20910000001,34335.8351,34335.904899999994,17611.5195,15231.145499999993,16687.123799999994,20153.8237,18443.747199999998,22317.3233,33066.86950000001,30867.188499999993,30867.188499999993,28029.3226,25399.84859999999,28324.727999999996
2025-03-23,27431.750300000003,25220.046299999998,25353.146800000002,25911.195700000004,23530.821699999993,23552.724299999994,24289.5443,22779.491799999996,23914.011,24851.8257,22652.1447,22652.1447,26276.73725,24095.302749999995,24641.021949999995
2025-03-24,30360.909299999996,27383.08979999999,27564.430649999995,16118.790100000002,13907.086099999995,17449.144749999996,24169.5875,22475.7425,23061.80125,25577.642600000006,22859.9531,22938.461499999998,26260.309800000006,23475.74629999999,26172.03155
2025-03-25,25186.3428,23157.226300000002,23455.5062,22159.991950000003,19182.17245,20641.83385,23990.737500000003,22287.154499999997,22872.31395,23199.3421,20999.661099999998,20999.661099999998,22927.629599999997,20727.948599999996,20727.948599999996
2025-03-26,25660.76355,23759.716049999995,23977.231949999998,20237.3637,18208.247199999998,19346.7051,21646.385449999998,19788.223949999996,20469.40855,18892.276400000002,16174.586899999995,16246.759599999996,20600.947549999997,18037.861049999992,18549.3232
2025-03-27,29505.086150000003,26626.989649999996,26772.4797,21677.59175,19776.54425,20014.109099999998,22776.565700000003,20657.4977,19806.45975,23992.909900000002,20941.751900000003,22455.241699999995,24095.77565,20971.88615,22540.857799999998
2025-03-28,50154.93695,46055.65645,46217.73095,30507.978849999996,27629.882349999993,26313.790149999997,31860.31085,29653.99135,23252.48115,35781.448050000006,31872.203550000002,29961.0854,40240.71040000001,36128.5924,35968.96665
2025-03-29,42923.2572,39661.9802,39789.2127,31633.37955,27534.09905,25279.801549999996,22853.5374,19889.4234,20754.114449999997,29427.398350000003,26345.975349999997,26527.9867,28724.854,25661.677499999998,23182.63085
2025-03-30,46608.955649999996,42331.55714999999,42561.900649999996,29274.423300000002,26013.146299999997,25667.05455,29932.205700000002,27157.2597,24098.17485,35384.2333,31980.3763,31436.231099999997,42721.63165,38806.978149999995,38896.55989999999
2025-03-31,32899.38224999999,29510.040749999993,29946.15454999999,19969.46745000001,15692.068949999999,17370.555850000004,28981.395600000003,25072.151099999992,26924.516099999997,20351.1382,16890.116199999997,16890.116199999997,28043.0377,24649.367199999997,25128.597749999994
2025-04-01,38680.52705,35924.69555,36040.71274999999,30127.802550000004,26738.46105,25938.754049999996,28806.99815,24897.75364999999,26222.64535,32949.523199999996,29846.3727,30577.981799999998,36698.9889,33459.47289999999,34695.51139999999
2025-04-02,80139.1967,75809.0582,75816.2773,52844.9691,50089.1376,48370.8027,73336.9204,69533.1739,60382.6345,66087.3434,62421.8189,57515.359800000006,72066.27445000001,68155.01495000001,63533.12715
2025-04-03,39559.219300000004,35649.974799999996,35836.1241,33853.60015,29523.461649999997,29596.126449999996,36955.53599999999,32843.418,34097.511549999996,30843.90615,27555.70014999999,27162.72295,32877.102750000005,28965.843249999994,27948.547399999996
2025-04-04,32789.58465,30235.156150000003,30390.299399999996,23288.16520000001,19378.920700000006,19922.91725,18842.23649999999,14748.365,15793.354099999995,24367.607100000005,20984.040599999993,22970.752849999997,25436.590799999998,21835.7178,23834.204999999998
2025-04-05,71342.63269999999,67710.19320000001,67623.9344,33626.389800000004,31071.9613,34585.1222,50415.1494,46408.52939999999,47656.2037,60871.498700000004,57490.3377,56805.7384,59788.8667,56192.3227,57342.37490000001
2025-04-06,46331.500700000004,42066.67420000001,42285.14865,35088.511900000005,31456.0724,31566.1433,41587.034600000006,37677.7901,37630.179,36960.06189999999,33538.801900000006,32988.418699999995,38423.3407,35048.3362,35048.3362
2025-04-07,27678.051600000006,24590.8291,24957.0077,20400.061199999996,16135.234699999995,17254.03719999999,24919.794599999997,20807.6766,21315.622549999996,23287.367850000002,19912.36335,20890.0401,24807.01445,21208.54695,21747.739700000002
2025-04-08,26368.8675,23965.411500000002,24046.1351,23711.940149999995,20624.71764999999,22136.431699999997,23100.371099999997,18988.253099999994,20574.92474999999,23833.53655,20622.873049999995,21233.3765,24721.65885,21646.459349999994,21719.094299999993
2025-04-09,21178.343249999998,20112.96075,20162.813,19130.336799999997,16726.88079999999,17479.616899999994,11662.266599999999,7550.148599999994,9325.116799999996,14158.0531,11111.706099999994,11619.275899999995,15440.869849999992,12316.980349999996,13442.093449999997
2025-04-10,28286.661400000005,25105.9684,25305.769349999995,22042.36875,20976.986249999998,20652.796499999997,22895.469449999997,19523.921449999994,20798.662599999996,25269.921700000006,22383.080199999997,22542.007599999997,26778.148400000002,23932.3564,23894.475099999996
2025-04-11,25713.678499999995,22735.858999999997,22944.4532,21199.55585,18018.862849999998,18730.811649999996,23905.68765,20534.14415,20890.9366,22647.995499999997,19272.990999999995,19569.81125,23409.2229,20070.4324,20780.8828
2025-04-12,39804.3628,36753.2048,36758.0334,28383.5422,25405.722700000002,27775.103550000003,36119.83755,32667.290549999994,33253.5822,37393.5329,34493.255900000004,33510.3781,37581.473099999996,34535.126099999994,34044.78690000001
2025-04-13,30418.195249999997,26819.34175,26979.409,7600.899000000001,4549.740999999998,4597.046199999998,12884.32285,9906.503349999997,12011.785449999998,17562.821799999998,14799.898799999997,14786.985899999998,16239.40945,12750.344949999999,12131.8501
2025-04-14,25665.7408,22783.7103,22960.0889,6784.477050000004,3185.62355,4717.4714,17421.49925,14851.836749999997,15285.011550000001,21220.6702,18338.639699999992,19224.830399999995,15550.490549999997,11641.246050000002,13459.823550000003
2025-04-15,21824.393799999998,19624.712799999994,19668.279549999996,9030.715049999999,6148.684549999996,8582.053899999999,11121.883299999998,8620.025299999994,9779.908749999999,17275.695850000004,14901.96035,15505.528599999996,17598.902899999994,15399.221899999997,15399.221899999997
2025-04-16,23978.268600000007,21228.361599999997,21759.1875,14968.2381,12768.5571,13204.103099999998,20341.37025,18121.34525,18283.064799999996,18791.694000000003,15564.200999999997,15586.119699999997,19494.244,15584.99949999999,15164.727399999998
2025-04-17,28023.542400000002,25098.3804,25324.930700000004,21894.466650000002,19144.559649999996,19204.541149999997,23959.053200000002,21221.9122,20720.154749999994,21361.550399999993,18192.880399999995,17563.649900000004,25126.1722,21360.9827,22130.3787
2025-04-18,23007.858850000004,20801.53935,20961.02435,20742.3157,17817.153699999995,18140.401249999995,21803.415600000004,18727.854600000006,19502.987650000003,20533.39035,19253.10685,19031.0147,21544.4506,19267.227099999996,18893.039999999997
2025-04-19,36852.08145,33641.41795,33756.286799999994,28979.166449999997,26772.846949999996,22150.283399999997,30235.604499999998,27257.784999999996,25614.336149999996,28292.302799999998,24527.113299999994,23289.967999999993,29425.14,25832.924999999996,25182.183299999993
2025-04-20,23605.0608,20882.564799999993,21256.43395,18800.771350000003,15590.107849999997,16551.473999999995,20667.894399999997,17904.971399999995,19314.606849999996,20578.62825,17856.127749999992,17952.275149999998,22162.399099999995,19444.709599999995,19815.331799999993
2025-04-21,21278.9246,20020.0406,20209.851599999998,15297.8004,12575.304400000003,16727.436299999994,15207.741400000003,12827.367399999997,13867.34375,16790.968149999993,14417.232649999998,14417.232649999998,19728.5789,17528.897899999996,17528.897899999996
2025-04-22,25359.701049999992,22584.755049999992,22765.892999999996,20588.235999999997,19329.352,19728.2725,22837.86135,20620.36235,21008.8455,22875.785449999996,20659.727949999997,20415.0824,23368.3879,20597.4094,20774.7613
2025-04-23,25768.0204,23244.039899999992,23604.677749999995,22897.871550000003,20122.92555,20386.631699999998,23883.633400000006,21330.675399999993,21173.136799999997,18707.103000000003,16504.028,17116.48705,23525.930700000004,21140.292699999998,21227.212100000004
2025-04-24,18751.64495,17041.56845,17295.864349999996,16334.753299999997,13810.772799999997,15373.604599999995,16281.602349999997,13723.447349999995,15112.98935,16856.972650000003,14298.813149999996,14638.554649999998,16217.851699999997,13445.311199999995,15093.9473
2025-04-25,28135.314899999998,25145.467899999996,25191.979549999993,21725.9879,20015.911399999997,20239.674799999997,24194.870799999997,21660.3088,21174.7405,26354.8708,23637.181299999997,23587.433899999996,27585.493199999997,24838.975699999995,24603.9159
2025-04-26,24774.2056,22216.566099999996,22307.6236,22990.53755,20000.690549999996,20080.905699999996,22498.7724,19940.612899999996,18991.002099999998,19839.008900000004,17512.7339,18395.57855,21005.663700000005,18109.7157,17057.616
2025-04-27,51342.601,47613.644499999995,47644.946599999996,30510.2675,27952.628,27001.2411,27454.919899999997,25227.803399999997,19566.900049999997,39537.5507,36491.2037,36491.2037,46716.416549999994,43341.41205,40489.3683
2025-04-28,35583.038,31836.094999999998,31976.501699999997,24795.963049999995,21067.00655,22110.1247,31515.025999999998,28468.679000000004,27460.775,25989.703900000004,22943.3569,21626.022749999993,32984.0655,29074.82099999999,29035.5583
2025-04-29,27326.270399999994,24145.211399999993,24358.199349999988,24336.7646,20589.821600000003,20934.782099999997,26439.41345,23223.938949999996,23269.10589999999,23261.5189,20215.171899999987,19633.222899999993,26266.690599999994,23210.605600000003,23210.5663
2025-04-30,24509.08765,21251.300649999997,21693.0241,22520.2462,19339.187199999997,19099.825249999994,20587.49035,17376.826849999998,18370.587599999995,20146.3378,17099.990799999992,17481.065799999997,21661.424000000006,18598.24749999999,19229.313249999992
2025-05-01,23759.358549999997,21206.010049999997,21378.972650000003,19501.789300000004,16244.002299999998,17816.755549999998,22449.5547,19344.7797,19533.768899999995,22236.7638,19190.4168,19504.86225,22300.518899999995,18973.389900000002,19913.086649999997
2025-05-02,27510.66075,24115.066749999998,24245.5048,23760.181849999997,21206.833349999997,20808.647649999995,23028.9303,19924.155299999995,19919.882099999995,23698.858299999996,20652.5113,20645.197299999996,24794.089249999997,21250.019750000003,21276.382499999996
2025-05-03,30234.8929,26813.632899999997,26942.334749999998,13564.873149999998,10169.279149999998,8982.56065,24949.670299999998,21898.5123,21925.5294,24010.9691,20964.6221,20964.6221,28356.5305,25050.5065,24892.26345
2025-05-04,37050.99615,32673.846649999996,33138.9504,33019.512500000004,29598.252500000002,26982.819499999998,28360.102,25149.4385,25106.20145,26039.922899999998,23289.0184,20886.688149999998,31410.5527,28528.5222,28969.9035
2025-05-05,19018.052799999998,16633.349799999996,16987.823999999997,6002.655150000006,1625.505649999996,4886.438949999998,11504.247850000003,8444.976349999999,9383.841299999996,6782.376550000001,3378.158049999999,5701.702199999999,10496.54205,7635.212549999996,10827.806699999994
2025-05-06,27027.5363,23836.743799999997,24072.1538,21857.115899999997,19472.412899999996,20174.532,24273.75395,21219.29345,21221.014999999996,19948.02055,17318.551049999995,17964.290999999997,25323.217149999997,22637.928149999996,22488.252
2025-05-07,30140.834950000004,26960.137450000002,27146.466849999997,28495.2084,25304.415899999996,25624.620700000003,29119.897350000007,25904.422850000003,25397.62665,26505.312499999996,24066.510499999997,23917.334349999997,28083.579049999997,25574.629549999998,24937.884499999996
2025-05-08,29783.276900000004,26721.7829,27160.485800000002,26701.4135,23520.715999999993,24406.35265,27124.482300000007,23862.3328,24652.81205,21998.2248,18947.066799999993,19418.774100000002,24834.606850000004,21988.814850000002,22240.3837
2025-05-09,28277.1567,25610.9822,25860.7428,16302.613600000002,13241.119600000002,14956.491299999998,24259.756950000003,20997.607449999996,19331.11595,24186.278249999996,21083.12775,21139.922399999996,26076.623699999996,23136.1652,23745.663999999997
2025-05-10,24812.10065,21930.070149999996,22047.408149999996,21847.126500000006,19180.952,19933.266900000002,19850.50395,16475.499450000003,16745.841200000003,22052.5968,19170.5663,19112.437749999997,23131.024999999998,20084.677999999996,20084.677999999996
2025-05-11,28450.903199999993,25039.3812,25039.3812,19577.726499999997,16695.695999999996,17837.543299999998,20509.8596,17252.5211,19608.2285,16935.9425,13881.481999999998,13857.7967,22596.0806,19338.742100000003,19870.0135
2025-05-12,25070.418050000004,21642.519549999997,22002.936899999993,6317.356699999996,2905.834699999994,2905.834699999994,18123.358449999996,15736.731949999998,16236.772799999999,22649.5146,20096.166099999995,20192.331199999993,20259.6086,16455.862099999995,18149.2863
2025-05-13,31296.650749999997,28233.474249999992,28404.683750000004,24777.875799999987,21349.9773,20027.4257,29347.45145,26650.04795,25284.710100000004,29390.129800000002,26286.9793,26241.117499999997,29753.005750000004,26154.538249999994,26591.021899999996
2025-05-14,19746.116550000002,17833.166549999998,17970.039699999998,15206.347450000001,12143.170949999998,13484.222649999996,14829.218899999996,12131.815399999994,13108.084499999997,14306.22735,11203.076849999994,11383.965999999997,13251.2814,9748.174399999996,10605.340999999997
2025-05-15,24603.927499999998,22404.246499999994,22524.71585,20133.61185,18220.66185,18532.647249999998,16142.260849999997,13760.445349999995,15786.848699999997,12405.185099999999,9358.8381,12763.318449999999,11634.502149999998,7889.964650000002,10644.375899999997
2025-05-16,31813.18999999999,28753.9185,28790.57695,19099.0371,16899.3561,17735.9949,25475.828199999996,23269.5087,20738.28275,27607.480699999996,24396.817199999994,24589.48275,29289.7028,26010.8733,26439.28545
2025-05-17,40816.3687,37605.7052,37605.7052,34809.7883,31750.5168,32245.692249999996,34818.25865,32100.56915,27277.557,39281.693499999994,36178.543,36058.6509,37858.010650000004,34647.34715,34647.34715
2025-05-18,32650.423200000005,29586.224700000006,29595.331499999997,30429.651650000003,27218.98815,27218.98815,31249.808300000004,28532.118799999993,26904.60775,30737.832249999996,27585.991749999997,27945.818399999996,30228.5658,27182.2188,27928.7232
2025-05-19,24981.4383,22109.980300000003,22429.789900000003,22482.740550000002,19418.542049999996,19447.270299999996,24092.04185,21210.01135,21281.932500000003,24706.778400000003,22153.429900000003,22274.6947,23908.2959,21145.3729,20807.762
2025-05-20,24174.261499999997,21619.83299999999,21753.5619,20999.18215,18127.724149999995,18155.374899999995,21835.066,18953.03549999999,19431.978799999997,22389.113899999997,19342.766899999995,20326.005649999992,22075.512650000004,19188.671149999995,19506.65975
2025-05-21,29340.9255,26294.5785,26574.15955,23654.12435,21099.695849999996,20475.3292,27236.741100000003,24354.710600000002,24097.652850000002,25978.402100000003,23946.1616,23946.1616,26078.051999999996,24041.000500000002,22944.612
2025-05-22,21889.1115,20195.869,20585.6394,17231.6089,14185.261899999996,15457.315599999996,18230.975,15282.007999999998,16104.844999999992,20448.583250000003,18066.76775,18557.242399999996,19165.128200000003,16199.331699999999,19119.457099999996
2025-05-23,19450.98635,17544.52985,17929.63855,18241.048499999997,16547.805999999997,16795.7463,17127.6085,14081.2615,14258.092100000002,18459.51025,16585.11725,16352.068099999999,16486.248999999996,13994.128999999995,14757.385799999996
2025-05-24,34050.49510000001,30031.327599999997,30406.609599999996,6703.78385,4797.32735,3314.64245,15489.63745,12607.606950000001,12428.01935,13493.1663,10298.0448,13408.69995,25507.414449999997,22761.32095,22870.702149999997
2025-05-25,29166.759,24906.6715,25138.905,22209.64845,18190.480949999997,19295.5596,20785.230799999998,17884.953800000003,15508.083799999999,22360.218999999997,18668.2765,19809.112350000003,24082.6332,20317.404200000004,20795.918400000002
2025-05-26,39977.86734999999,36010.710349999994,36194.6398,28761.770300000004,24501.6828,25466.1502,32272.30955,29169.159050000002,28840.6956,27277.37795,24337.463949999994,24537.909199999995,34508.5249,30949.7034,31439.331899999997
2025-05-27,39975.45125,37090.923749999994,37256.44055,3662.107149999994,-305.04985000000715,-871.8316000000043,971.0899000000027,-2440.432099999999,2337.885400000001,36956.5119,34327.04239999999,34474.6074,35949.65824999999,33579.86575,33602.9299
2025-05-28,21684.0846,20326.7116,20412.57125,12343.521649999999,9458.994149999999,10594.057349999997,14849.53325,11783.054249999996,13728.961899999998,15061.972550000002,11775.781549999998,13615.656999999997,16597.310699999995,13323.142700000002,13655.829849999998
2025-05-29,46706.2627,42418.821200000006,42396.055400000005,15521.8063,14164.4333,13387.5965,27005.0801,24587.3786,22563.309999999998,35753.974449999994,32650.823949999998,32348.555700000004,38946.823749999996,35726.42225,34813.71115
2025-05-30,30374.95175,27315.680249999998,27466.421899999998,17280.290400000005,12992.8489,13424.065700000003,19320.6902,15467.356699999997,16571.3315,26401.3703,23771.896299999997,23237.3496,24807.915149999993,21963.544649999996,23921.3404
2025-05-31,45552.8229,41829.68490000001,42028.4158,16923.47715,13864.205649999996,12301.728799999997,30476.4712,26838.029699999996,26963.6779,34460.89095,31212.480450000003,29976.004999999997,43092.5858,39786.5618,38319.056749999996
2025-06-01,41354.704,37408.9755,37514.4563,32752.408500000005,29029.2705,30160.5043,33460.4765,29971.050500000005,31095.5817,33030.21385,29240.534349999998,28994.1889,37983.454,34434.370500000005,34540.011000000006
2025-06-02,24957.213000000003,21818.629499999995,22093.872799999994,1011.2073999999998,-2934.5211000000018,-2228.943400000004,6302.6214,3238.4228999999978,4609.739499999996,12855.806,9818.802,11063.959899999998,17211.127500000002,13445.938,13517.141599999997
2025-06-03,44004.5987,39530.4927,39409.9258,17861.4427,14722.859199999999,9258.4198,37995.33465,35143.74315,32905.1263,42303.0897,38175.8247,38392.44325,42167.4004,37739.100900000005,37887.8889
2025-06-04,43099.69915,39000.41864999999,39129.68275,31938.295399999995,27464.1894,32212.0771,31912.157700000003,28500.635699999995,31622.665350000003,31445.480600000003,27712.604599999995,30748.403599999998,35105.95285,30996.240349999996,32314.12535
2025-06-05,30326.862800000006,27953.1273,28101.287900000003,22657.03105,18557.750549999997,19267.036650000002,17596.516650000005,14028.318649999996,13350.045049999997,23502.278,19737.08849999999,20383.85905,24206.439800000007,20614.224799999996,22127.321099999997
2025-06-06,38458.64445000001,34724.293450000005,34835.6823,26789.38075,24415.64525,24590.505100000002,24658.449850000008,20954.488849999998,22206.326,24838.07985000001,21774.90335,22268.260299999994,23636.704450000005,20573.52795,21024.042799999996
2025-06-07,25077.461049999998,23038.15355,23148.9937,16851.828549999995,13117.477549999994,13807.369849999997,20886.703800000003,17182.742799999993,18314.440049999997,22081.571299999996,20039.568299999995,21570.016300000003,21930.352450000002,19724.03295,20242.250500000002
2025-06-08,50708.89675,47208.055250000005,47176.78,-873.1122000000005,-2912.419700000001,394.11525000000097,14743.0267,10996.0837,14785.182649999999,42009.207599999994,39369.1566,33346.3335,40772.9976,37505.9211,35409.811
2025-06-09,26052.154649999997,22563.090149999996,22880.013099999996,-10480.082649999995,-13980.924149999997,-6425.655900000006,15978.306100000003,12370.944099999997,13311.308799999993,17603.026300000005,15403.345299999995,15062.0026,18304.605000000003,16104.923999999999,15552.495
2025-06-10,35184.70085,32099.551349999998,32106.77325,12447.381450000003,8958.316950000004,7984.097150000002,31639.55975,27980.38375,27832.87685,31458.415850000005,28033.64135,27541.3128,30988.664000000004,27544.384500000004,27953.679550000004
2025-06-11,22104.124900000003,19758.976400000003,20222.29965,17881.929900000003,14796.780400000001,14876.61385,16566.29645,13152.10345,14808.626100000001,17703.900950000003,14638.077949999994,14668.560649999996,18594.689100000003,15702.945099999999,15835.4286
2025-06-12,27968.61155000001,25104.582049999997,25410.965900000003,23874.438350000004,21529.28985,21010.182999999997,15761.415400000002,13107.899899999997,13373.827,17394.619850000003,13294.134349999997,13736.489050000002,18766.63835000001,14630.478850000001,15678.2816
2025-06-13,45287.32840000001,41544.7144,41721.90955,22907.51575,20043.486249999998,19448.362399999998,33353.905249999996,30376.090249999997,22381.711599999995,41280.83855,38209.54855,38248.397549999994,41507.51245000001,38280.01944999999,38567.71105
2025-06-14,57281.632999999994,53699.994999999995,53719.8479,43514.205400000006,39771.59139999999,40472.78624999999,42475.13495,39235.61895,36018.193,48917.7516,45854.575099999995,44203.02425,52921.019400000005,49874.672399999996,49874.672399999996
2025-06-15,36579.497350000005,33368.833849999995,33451.210849999996,31946.8147,28365.1767,28493.169349999996,33323.6509,30249.714399999997,29772.9821,32720.58725,29481.07125,29624.820699999997,34320.6704,31274.323399999997,31887.8268
2025-06-16,32508.302799999998,28743.113299999997,28819.697299999993,15583.875899999997,12373.212399999999,13763.911999999998,24901.607749999996,21732.937749999997,22037.6027,22917.52165,19513.30315,20868.750050000002,23770.8379,20271.673899999998,21166.616899999994
2025-06-17,34745.08975000001,31029.105749999995,31426.731649999994,25997.872500000005,22232.682999999997,22647.010749999998,31582.040499999996,28307.872499999998,27809.869499999993,30288.2956,27011.481099999997,27677.027,31476.1959,27772.234900000003,28392.252399999994
2025-06-18,29478.8255,27156.8795,27385.888700000003,24958.597550000006,21242.613550000002,23419.869849999995,28225.813399999995,25174.655399999996,25182.843499999995,27499.9984,24289.334899999994,24813.43499999999,27977.3131,24756.9116,25081.059399999995
2025-06-19,26104.649299999997,23559.028299999998,23897.1773,25044.0616,22722.115599999994,22656.942049999998,22614.300900000002,19452.7224,19915.9263,23565.225049999997,20867.82155,20790.673499999994,22449.8716,19567.841099999998,20529.237999999998
2025-06-20,28614.7931,25422.077099999995,25576.724749999994,23007.4905,20461.8695,22130.0403,22043.838299999996,18828.363799999996,19969.726649999997,24656.16135,21475.468349999996,21731.701800000003,26068.004899999993,22818.3894,24437.2318
2025-06-21,24773.869000000002,22751.366499999996,22826.797549999996,10292.254500000003,7099.538499999998,9257.38955,14510.341900000001,11463.994899999994,12471.62795,13743.7387,10775.295699999999,14969.9595,15735.510200000002,12689.163199999997,14605.765649999998
2025-06-22,68848.79310000001,65051.5051,62789.11455,30450.9035,28428.401,26949.1063,34509.4461,31617.677600000003,27058.5009,49752.7808,46336.4478,45269.665,61505.939900000005,58094.41790000001,58094.41790000001
2025-06-23,42981.2409,38538.1514,38872.415250000005,28218.3067,24421.0187,31277.632350000003,36999.664099999995,33953.3171,32064.4724,36427.727,32838.3525,32903.771799999995,37851.0286,33741.316100000004,35430.6041
2025-06-24,47134.362700000005,43189.6852,43190.3396,29840.365800000003,25397.276299999998,28563.76685,34092.649699999994,30881.9862,31005.572100000005,41837.4164,37710.151399999995,37175.3606,44087.0789,39748.0414,39523.94715000001
2025-06-25,37035.523949999995,34278.61244999999,34459.525799999996,31887.42820000001,27942.750700000004,27959.622300000003,31612.12725,28730.09674999999,28730.09674999999,30729.823900000003,27998.1924,26146.205100000003,31624.308100000002,29424.62709999999,29424.62709999999
2025-06-26,43961.2601,40740.8586,40797.12025,31046.11785,28289.20635,28418.123050000002,38760.3795,35714.0325,35722.722799999996,42538.860649999995,39418.88064999999,39129.798599999995,41263.4614,38155.499899999995,38153.221699999995
2025-06-27,39442.4761,35776.9516,35967.45339999999,28622.795349999997,25402.39385,24446.6604,29612.304099999998,26553.0326,26588.941899999998,31072.056300000004,27707.6043,28640.068750000002,31120.87605,27621.68305,30510.2134
2025-06-28,48172.0692,43703.2362,42363.3616,36562.043,32896.518500000006,31902.4436,44798.9099,41367.91189999999,41299.812600000005,42501.752649999995,38582.89065,38586.235550000005,42568.02085,38647.14385000001,38086.03845
2025-06-29,42883.213500000005,39473.610499999995,39669.2721,-17440.226349999997,-21909.05935,-15017.4804,-7856.789449999998,-11771.442950000004,-6296.69035,12579.547049999997,9499.806549999996,18989.819349999998,10268.9512,7842.355199999999,12401.775849999998
2025-06-30,48827.8622,45941.025200000004,46277.96500000001,18728.60755,15319.004549999996,20764.603150000003,40355.9706,36613.3566,38105.42619999999,40244.33640000001,36832.81439999999,37010.33565,40458.0367,36980.9952,37653.76869999999
2025-07-01,57483.23460000001,53904.937099999996,54127.60489999999,55583.426199999994,52696.58919999999,52840.45405,52920.26250000001,49431.198,51010.683,50178.837999999996,47614.435,45743.94695,47745.877349999995,45564.44285000001,44192.865249999995
2025-07-02,20181.285849999997,18364.96385,18546.422249999996,12316.082800000002,8737.785299999996,10600.928799999994,13230.4331,9943.880599999993,11098.6325,15449.512299999995,12788.356299999996,13299.020099999998,15420.9533,13030.841299999998,13281.4695
2025-07-03,23666.424150000006,21413.213149999996,21499.49885,19176.40625,17360.084249999996,17684.858799999998,18376.692449999995,14977.400949999997,14504.822699999999,20532.954299999998,17429.803799999994,18026.639600000002,20512.9334,17398.420400000003,18065.765099999997
2025-07-04,48823.1895,45409.66949999999,45410.39009999999,29090.160750000003,26836.94975,24573.73865,44252.8129,40978.6449,31984.498700000004,45754.7116,42343.1896,42210.8281,44625.4011,41240.6831,41555.79295
2025-07-06,22559.61505,20527.37455,20900.7931,9766.792449999997,5369.199449999993,8753.938549999995,17498.139649999997,14240.801149999998,16561.579850000002,18862.282400000004,15261.409399999999,17722.0789,19000.754950000002,16446.326449999997,18333.2537
2025-07-07,42849.5726,39438.05059999999,39438.05059999999,21338.10635,19305.86585,17993.071299999996,40563.2938,37151.7718,35850.7228,41848.0322,38436.510200000004,38436.510200000004,41298.738099999995,37539.0826,38779.8867
2025-07-08,26803.708000000002,23517.517,23767.29885,22737.532099999997,19326.0101,19326.0101,23127.1554,19715.63339999999,20297.89955,24720.6859,21487.7839,19916.607649999998,24635.769600000003,21361.6016,21316.1844
2025-07-09,22501.555999999997,20378.159,20461.283649999998,19032.346749999997,15746.155749999998,16408.29565,18374.7926,14963.270599999998,15529.463749999999,19242.58405,16689.23555,17253.894500000002,19268.5527,16720.5217,17420.6235
2025-07-10,23604.317299999995,21498.111299999997,21791.850899999998,21914.9031,19791.5061,20314.747149999996,19168.425399999993,15756.903399999997,15890.818499999994,19506.4384,16295.774899999999,18055.388549999996,20450.207,17568.176499999998,18669.714199999995
2025-07-12,26663.720999999998,23763.444000000003,23947.2341,25564.49065,22846.80115,21634.515399999997,25626.310899999997,22579.963900000002,22866.7512,25249.572350000002,22367.541849999994,22070.02865,25562.281700000003,22515.9347,22515.9347
2025-07-13,27206.199650000006,23831.19515,24360.65405,24081.171599999998,21180.8946,21407.1604,23893.89505,21011.864550000002,20425.257,21606.692900000002,19507.1009,19091.899399999995,26179.098700000002,23468.625700000004,22935.717600000004
2025-07-14,20590.23,18098.109999999997,18296.9971,12888.7859,9513.781399999996,12438.376249999994,17385.455499999996,14339.108499999993,14102.290299999997,17386.499749999995,14175.836249999997,14258.407299999995,16488.883250000006,13602.04175,13833.630499999996
2025-07-15,27161.386100000003,24781.0121,24885.550150000003,22088.286,19596.165999999997,20533.027899999997,24156.5396,21438.8501,20136.841099999998,24658.19575,21447.53225,21607.074599999996,20993.412600000003,18363.943100000004,17113.3212
2025-07-16,27441.63725,24382.365749999997,24800.654799999993,18353.0231,15972.649099999995,16134.7687,21157.5208,18604.1723,19607.5504,26394.308699999994,24194.627699999997,24194.627699999997,26477.247199999998,24277.566199999994,24277.566199999994
2025-07-17,20167.267499999998,18299.367999999995,18598.682549999998,16490.96315,13431.691649999999,14762.351549999996,17667.85475,14823.479749999997,16760.173949999997,19262.2508,17230.010299999998,17469.95955,19346.899299999997,18010.925799999997,18179.5553
2025-07-18,19861.2227,18375.6602,18551.0812,16831.8863,14963.9868,17447.351599999998,16803.275049999997,14085.585549999996,16156.874499999998,17368.0732,14809.913699999997,16285.012399999996,17103.5787,14762.156699999998,16759.50235
2025-07-19,20087.013700000003,18054.773200000003,18211.625999999997,17061.63,15576.067500000001,16713.88205,17634.329400000002,15253.9554,16246.80345,18971.684850000005,16694.461349999998,17139.317049999998,18817.923600000002,16437.5496,16546.9981
2025-07-20,22006.39185,20308.338349999998,20647.00095,17285.279349999997,15253.038849999999,16928.464399999997,17236.49925,15195.364249999999,17633.564999999995,16277.341699999999,13955.395699999995,17802.276999999995,14360.248099999995,11515.873099999993,15361.554299999996
2025-07-21,18826.153499999997,16626.4725,17113.470050000004,15237.169499999998,13539.115999999998,15394.09995,16517.138,14813.555,16723.48075,16196.8854,14332.1099,16322.096049999998,18295.6975,16096.0165,16321.9195
2025-07-22,21449.266000000003,19249.585,19249.585,19629.2348,17429.5538,17984.780549999996,17588.202599999997,16068.412099999998,17783.43955,17014.825399999998,15326.389399999998,17325.981999999996,19804.021099999998,18115.585099999997,18112.499900000003
2025-07-23,24471.597799999996,21907.19479999999,21980.761549999996,20407.4945,18207.813499999993,18207.813499999993,22374.2837,20888.7212,20158.266,21395.5749,20397.996899999995,20382.733199999995,22309.66955,20826.51255,20529.3573
2025-07-24,20203.4573,19210.8063,19213.8415,17130.481050000002,14566.078049999998,15442.583250000001,19886.555099999998,18606.2716,19100.211599999995,18102.923499999997,15921.489,17564.7762,18776.0772,16758.983699999997,17564.9202
2025-07-25,22096.248750000006,19763.12325,20159.926999999996,20149.3773,19156.726299999995,19156.1075,20322.2693,19041.985800000002,19244.0785,20596.177000000003,17695.9,18827.7125,20562.163300000004,18180.3478,18617.45755
2025-07-26,19141.6852,17658.528199999997,17879.156049999998,11120.909650000001,8787.78415,13605.207099999998,16974.829749999997,15694.546250000001,16693.697,15053.67805,13021.437549999997,16403.89815,15371.3802,13165.060700000002,15776.994899999998
2025-07-27,18920.978149999995,17439.74465,17794.052,17285.9364,15802.779399999996,16786.780799999997,18097.60755,16817.32405,17319.932,17408.091850000004,15226.65735,16196.3344,13592.423799999999,10748.048799999997,14018.484499999997
2025-07-28,18953.911,16931.408499999998,17382.1238,16691.4755,15210.241999999998,15268.705500000002,18360.883499999996,17092.2615,17369.8675,16568.342800000006,14368.661799999998,16483.4878,17054.848599999998,14855.1676,14855.1676
2025-07-29,23916.351349999997,21392.370849999992,21602.117499999993,19358.85475,17336.352249999996,20463.5146,21699.308999999997,20633.926499999998,20434.8575,21272.5155,20284.675499999998,20284.675499999998,21735.5903,19535.9093,19754.08455
2025-07-30,20225.4254,18527.251399999997,18795.6913,19048.71275,16524.732249999994,17236.418899999993,19692.647299999997,18424.0253,18483.333399999996,19620.38125,18451.39525,18477.991,19686.84695,18201.28445,18443.032249999997
2025-07-31,23978.28405,20752.473549999995,21191.807199999996,22089.342000000004,20391.168,20167.6511,21241.40175,20176.019249999998,20146.284999999996,20504.198650000002,18385.974149999995,19086.509299999998,21777.04855,19383.210049999998,19978.60245
2025-08-01,26805.24645,24107.84295,24338.506799999996,16779.53505,13553.724549999997,17989.65265,18482.0027,17213.380699999998,18561.555399999997,22337.16485,19126.50135,19350.060799999996,23766.5353,20720.188299999998,20827.5138
2025-08-02,32815.76555,29056.11005,29333.732000000004,22442.2163,19744.812799999996,18898.324500000002,20011.172,18742.549999999996,16942.034200000002,22142.6357,19942.954700000002,19942.954700000002,27381.031499999997,24943.854,23668.4048
2025-08-03,47263.715599999996,43504.0601,43608.64184999999,42489.93674999999,38730.28125,40463.9952,30956.4753,28927.358799999998,26007.010449999998,37699.63665,34817.60615,35598.17904999999,41706.516650000005,38652.05614999999,36513.80559999999
2025-08-04,34468.439450000005,30632.43545,30881.2888,20138.651200000004,16378.9957,16486.282750000002,19534.091249999998,16999.982249999997,13077.0994,32746.492,29334.771999999997,29335.999600000003,33382.3542,30076.330199999997,30076.330199999997
2025-08-05,36435.38295,32410.475449999998,32240.0526,17091.711499999998,13255.707499999999,12465.551199999998,23854.5026,20442.980599999995,21992.767099999997,26811.5892,22737.756699999998,22876.66085,27267.75545,22972.375949999998,23000.2289
2025-08-06,38282.294400000006,34355.6514,34583.981400000004,21592.657999999996,17567.750500000002,28585.655250000003,24358.228599999995,20946.706600000005,22176.902050000004,36163.72495,32919.64345,32316.7483,36332.736699999994,33058.5687,32709.3781
2025-08-07,57074.083,52531.333,52531.333,48286.56369999999,44359.920699999995,42441.8445,48953.87315,45397.69815,45041.7319,43700.194449999995,39643.98295,39147.00105,48013.0069,44086.600399999996,43936.2221
2025-08-08,39672.6896,36361.854600000006,36446.53934999999,36580.8606,32038.1106,32038.1106,37020.1195,33076.647,34493.661799999994,38083.65715,34655.305649999995,34716.5597,38062.31955,34633.968049999996,34656.144799999995
2025-08-09,50849.74999999999,47434.42999999999,47422.58499999999,47692.995899999994,44382.160899999995,43888.5138,47814.641599999995,43706.8526,45246.95515,50094.0518,46677.718799999995,46689.1314,49875.541999999994,46462.022,46454.860799999995
2025-08-10,32872.5184,29821.360399999994,29878.1139,29166.785,25751.465,25981.743599999998,29377.19319999999,25482.01569999999,26292.835699999996,30832.2236,27438.553099999994,27716.316999999995,30858.836399999993,28141.146899999996,26531.5002
2025-08-11,30716.111999999994,28403.903999999995,28617.5541,24363.0449,21311.88689999999,21893.38024999999,22679.525550000006,18774.61004999999,20240.493000000002,28983.306699999994,26783.625699999993,26783.625699999993,29138.463299999996,26938.782299999995,26938.782299999995
2025-08-12,27016.6857,24707.6017,24807.5385,20337.209400000003,18025.0014,20354.218999999997,18698.386850000006,14783.733349999995,14642.929200000004,21967.742800000004,19587.3688,21290.6364,24485.261800000004,23217.0013,23415.836499999998
2025-08-13,22312.199099999998,20105.8796,20469.468500000003,19968.2696,17659.185599999997,17673.122899999995,15367.156399999998,11452.5029,13610.787449999994,20471.198299999996,17753.508799999996,18207.04675,21247.92905,19041.609549999997,20125.642499999998
2025-08-14,23047.34445,21156.034949999997,21225.0303,19039.413099999998,16833.0936,18009.397899999996,20958.60895,17566.77494999999,18131.45215,22428.68605,20396.44555,20946.462349999998,21763.64305,20483.359549999997,20445.009
2025-08-15,21216.669,19175.534,19335.9145,20150.59545,18259.285949999998,18450.1331,19561.656800000004,16304.318299999997,17239.945099999997,20449.346399999995,18068.9724,18887.8606,20877.213300000003,18496.839299999996,18945.049099999997
2025-08-16,21309.3391,18780.186099999995,19379.222149999998,17557.017,15515.882000000001,16600.6225,15082.274049999998,12200.243549999996,13988.620099999995,19148.0367,17256.727199999998,18788.7395,14146.469399999996,11428.779899999994,13740.71415
2025-08-17,23412.9251,20859.576599999997,20878.172300000002,17121.5037,14592.350699999997,16938.647999999994,22124.00875,20101.50625,20133.455199999997,21310.143799999998,19621.707799999996,18270.597999999998,21666.134499999996,18611.673999999995,20033.1748
2025-08-18,22014.7146,19823.6626,20131.6289,15662.652799999996,13109.304299999996,14209.802449999996,20097.8744,18409.4384,19026.77805,20612.247499999998,19546.864999999998,19632.0565,20581.937800000007,18382.2568,19118.400799999996
2025-08-19,19491.156599999995,17802.7206,18091.463600000003,15075.094400000005,12884.042399999998,14833.48045,19438.930650000002,17752.90015,17965.5781,18848.209400000003,16995.456899999997,17965.6426,17694.7919,16203.8204,17954.757
2025-08-20,24516.7093,22317.028299999998,22518.3343,21831.4223,20142.9863,20989.4529,22096.8423,20410.8118,20976.9014,20627.603649999997,17998.134149999998,18160.4334,20511.576049999996,17452.309049999996,18845.387299999995
2025-08-21,20062.7425,18011.990000000005,18353.6955,16522.048299999995,14322.367299999994,16596.512799999997,18503.987,16815.551,17756.691599999995,18615.506800000003,16415.8258,16441.562299999998,18578.04115,16163.463649999994,17392.914599999996
2025-08-22,25499.63965,22318.942149999995,22458.41375,23384.166250000002,21333.413749999996,21375.96705,22807.943,21119.506999999998,21211.7345,22247.01295,20765.779449999998,20147.4663,21743.4514,20475.1909,20747.802499999998
2025-08-23,21379.929750000003,19693.899250000002,19928.2391,16701.6221,13520.924599999997,14714.764549999996,20290.4559,18602.0199,19577.503,19566.674,18574.023,18572.303999999996,20235.8016,18344.492099999996,19164.5458
2025-08-24,21240.490149999998,18716.509649999996,19367.78015,19688.545599999998,18002.515099999997,18401.7485,19743.1382,18257.5757,18548.752999999997,19503.575249999998,18438.19275,18522.925499999998,19588.94885,17395.49135,17471.724800000004
2025-08-25,45969.889899999995,42913.804899999996,42919.594099999995,39593.1269,37069.1464,27429.26195,23801.13165,22520.848149999998,21119.648599999997,43640.7962,40594.4492,40594.4492,42827.1881,39521.1641,39842.56275
2025-08-26,32573.23945,29602.03394999999,29780.445649999998,26095.546200000004,23039.46119999999,23020.517599999992,27606.616,25060.484,25515.7733,29549.180350000002,26060.115850000002,26245.44735,30227.421550000006,26462.232049999988,26834.9848
2025-08-27,22735.764000000003,20166.096999999998,20653.383499999996,20519.411200000002,17548.2057,17643.165050000003,20418.250750000007,17667.346250000002,17334.130899999996,20143.0106,17039.86009999999,17114.645599999996,21238.793900000004,18192.446899999995,18192.446899999995
2025-08-28,20901.897749999996,19372.755249999995,19507.885099999996,18263.593200000003,15693.926199999998,16809.2922,18142.29435,15260.263849999994,14943.767249999999,16087.349299999996,13041.002299999995,13041.002299999995,17135.281049999998,13847.075049999998,14739.745299999993
2025-08-29,30400.785750000003,26471.25524999999,26707.516149999996,22818.41775,21289.27525,20719.334149999995,26832.089749999992,23940.321249999997,24107.933250000002,25363.395400000005,22641.501899999996,21708.335699999996,27303.570699999993,24136.5787,23609.460399999993
2025-08-30,21208.224349999997,18446.470849999998,18712.757849999998,5781.287950000004,1851.7574499999982,3186.1234999999992,15360.080500000004,12296.903999999999,13206.3344,19473.576999999997,16913.290999999997,17065.7481,17531.4972,14485.1502,15762.398699999998
2025-08-31,41078.3407,36767.0177,37079.87715,14979.684099999999,12217.9306,9680.055199999999,27294.294899999997,24395.4349,21634.821549999997,34130.35415,30351.222649999996,30293.652099999996,30518.975500000004,27098.844499999996,27166.574999999997
2025-09-01,44477.246100000004,40207.035099999994,40305.39874999999,40491.6915,36180.3685,36030.43885,39915.35055,36519.75655,34398.86715,41531.150949999996,37619.891449999996,37248.576649999995,44049.30305,39955.431549999994,39792.64874999999
2025-09-02,22166.011899999998,19960.5359,20352.528449999998,12759.129200000001,8488.918199999996,9322.08514999999,15725.967999999999,12125.094999999994,12183.208299999995,16273.098349999997,13213.826849999998,14284.671999999997,16804.953550000002,13960.583049999996,14897.319399999993
2025-09-03,25385.298250000003,22610.352249999993,22908.020299999996,16391.12885,14185.652849999999,17630.32135,20648.759749999997,17250.760250000003,18343.62589999999,17753.5683,14650.417799999992,15233.877799999995,21286.641499999998,18308.821999999996,19629.566499999994
2025-09-04,24240.488599999997,21170.4861,21492.134749999997,20910.464349999995,18135.51835,19240.7042,17377.025900000004,13832.956400000001,13810.621099999995,19526.981250000004,16282.899749999999,15662.78745,19219.6965,15801.535999999998,17127.858449999996
2025-09-05,26229.2838,23275.510299999998,23476.239299999994,16506.657399999996,13436.654899999998,12543.207599999998,21741.989499999996,17735.369499999993,20141.037149999996,24984.298499999994,22774.879499999995,22782.209299999995,24793.579299999998,21839.8058,22688.109399999998
2025-09-06,38737.3039,36023.692899999995,36251.4114,-7391.9936,-10345.767100000005,-8510.63635,31470.370500000005,27869.4975,31149.709499999997,35263.554599999996,32363.277599999994,31697.810099999995,36196.666750000004,32986.00325,32698.2091
2025-09-07,33561.45875,29807.18325,30092.1339,-10030.076999999997,-12743.688000000004,-7977.535600000001,25018.5711,21837.878099999998,20756.9846,27101.3865,22755.016499999998,23328.187100000003,27120.93305,23025.977049999998,22788.809350000003
2025-09-08,61775.07809999999,58071.117099999996,58132.58430000001,47584.95975000001,43830.68425,46541.190449999995,52545.7348,49425.754799999995,48718.14109999999,57927.37254999999,54523.51555,51619.7775,61399.03375,57692.667250000006,57104.37305000001
2025-09-09,24156.816899999998,21608.7904,21998.602,21172.2925,17468.3315,17683.930000000004,22643.761150000002,19523.781149999995,20521.29915,22481.165050000003,19783.761550000003,20659.0179,23289.824499999995,20726.737999999998,21462.702549999998
2025-09-10,35354.22165,32127.420649999996,32227.173249999996,32325.576950000002,29777.550449999995,26901.739350000003,33157.3309,30033.441400000003,31286.355949999997,26575.803000000004,23252.949499999995,23578.81145,29706.420100000007,25630.819600000003,28305.807699999998
2025-09-11,39942.154,35317.918,35564.958549999996,36427.913499999995,33201.112499999996,33284.908899999995,37370.69355,34131.17755,33166.13355,36483.9356,32356.670599999994,32943.4277,36619.200249999994,32695.917749999997,32893.251099999994
2025-09-12,48143.632,44061.36699999999,43316.315149999995,41924.7396,37300.5036,37640.04694999999,42077.0258,38788.8198,37105.9945,44951.43089999999,40829.6954,40663.410299999996,45522.6078,41388.8493,41102.49734999999
2025-09-13,45499.49115,41900.31664999999,42055.7093,37037.59300000001,32955.32800000001,35475.465500000006,39234.7144,35636.2469,37607.14645,40432.647600000004,37158.47959999999,37676.33189999999,42344.9696,38867.9281,38197.896700000005
2025-09-14,19413.899899999997,17232.465399999997,17727.70995,-497.57820000000015,-4096.752700000005,-3129.279000000003,5711.907900000004,2007.946899999995,3069.2586999999953,11841.9035,8934.987999999998,9296.872799999997,9981.498500000002,7428.15,9553.4273
2025-09-15,35440.544350000004,31166.93485,31456.102450000002,6239.287050000001,4057.852550000001,4231.0016,30899.0535,27195.092500000002,27519.8483,29393.612199999996,25269.4712,27005.228949999997,31499.720500000003,27405.849000000002,27126.9003
2025-09-16,45384.0168,41370.078299999994,41455.49739999999,39223.519199999995,34949.909700000004,35280.7966,39548.59405,36059.52955,34956.57535,40546.33810000001,36629.6696,37546.760899999994,43319.6383,39601.2488,39487.0216
2025-09-17,33815.293099999995,30202.39709999999,30214.618399999996,17858.082499999997,13844.143999999995,14587.110499999993,28099.185,24395.224,24473.87175,28309.14955,25205.999050000002,25205.999050000002,30890.562300000005,27839.404300000002,28090.725100000003
2025-09-18,35361.2083,31872.1438,32165.79440000001,24630.764600000002,21017.8686,21066.01285,30933.380549999998,27221.60505,27145.005500000003,30422.0322,26158.0492,24451.434600000004,30896.016800000005,26575.230299999996,27006.780049999998
2025-09-19,45689.6467,42100.5557,42327.554249999994,41319.257600000004,37830.19309999999,38553.4886,41868.24610000001,38270.6221,39019.875100000005,42024.902,38530.428499999995,38984.689099999996,42592.493,38988.255,39202.91745
2025-09-20,20672.65095,18761.62445,19245.4899,-193.5444000000025,-3782.63540000001,-3220.9220500000024,-5287.225,-8891.463000000002,-8915.561700000004,12903.1748,10567.161800000002,11917.025149999998,12644.757749999999,10594.005249999998,14786.58975
2025-09-21,45038.42685,41085.21635,41418.362700000005,-4569.15945,-6480.185950000001,-1184.3035000000002,33493.06050000001,29900.845500000003,26906.76385,38971.51765,34933.12865,34978.26625,39955.00245,36030.37445,35524.82485
2025-09-22,24743.130400000002,21657.8314,21850.9585,12714.442599999998,8761.232099999997,13279.1806,22540.901399999995,18943.2774,19013.90145,21878.761799999997,18819.490299999994,19318.997849999996,22742.235200000003,19456.044199999997,19460.659099999997
2025-09-24,23812.067799999997,21252.018299999996,21498.823949999995,21772.3903,19224.359299999996,19058.304999999993,21220.618599999994,17628.40359999999,18311.125199999995,21394.645900000003,19012.8304,18284.9784,22707.071900000003,19940.422399999996,19894.10149999999
2025-09-25,26611.832900000005,24048.7464,24218.528700000003,22807.793050000004,20247.743549999996,21566.47625,20629.680850000004,17375.86135,18884.774549999995,24632.955800000003,21683.988800000003,21922.346300000005,23630.865500000004,20450.172499999993,22054.941399999996
2025-09-26,21703.321299999996,19778.352799999997,19962.670349999997,19388.953849999998,16825.867349999993,17252.254749999996,19085.3514,16119.554899999996,17864.266199999995,18779.787450000003,15505.619449999995,16294.044450000001,18637.089849999997,15253.518849999997,16613.18915
2025-09-27,21609.33325,19592.239749999997,19726.5715,17634.220999999998,15709.252499999999,15745.415899999998,19156.5403,16765.102799999997,16610.252249999998,19167.223100000003,15889.328599999992,16509.376849999997,19876.064250000003,16984.295749999997,18434.4259
2025-09-28,25770.200899999996,24284.638399999996,24284.638399999996,22303.155600000002,20286.062099999996,20380.548599999995,21798.96785,18727.677849999993,21171.396,23466.6546,21266.973599999998,21266.973599999998,22288.876600000003,20089.1956,20089.1956
2025-09-29,28683.003199999992,25920.080199999997,26038.145949999995,24630.824399999998,23145.261899999998,23145.261899999998,27623.946799999998,25230.103799999997,24124.435599999997,25347.467549999998,23861.905049999994,22406.755250000002,23957.0903,22268.654300000002,22173.164900000003
2025-09-30,26443.685699999998,23874.018699999997,24066.254600000004,25489.212700000004,22726.289699999994,22867.9579,25575.006,23229.852999999996,23532.76905,25092.183300000004,22973.1153,21866.2325,25536.996800000004,22978.239299999997,22464.17025
2025-10-01,25931.730699999993,23791.8612,23793.0064,24581.316199999997,22011.6492,22569.108500000002,24402.367349999997,22059.619849999995,22831.4744,23658.22175,20598.35225,21535.1689,24825.69505,22589.949549999998,22585.555999999997
2025-10-02,25206.06725,22309.61275,22747.589699999997,22412.536050000002,20272.66655,20306.175799999997,21168.44625,18941.32975,20119.70745,23253.67235,20478.73085,19822.560100000002,23438.341099999998,20665.805099999998,21388.15595
2025-10-03,41938.5935,38494.314,38630.52114999999,32705.698099999998,29809.243599999998,26154.7932,20369.6661,18229.801099999997,14482.99625,35282.186400000006,32540.4264,29720.01495,36974.6611,34078.7131,31028.863050000004
2025-10-04,9920.339899999999,5937.312900000001,6350.0726,4182.71545,738.4359500000002,444.16479999999933,4587.0871,1825.8510999999999,2413.1384,4567.4017,433.6431999999999,1601.9656499999996,4798.85805,455.18355000000076,1851.028700000001
2025-10-05,38088.93215,34160.33665,34852.43395,25310.139799999997,21327.1128,24941.688700000002,26010.10785,23413.603349999998,23365.57175,37027.063200000004,32688.0257,32944.3355,36714.70625,32446.081749999998,32573.747099999997
2025-10-06,35759.78140000001,33197.683399999994,33406.696599999996,27234.977850000003,23306.382350000003,27493.314999999995,29585.253,26408.522999999994,27839.4743,28029.3606,24313.37659999999,25159.958099999996,29915.377499999995,26323.162499999995,26802.681950000002
2025-10-07,29456.580649999996,27215.42615,27235.100549999996,26780.7232,24218.6252,25624.739999999998,26877.494750000005,23796.071749999996,25610.815499999997,27331.443600000002,25116.615599999997,25151.559699999998,27501.126599999996,25286.298599999995,25321.242699999995
2025-10-08,26899.49915,24138.98165,24605.585,25012.69595,22771.541449999997,22820.61945,25605.647149999997,22688.540649999995,23423.154849999995,26156.408550000004,22719.85205,22954.036399999997,26311.8705,23551.3575,23870.823399999994
2025-10-09,28531.1086,26133.905099999996,26217.4108,25002.82645,22242.30895,23940.885850000002,25952.688400000003,22986.8919,23331.199850000005,25480.988100000002,21991.923599999995,22302.303399999997,25635.6147,22146.55019999999,23790.501899999996
2025-10-10,21050.116050000004,19566.959049999998,19762.432200000003,19359.969750000004,16962.76625,17537.58035,18740.2956,15774.4991,17020.0417,17552.649999999998,14278.481999999993,15110.026299999994,19571.384000000005,16994.958,17703.5205
2025-10-11,27928.2994,25728.6184,25847.096849999998,22395.8183,20912.6613,21414.9025,23132.68915,20178.91564999999,22876.401499999993,22578.250549999997,20018.201049999996,21246.91395,22434.18275,20393.04775,22618.23955
2025-10-12,25485.191700000003,23285.510699999995,23392.039149999997,24490.4419,22290.760899999994,22122.004549999998,19100.883199999997,16359.123199999993,19520.911799999994,18101.7393,15707.298299999999,18002.56605,22138.132250000002,20652.56975,21318.27495
2025-10-13,67272.7451,65073.0641,65073.0641,57760.0137,55560.332700000006,50040.63625000001,56509.60125,54300.30275,54230.257000000005,55145.826,52946.145000000004,51527.619000000006,48166.2247,45966.54370000001,45966.54370000001
2025-10-14,36305.5588,33583.66529999999,33748.3103,34861.6118,32661.930799999995,32661.930799999995,34942.893200000006,32743.21219999999,32457.276749999997,31935.623400000004,29918.5299,30017.2018,32987.9106,30788.2296,30186.794449999994
2025-10-15,32165.155449999995,29789.134949999996,29919.436749999997,30465.269899999996,27743.376399999997,28719.699199999995,31708.807,29509.125999999997,28918.42465,31095.5431,28895.8621,26964.886599999998,31449.233100000005,29249.5521,28539.3114
2025-10-16,25651.3022,23308.5547,23565.548799999997,23644.840000000004,21268.819499999998,21290.1511,23740.3826,21540.701599999997,21533.29715,24999.3229,22799.6419,23152.8754,24867.555800000002,22667.8748,22917.7658
2025-10-17,25814.82785,23051.90485,23299.17845,24520.37595,22177.628449999997,22391.198249999998,21348.5848,19148.9038,19148.9038,24391.236100000002,22297.053099999997,21937.741499999996,24364.2676,22164.586600000002,22309.28205
2025-10-18,21256.0944,19746.041899999997,20080.4652,16793.22375,14030.300749999997,15905.66775,18821.890199999998,16622.209199999998,16622.209199999998,17691.418400000002,15336.652399999999,17031.813,17813.432849999997,15893.270849999997,18004.1474
2025-10-19,21532.9042,18986.7722,19243.409399999997,16680.03775,15169.985249999998,16533.3478,19423.0127,17223.3317,17223.3317,16111.249199999997,12389.499199999997,12849.040499999997,17435.273800000003,14363.983799999998,14910.485699999997
2025-10-20,26455.1795,24040.601999999995,24046.202249999995,17629.516949999997,15083.384949999998,16509.8498,20494.695899999995,18282.991899999997,18332.4403,24365.113699999994,22044.006699999998,22431.3775,23999.205799999996,21765.861299999997,21843.343699999994
2025-10-21,22643.207300000002,20272.571299999996,20486.59375,13024.4664,10609.888899999998,10804.445349999998,19506.454599999997,17294.7506,17816.2818,15620.189900000001,13123.2589,14849.586,17209.22035,14660.95285,15826.638749999998
2025-10-22,55638.0575,53223.48000000001,53349.49160000001,45272.39340000001,42901.7574,40887.7295,51571.48980000001,49371.8088,46093.40745,53026.02480000001,50826.34380000001,50826.34380000001,51992.884600000005,49793.20360000001,49793.20360000001
2025-10-23,18786.15735,16721.74185,17284.58645,12910.735250000002,10496.157750000002,10619.1462,14904.2072,12704.526199999998,13793.179199999999,16460.2644,13491.816899999998,14947.537499999999,17440.2555,14880.205999999995,14968.252899999998
2025-10-24,45839.0557,41853.39519999999,41896.35769999999,27202.906200000005,25138.490699999995,19465.675,27396.1295,25214.695,17663.020149999997,38554.515799999994,34950.277799999996,34036.863699999994,41814.34580000001,38222.1308,34906.764899999995
2025-10-25,28000.714050000002,24226.38905,24952.820099999997,20484.633950000003,16498.973449999998,17440.4656,19877.091800000002,17114.1733,17403.5193,25658.819150000003,21579.463150000003,22404.024800000003,25569.56985,21433.41035,22446.641300000003
2025-10-26,25983.6688,22541.409300000003,22786.559500000003,13682.001600000003,9907.6766,12228.115800000003,15818.693949999999,12650.019450000002,14752.2242,14745.251350000002,11515.868349999997,11125.115299999998,19005.2246,16793.520599999996,16778.0271
2025-10-27,44012.63085,41002.36885,40796.5686,30307.346549999995,26929.437049999997,27357.968149999997,41954.619,38884.6165,38839.07889999999,40504.0331,37068.648100000006,38097.92795,43163.503800000006,40303.9863,40621.9018
2025-10-28,39827.31165,35937.277649999996,36263.91725,34563.77725,31553.515250000004,33227.20185,35200.46875,31956.387250000003,31727.349899999997,38418.077000000005,34714.1205,35048.4374,37874.28425,34577.36675,34270.814849999995
2025-10-29,32817.19285,30380.01535,30440.552,23057.706449999998,19167.672450000002,21867.131499999992,26103.105,22859.023499999996,23816.9593,30432.8064,28126.007399999995,28767.023599999993,30485.031499999997,28275.612499999996,28337.207699999995
2025-10-30,18310.055,16964.704999999998,17138.292599999997,14419.76755,11982.590049999995,12103.904999999997,12215.826249999996,8956.597749999997,11385.060899999997,14424.8971,12225.2161,12225.2161,15937.165499999997,13737.4845,13737.4845
2025-10-31,32961.763399999996,30762.0824,30762.0824,17825.8405,16480.4905,14872.929599999996,24285.234,21200.084499999997,23912.4372,20908.06835,17088.938349999997,18702.7033,22267.668399999995,18517.36039999999,20465.585
2025-11-01,34446.6125,31041.314,31301.878900000003,18986.9757,16787.2947,16787.2947,29586.138799999993,27374.434799999995,27384.454199999993,29817.336099999997,26229.064099999996,26932.3083,28866.994300000002,25207.8183,26900.034499999998
2025-11-02,21608.9749,19296.766900000002,19574.201199999996,16450.45265,13045.154150000002,14522.294499999998,17387.683699999994,14957.959199999998,15259.927499999998,18403.4395,14699.4785,15708.009450000001,18614.0592,15124.6332,16843.16745
2025-11-03,22416.705650000004,19312.08015,19812.5923,13816.7103,11504.502300000002,11965.840200000002,18866.764499999997,16452.186999999998,16517.231200000002,17172.1411,13456.1616,15348.888450000002,18516.775899999997,14937.422899999998,16275.76465
2025-11-04,37771.264599999995,35464.465599999996,35548.295,31422.078899999997,28317.4534,30671.259199999997,36229.567500000005,33920.4835,34110.875499999995,35560.7518,33199.8538,33992.732,36025.56225,33595.83774999999,34076.47099999999
2025-11-05,26238.033750000002,24014.31125,24030.446600000003,21982.515,19675.715999999993,19969.934800000003,22369.311899999997,20157.6079,20221.1099,22703.540500000003,20494.242,20527.177,22969.942799999997,20770.261799999997,20770.261799999997
2025-11-06,23601.5335,21269.8495,21549.4312,17977.417,15753.694499999998,15876.373799999998,21807.745300000002,19596.041299999997,19580.037300000004,21430.451799999995,19230.770799999995,19230.770799999995,21142.5593,18942.878299999997,18942.878299999997
2025-11-07,23273.5132,21073.832199999993,21073.832199999993,19704.2779,17372.593899999996,18113.1697,21770.4281,19558.7241,19585.3779,22665.065849999995,20773.756349999996,19775.37805,22860.675799999997,20679.241299999998,20604.2763
2025-11-08,21461.349299999994,19608.5968,19755.7666,19493.082499999997,17293.4015,17293.4015,20704.248199999998,18492.544199999997,18497.5624,19965.9316,17656.847599999997,17864.166399999995,20496.9053,18402.722299999998,18404.1075
2025-11-09,20049.93655,18769.65305,18781.16745,18830.2246,16977.4721,18080.959599999995,17203.48670000001,14991.7827,15037.8374,17547.608999999997,15644.276499999996,15701.192500000001,17065.685999999998,14860.595999999996,15354.392849999997
2025-11-10,20880.207499999997,18863.114,19032.3905,19291.94665,18011.66315,17534.942450000002,19955.5993,17755.918299999998,17755.918299999998,20245.8235,18046.1425,18046.1425,20360.156499999997,18160.4755,18160.4755
2025-11-11,18883.1748,16701.740299999998,16864.117,15749.554650000002,13732.46115,14030.493899999998,16214.4021,14014.721099999997,14014.721099999997,17880.5325,15549.808,16093.71355,18070.036350000002,15848.714849999997,15925.025899999997
2025-11-12,30853.907399999996,28047.254899999996,28202.0942,24883.565850000003,22702.131349999996,18638.52775,29912.6415,27712.960499999994,24495.5145,26910.002899999996,24710.3219,24710.3219,27648.83,25449.149,25449.149
2025-11-13,33064.488549999995,30463.83805,30661.6318,29997.3289,27190.676400000004,27831.444549999997,30899.679799999998,28699.9988,26528.52435,31711.68825,29337.95275,30215.809300000004,32417.6298,30217.948800000002,30217.948800000002
2025-11-14,23341.9727,20961.598699999995,20961.598699999995,18966.890649999998,16366.240149999996,16831.923799999997,20988.466999999997,18788.786,18788.786,20646.540350000003,18099.68535,18987.6668,20822.994750000005,18453.202250000002,18673.004
2025-11-15,23199.7224,21000.041400000002,21000.041400000002,19882.9502,17502.576199999996,17502.576199999996,22371.7109,20172.029899999994,20172.029899999994,21617.719299999997,19418.0383,19418.0383,21845.2397,19645.5587,19645.5587
2025-11-16,23414.88455,21397.791050000003,21488.964699999997,20815.019700000004,18615.3387,18615.3387,22084.585400000004,19884.904399999996,19884.904399999996,20975.066100000004,18775.3851,18775.3851,22327.932500000003,20128.2515,20128.2515
2025-11-17,29295.48965,26451.114650000003,26717.068199999998,25100.12345,23083.02995,23577.1201,26203.856799999994,24004.175799999997,24004.175799999997,28479.86805,25742.827549999995,26026.095649999996,26985.5378,24350.654799999997,24514.4818
2025-11-18,21942.4831,19836.2771,20157.681299999997,20027.695999999993,17183.320999999996,18039.0385,20725.8869,18526.2059,18526.2059,21372.0344,19172.3534,19535.544399999995,21187.917200000004,18988.2362,18988.2362
2025-11-19,20728.0241,19039.5881,19358.182099999998,17269.9884,15163.7824,17451.82355,17948.2604,15748.579399999999,15748.579399999999,17430.463349999998,14510.473849999993,14646.454299999996,17721.4686,14958.554599999998,15372.161299999996
2025-11-20,35700.226899999994,33391.1429,33488.8417,29840.909199999995,28152.473199999997,26022.227,34179.3575,31979.676499999998,31968.92775,32655.9906,30241.413099999998,31391.8221,33061.0631,30751.979099999997,31356.5081
2025-11-21,39118.731199999995,36919.0502,36967.5107,24954.958899999998,22645.874899999995,22645.790999999997,20511.495299999995,18330.0608,20153.3053,30992.1442,28768.417199999996,28670.5712,30886.001999999997,28686.321,28686.321
2025-11-22,18218.0514,16532.0209,16947.8603,13888.193799999997,11688.512799999999,11698.885299999998,17223.723650000004,15014.425149999995,15381.60795,17355.556200000006,15155.875199999995,15155.875199999995,17569.010100000003,15369.329099999997,15369.329099999997
2025-11-23,26992.38485,23735.046350000004,23992.0876,22813.338649999998,21127.308149999997,20359.2803,19377.67735,17168.37885,18931.8139,23419.678600000007,20465.9051,20849.19615,23560.7851,21872.3491,21868.9963
2025-11-24,22859.069899999995,20659.388899999998,20659.388899999998,8913.236250000005,5655.897749999999,8349.0854,20125.73215,17934.559650000003,17924.06275,20685.2557,18485.5747,18485.5747,20919.5844,18719.903399999996,18719.903399999996
2025-11-25,39433.69189999999,37234.010899999994,37234.010899999994,16262.736800000002,14063.055799999998,14063.055799999998,34963.70670000001,32764.025700000002,31853.308199999996,38890.1837,36690.5027,36690.5027,37310.205700000006,35100.7867,35133.9527
2025-11-26,25847.7829,23290.138899999998,23554.358099999998,20012.7595,17813.078499999996,17813.078499999996,23623.9476,21424.266599999995,21508.974199999997,23805.3285,21766.594499999996,21318.528,24056.776049999997,22198.61455,20834.8016
2025-11-27,20602.590000000004,17715.1505,18021.924899999998,18361.360800000002,15803.7168,15731.71185,17367.179000000004,15157.880499999997,15001.694699999998,18305.561550000002,15897.20305,16257.8427,18418.207300000002,16206.503299999998,16233.5362
2025-11-29,20826.8024,18620.482899999995,18620.482899999995,11876.8455,9677.164499999999,9677.164499999999,15552.553000000004,13352.871999999998,14747.507699999998,10428.805099999998,8229.1241,8229.1241,10215.6015,8121.4185,10711.908800000001
2025-11-30,23598.56,21398.879,21532.047649999997,20754.42035,18548.100850000003,18548.100850000003,21926.939399999996,19727.2584,19522.436749999997,20501.1641,18301.483099999998,18301.483099999998,21402.341999999997,19202.660999999993,19202.660999999993
2025-12-01,22810.211499999998,20610.5305,20610.5305,18087.374600000003,15887.6936,15185.186149999998,21171.923599999995,18972.242599999998,18028.372349999998,21257.021249999998,18887.228749999995,19501.3015,21635.002999999997,19420.174999999996,19469.685899999997
2025-12-02,30630.2664,28430.585399999996,28430.585399999996,27428.4405,25228.7595,25228.7595,29789.9047,27580.485699999994,27612.9001,29778.63055,26934.260049999997,27644.71005,28901.76065,26337.357649999998,26970.1698
2025-12-03,25227.297849999995,22835.860349999995,22925.941499999997,22143.7416,19944.060599999997,19944.060599999997,23718.403099999996,21508.984099999998,21847.316899999998,23464.87985,20559.796349999997,20824.186199999996,24227.890999999996,21682.269999999997,22141.057749999996
2025-12-04,18211.96485,16730.73135,17009.048499999997,13970.766750000003,11579.329249999999,12510.693499999998,15715.0516,13515.370599999998,13567.615099999995,16397.838000000003,14192.747999999998,14198.2047,16348.709700000001,14149.0287,14149.0287
2025-12-05,20872.6884,19604.4279,19693.17255,14287.125399999999,12805.891899999999,14432.352499999999,13899.4603,11805.277299999996,12538.566649999997,19935.108199999995,18246.672199999994,19107.456,20483.341,19417.9585,19488.4095
2025-12-06,18164.249799999998,16475.813800000004,16604.099749999998,13494.645700000001,12226.3852,12425.190100000002,17351.9618,15152.280799999999,15726.584599999998,17145.391,14945.710000000001,14945.710000000001,17148.6573,14948.976300000002,14948.976300000002
2025-12-07,18714.890400000004,16862.1379,17100.0368,14619.309200000003,12930.8732,13867.19485,14347.183599999998,12147.502599999996,12870.193599999999,17994.1994,15794.518400000003,15794.518400000003,17658.87195,16173.30945,16791.709799999997
2025-12-08,29239.888800000004,27040.2078,27040.2078,22967.67055,21114.91805,17187.296150000002,26650.2417,24450.560699999998,20552.1448,26680.304150000004,23835.933650000003,24042.534200000002,26887.283199999998,23991.3352,24265.148999999998
2025-12-09,23857.9845,21652.894499999995,21657.881699999998,21366.367,19166.685999999994,19166.685999999994,22921.794199999997,20722.113199999996,19942.12745,20316.053799999994,17577.808299999997,19140.1656,17676.740999999998,14591.085,18200.913399999998
2025-12-10,30918.606799999994,28180.2408,28425.702700000005,25387.7555,23182.6655,23187.551,28014.651199999997,25814.970200000003,25814.970200000003,29428.0238,26153.855799999998,26160.074449999996,29429.257600000008,26155.089599999996,26110.356549999997
2025-12-11,22186.250200000002,19986.569199999998,19986.569199999998,18433.3148,15694.9488,17582.3396,20891.742400000003,18692.0614,18692.0614,19329.73225000001,16485.361750000004,17225.390000000003,19434.932200000003,16538.984199999995,17148.08395
2025-12-12,22532.40445,20323.10595,20331.9517,20265.866,18066.184999999998,18066.184999999998,21581.1247,19381.443699999996,19381.443699999996,21155.9628,18956.2818,18956.2818,21367.624300000003,19167.9433,19167.9433
2025-12-13,18143.6951,16633.6426,16828.48865,16991.72785,14782.42935,14808.5716,16836.3857,14636.7047,14636.7047,16520.840050000006,13953.06755,15303.755349999998,16438.6481,14580.486599999997,16239.174049999998
2025-12-14,27407.307,24255.625,24465.568849999996,16533.8569,15023.804399999997,12954.81175,22962.2088,20762.527799999996,20762.527799999996,24530.286199999995,22142.2427,21969.5867,25208.3888,23008.707799999996,23008.707799999996
2025-12-15,24936.6647,22736.9837,22736.9837,19735.395699999994,16583.713699999993,18402.528899999998,23549.813100000003,21350.1321,21350.1321,23551.207400000003,21351.5264,21351.5264,23706.4452,21506.764199999998,21506.764199999998
2025-12-16,21694.2161,19996.162600000003,20414.73665,18323.090799999998,16123.409799999996,16123.409799999996,19195.1835,16995.502499999995,16995.502499999995,19861.0225,17661.3415,17661.3415,19597.749799999998,17398.068799999994,17398.068799999994
2025-12-17,19034.199200000003,16940.0162,17362.408499999998,16088.983250000001,14390.92975,16023.14985,17199.9225,15000.241499999996,15000.241499999996,18360.939700000003,16508.1872,16607.5432,16483.42385,15215.163349999999,15774.5235
2025-12-18,25317.569250000004,22915.60175,22979.598899999997,21642.209000000003,19548.025999999998,16016.3668,20446.6476,18246.9666,18246.9666,23195.935500000003,20990.845500000003,20982.3204,22908.091399999998,20708.4104,20708.4104
2025-12-19,34544.6489,32310.344899999996,32338.523,28207.37375,25805.406249999996,28381.6668,33927.222200000004,31727.5412,31727.5412,32748.178900000006,29852.2309,30443.0068,32873.22350000001,29977.275499999996,30539.077
2025-12-20,21212.47335,19321.163849999997,19628.243599999998,20325.039300000004,18090.7353,18235.6008,20318.2083,18118.527299999998,18118.527299999998,20473.7088,18264.2898,18296.434599999997,20369.1322,19090.7722,19274.352
2025-12-21,17340.2655,16352.425500000001,16352.425500000001,15077.173600000002,13185.864099999999,15181.950499999999,14575.691600000002,12376.010600000001,12376.010600000001,14813.625300000003,12613.944300000001,12613.944300000001,14609.6161,12409.935099999997,12409.935099999997
2025-12-22,26637.17255,24239.39555,24245.16235,17206.761,16218.921,16218.921,25828.955500000004,23629.2745,23629.2745,25163.6745,22963.993499999997,22963.993499999997,25721.1917,23521.5107,23521.5107
2025-12-23,18065.55375,15884.119249999996,16453.7519,14956.630199999996,12558.853199999996,12598.189149999997,14811.399299999995,12611.718299999993,12611.718299999993,15264.024199999998,13064.343199999994,14086.35545,15205.7573,13006.076299999993,13319.889499999996
2025-12-24,23684.466500000002,21484.785499999998,21484.785499999998,19517.4749,17336.040399999998,14489.5652,21624.6104,19424.929399999997,19424.929399999997,22988.7571,20789.0761,20789.0761,22911.932099999998,20712.251099999998,20712.251099999998
2025-12-25,24659.904749999998,22113.77275,22150.8678,22602.454700000002,20402.773700000005,20402.773700000005,22730.5538,20530.872800000005,20530.872800000005,22006.9231,19685.8161,20308.600700000003,23277.219800000003,21077.5388,20495.970799999996
2025-12-26,21834.996499999997,19461.261,19616.343999999997,18459.714699999997,15913.582699999997,16302.606349999995,20016.9478,17817.266799999998,17817.266799999998,21125.352099999996,18925.671099999996,18925.671099999996,21446.054799999998,19246.3738,19246.3738
2025-12-27,16956.627,15787.641,15929.965999999999,15053.88755,12680.152049999997,13695.874999999998,14774.231299999998,12574.550299999995,13024.3985,15743.567449999999,13726.473949999998,14742.663099999998,16431.7524,14743.3164,15148.234949999998
2025-12-28,20880.988100000002,18681.307099999998,18686.66205,18879.84745,17710.861449999997,18013.837499999998,20331.960099999997,18132.279099999996,18349.632599999997,20240.0709,18040.389900000002,18040.389900000002,19869.7513,17670.0703,17670.0703
2025-12-29,20829.716400000005,18630.0354,18906.4361,20145.6527,17945.971700000002,17955.7761,20077.0919,17877.410899999995,18129.551199999998,19352.0063,17663.5703,18346.995000000003,19404.56175,18124.27825,18319.1518
2025-12-30,22070.8528,20179.543299999998,20399.0594,20284.865100000003,18085.1841,18813.510649999997,21556.061,19356.380000000005,19957.61665,21492.168499999996,19292.4875,19292.4875,21720.752500000002,19521.0715,19820.599150000002
2025-12-31,20903.452499999996,18582.35,19009.1489,19052.2979,17160.988400000002,17800.629299999997,19398.464700000004,17198.7837,17906.363349999996,20215.0248,18323.7153,17632.31715,18669.386599999998,17671.8086,17652.619
2026-01-01,28230.552200000002,24819.0302,25025.651899999997,18306.28775,15985.18525,17996.34055,21688.64145,19671.54795,19024.418699999995,18655.711199999998,16339.174200000001,15772.0246,22646.730499999998,20447.049499999997,20447.049499999997
2026-01-02,29350.5889,27150.9079,27150.9079,9618.403200000002,6206.881199999995,8870.920949999996,26945.8272,24851.6442,23017.05265,27570.6001,24726.229599999995,26466.759299999998,28868.235800000006,26668.554799999998,26668.554799999998
2026-01-03,21887.23625,19690.65475,19884.2754,19100.5049,16900.823899999996,16900.823899999996,21407.71295,19226.278449999998,19583.416749999997,19836.5896,17288.775099999995,18626.339899999995,21185.018900000003,18985.3379,18985.3379
2026-01-04,23393.474199999997,21705.038199999995,21889.689249999996,22813.450899999996,20616.869399999996,21248.242,22870.369699999996,20688.935199999993,21315.805499999995,22715.6722,20515.991199999993,20515.991199999993,22562.5758,20362.894799999995,20996.202699999998
2026-01-05,52870.35309999999,50670.672099999996,50670.672099999996,47358.058099999995,45669.62209999999,42965.4238,51843.1112,49748.9282,48155.20045,52448.008799999996,50248.3278,50248.3278,47940.38320000001,45740.7022,43606.4047
2026-01-06,68246.29209999999,66046.61109999998,66046.61109999998,13994.5192,11794.838199999998,11794.838199999998,13445.698600000002,11246.017600000001,12176.952199999998,25597.526199999997,23909.0902,23033.205499999996,35697.555550000005,34692.88605,34946.7565
2026-01-07,18998.5055,17310.069499999998,17627.048499999997,14749.402900000001,12549.721899999997,12549.721899999997,17986.394200000002,15776.975199999997,15806.002199999999,18714.4337,16514.752699999997,16514.752699999997,18483.121400000004,16283.440399999996,16283.440399999996
2026-01-08,79576.01080000002,77376.3298,77376.3298,30674.020699999997,28985.584700000003,26077.059999999998,47370.7226,45161.3036,45409.93920000001,51824.674,49624.992999999995,46493.88475,51557.5697,49666.2602,38619.8898
2026-01-10,20058.960300000002,18537.2463,18799.007049999993,18292.102499999997,17304.262499999997,17304.262499999997,12182.619200000003,9982.938199999997,9982.938199999997,17285.914800000006,15086.233799999996,15086.233799999996,16872.170900000005,14672.489899999995,17449.1287
2026-01-11,19208.749499999998,17851.3765,18024.951549999998,17425.149299999997,15903.435299999997,17183.6518,13915.251300000002,11715.570299999996,11715.570299999996,17488.3215,15283.231499999994,15684.470299999995,17100.2266,14389.753599999996,15969.912349999999
2026-01-12,21069.076700000005,18869.3957,19224.228749999995,19267.4939,17910.1209,18809.548499999997,18833.4986,16633.8176,16633.8176,20107.582000000002,17907.900999999998,17907.900999999998,20112.063200000004,17912.3822,17912.3822
2026-01-13,22603.943600000002,20915.507599999997,21140.470049999996,19487.787000000004,17288.105999999996,17324.45995,21048.608999999997,18848.928,18848.928,17681.8505,15482.169499999996,15482.169499999996,21090.165399999998,18890.4844,18890.4844
2026-01-14,26462.946750000003,24062.884749999997,24272.389899999995,19415.5616,17727.1256,18453.26295,19175.287500000002,16975.6065,16975.6065,26256.156099999997,24056.4751,24056.4751,23071.0098,20871.3288,20871.3288
2026-01-15,28649.639900000002,26449.958899999998,26490.418499999996,26331.32155,23931.259550000002,24613.5003,22173.6121,19973.931099999994,19973.931099999994,28040.154300000002,25840.473299999998,25840.473299999998,27105.0087,24905.3277,24905.3277
2026-01-17,24990.86625,23645.516249999993,23839.7439,24057.2009,22204.4484,22931.9079,22533.6882,21009.568699999996,22527.801399999997,19849.058600000004,17649.377599999996,17649.377599999996,19332.723599999998,17133.0426,20026.203599999997
2026-01-18,25738.825999999997,24044.981,24102.122099999997,24091.474000000002,22746.124000000003,23461.8485,23418.1072,21934.9502,23474.198749999996,20970.385749999998,19117.633250000003,22251.0265,23674.423149999995,22150.303649999994,22343.1915
2026-01-19,30329.9722,27598.3407,27819.3373,21373.4575,19679.612499999996,19089.3076,27128.962199999998,25860.3402,24940.427399999997,29621.439900000005,27421.758899999993,26671.785900000003,27758.757599999997,25559.076599999993,25625.519649999995
2026-01-20,22344.3403,20820.220799999996,20853.224,19106.45895,16374.827450000003,18016.2715,20996.1353,19512.9783,20229.77215,20100.7704,17871.875399999997,19212.131,17978.5271,16290.091099999998,16901.61525
2026-01-21,23941.658349999998,22088.905849999996,22460.97255,20368.90665,18844.78715,18982.14765,21040.116599999998,19351.6806,20620.4651,22787.483099999998,20587.8021,20587.8021,22025.1618,19825.4808,19825.4808
2026-01-22,28997.965200000002,26798.2842,26802.427099999997,26825.392200000002,24972.639699999996,23657.068399999996,21678.2586,20192.696099999997,22135.245000000003,25397.9821,23198.301099999993,23198.301099999993,27273.093999999997,25073.412999999993,25073.412999999993
2026-01-23,26810.671199999997,24601.2522,24611.961799999997,24412.834899999998,22213.153899999998,22184.296549999995,23204.4256,21936.1651,21885.3769,24434.7294,22235.0484,22235.0484,25054.289900000003,22854.608899999992,22854.608899999992
2026-01-24,28108.6428,25908.961800000005,25908.961800000005,25363.8649,23154.4459,23212.45185,24496.140399999997,22807.7044,22147.1394,26766.410400000004,24556.9914,24567.945399999997,27405.841399999998,25206.160399999993,24852.264199999998
2026-01-25,26162.853400000004,23963.172399999996,23963.940999999995,24690.592400000005,22490.911399999997,22490.911399999997,24184.2674,21984.5864,22027.288200000003,26005.697999999997,23806.016999999996,23806.016999999996,25538.237999999998,23338.556999999997,23338.556999999997
2026-01-26,29643.629600000007,27434.331100000003,27570.607200000002,25917.327900000004,23717.6469,23733.480649999998,28364.859600000007,26165.178600000003,26165.178600000003,27857.762899999998,26336.0489,25550.6112,27435.4843,25235.8033,25043.0416
2026-01-27,27123.934100000002,24924.2531,24924.2531,25915.626900000003,23706.328400000002,23253.130299999997,25249.092900000003,23049.411899999996,22298.786099999994,24030.7584,21831.077399999995,21831.077399999995,24328.4364,22128.7554,22128.7554
2026-01-28,29105.5962,26762.8487,26976.1417,26191.2478,23991.566799999997,23991.566799999997,28234.3783,26034.697300000003,26034.697300000003,27139.791100000002,24930.3721,24927.214500000002,27219.0295,25019.348499999996,25019.348499999996
2026-01-29,30430.2929,28230.61189999999,28261.013899999998,26553.362749999993,24210.615249999995,26074.7156,28887.095999999998,26687.414999999997,26687.414999999997,29668.6656,27574.482600000003,27112.22295,27375.4913,25691.3843,25621.74205
2026-01-30,22028.1432,20866.2487,20866.2487,18910.903299999998,16711.222299999994,17394.77005,19727.918400000002,17528.237399999998,17528.237399999998,19079.5017,16879.820699999997,16879.820699999997,19448.858,17249.176999999996,17249.176999999996
2026-01-31,22498.34755,21317.33855,21466.934500000003,20716.44375,19554.549249999996,19554.549249999996,20400.766600000003,18201.085599999995,18692.090349999995,20698.521,18498.839999999993,18498.839999999993,20264.011100000003,18064.3301,19024.588299999996
2026-02-01,32220.007899999997,30020.3269,30020.3269,26277.70075,25096.691749999998,24802.122499999994,23803.0678,21603.386799999993,23392.0386,25371.718500000003,23172.0375,23172.0375,28619.4489,26931.0129,26534.3309
2026-02-02,22067.6175,21079.7775,21079.7775,11755.3106,9555.6296,9555.6296,15581.4193,13399.984799999997,14801.131699999998,18743.5887,17059.481699999997,19478.0796,19139.9496,17453.9191,19987.828199999996
2026-02-03,28533.2287,26333.5477,26333.5477,16382.098,15394.257999999998,15394.257999999998,24975.884800000003,23287.448800000002,20450.1839,28139.0137,25939.332700000003,25939.332700000003,26956.0248,24756.343800000002,24756.343800000002
2026-02-04,22972.999900000003,20955.9064,21185.928249999997,19670.1447,17470.4637,17470.4637,21016.3686,19327.932599999993,19611.0343,21723.676200000005,19523.995199999998,19545.298000000003,21842.7799,19643.098899999997,19815.750399999997
2026-02-05,28392.527700000002,26031.629699999998,26164.442699999996,25526.9723,23509.878799999995,19954.121999999996,25367.843500000003,23679.4075,21098.5386,27706.9847,25507.3037,25507.3037,27469.361999999997,25269.680999999993,25269.680999999993
2026-02-06,21225.7266,20233.075600000004,20237.5175,16356.4243,13995.526300000001,14669.029300000002,17446.110600000007,15429.017099999995,17064.3207,16926.7511,14727.070099999995,14727.070099999995,17973.1312,15773.450199999994,15773.450199999994
2026-02-07,20972.11305,19967.443550000004,19974.803,17110.4211,16117.770099999998,16138.713499999998,19232.522899999996,17341.213399999997,17937.978799999997,18729.651900000004,16529.9709,17401.437749999997,19899.119,18413.5565,18855.7745
2026-02-08,22249.046950000004,20763.484449999996,20952.71575,21934.949,20930.2795,20928.661500000002,21818.99715,19927.68765,20234.326149999997,20386.0588,18186.377800000002,18186.377800000002,21353.6786,19153.997600000002,20024.063349999997
2026-02-09,21909.176249999997,20389.385749999994,20513.342249999998,20827.02635,19341.46385,19967.25575,20879.2356,19190.7996,19848.831199999997,20777.2557,18577.574699999997,19055.332399999996,20756.3482,18556.667199999996,18556.667199999996
2026-02-10,19990.996,17791.315,18184.8853,19016.85275,17497.06225,17509.845949999995,19668.225750000005,17651.132249999995,17877.91035,19569.0395,17369.3585,17863.621999999996,19095.4274,16895.7464,16940.851349999997
2026-02-11,18984.583899999998,17629.134400000003,17864.947999999997,16430.419799999996,14230.738799999997,16492.29975,16980.103049999998,14963.009549999997,16345.419750000001,16917.313199999997,14717.632199999998,15177.487149999999,17134.725399999996,14935.044399999995,14935.044399999995
2026-02-12,19286.658700000004,17428.497199999998,17613.6844,15118.79565,13763.346149999998,14558.106,17933.6754,16245.239399999999,17290.27705,17103.9072,14904.226200000003,15721.742649999998,15968.058199999998,13768.377199999999,13768.377199999999
2026-02-13,21067.4873,19379.0513,19650.73825,19741.2151,17883.0536,18516.824099999998,20533.9729,19529.303399999997,19511.593499999995,19427.2973,17738.861299999997,17846.563,18362.6129,16162.9319,16939.0083
2026-02-14,24166.168199999993,21857.084199999994,22007.530099999996,22885.7878,21197.351799999997,20811.78475,21984.39325,20919.010749999998,20735.751,21068.4557,18682.817699999996,18678.7738,20113.998649999998,18415.94515,17740.1019
2026-02-15,19070.429949999998,17802.16945,17959.5805,16882.6866,14573.602599999998,15924.90225,18442.69195,16920.97795,17583.387349999997,17452.6447,15252.9637,15252.9637,17331.5663,15131.8853,15131.8853
2026-02-16,18981.726300000002,17283.5523,17705.463750000003,18847.5501,17579.289599999996,17698.5239,18824.508749999997,17341.35175,17655.6186,17562.043,15352.623999999998,15750.996999999998,16802.962,14593.542999999996,14614.441799999997
2026-02-18,18573.3373,16373.656299999999,16665.940199999997,16161.441449999998,14122.707450000002,16324.979350000001,17681.68985,16159.97585,16319.460500000001,17064.176099999997,16071.5251,16066.367,16774.3755,15786.5355,15786.5355
2026-02-19,30529.642200000006,28329.961199999994,28387.373199999998,28696.059600000004,26496.378600000004,26173.781749999995,28733.04905,27208.92955,25979.52155,29993.548800000004,27793.867799999996,27793.867799999996,27526.0438,25326.3628,25326.3628
2026-02-20,17480.912,16493.072,16493.072,11603.3655,9403.6845,9889.4604,13476.824700000001,11788.3887,12684.05185,16065.432499999999,15072.7815,15083.996999999998,16204.469900000002,15206.891899999999,15227.9775
2026-02-21,27531.4852,25319.781199999998,25325.367,11907.75,10919.91,10919.91,22960.6841,21272.2481,19580.304650000002,24359.7383,22160.0573,22160.0573,20380.363550000002,18522.20205,17678.187549999995
2026-02-22,30066.164200000003,26799.0877,26925.51525,18169.357600000003,15957.6536,15959.091999999999,23497.08945,21605.779949999996,20811.393900000003,18316.11115,15589.647649999997,17385.9867,20811.45755,17571.941550000003,19875.0141
2026-02-23,38369.0358,35728.9848,35853.521499999995,12267.98025,9000.90375,11062.361449999997,34713.2831,32619.100099999996,27957.159699999997,32364.2998,30152.5958,30050.268499999995,30837.709699999996,28034.1812,31411.586499999998
2026-02-24,23440.88525,21163.661749999996,21319.255899999996,6458.2361,3818.185099999997,4972.421299999996,6737.174300000002,4537.4933,4537.4933,18833.713349999998,17311.99935,17301.682,12967.909349999998,10075.060849999998,13370.168499999996
2026-02-26,26193.098299999998,23228.3528,23357.908099999997,18734.1349,15770.0209,15033.31495,25102.011400000003,22902.3304,21441.6512,24046.63995,21865.20545,19611.58235,22828.7013,19254.732799999998,18027.119099999996
2026-02-27,31024.933,28825.251999999997,28825.251999999997,23179.566600000002,20214.821099999994,21299.666349999992,24415.808500000006,22210.718499999995,22154.288099999998,25458.517400000004,23258.836399999997,23258.836399999997,26365.1769,24165.495899999994,24165.495899999994
2026-02-28,25108.726349999997,22467.233849999997,22817.2693,19609.311999999998,17409.631,17409.631,21676.001099999998,19476.320099999994,19476.320099999994,20900.01915,19719.01015,19884.257,23071.0501,21382.6141,20879.20425
2026-03-01,44922.6451,41511.1231,41511.1231,30638.052899999995,27996.560400000002,26061.5245,20037.638099999996,17663.902599999998,17021.670699999995,14667.39325,13322.043249999999,15139.8217,38559.473249999995,35715.098249999995,31418.882999999994
2026-03-02,41356.24674999999,37922.09574999999,37932.80725,9766.8855,6355.363500000001,6355.363500000001,31330.815750000005,28627.19325,26230.6814,28038.693400000004,25616.662900000003,23686.5111,31208.8756,28231.2681,28202.3678
2026-03-03,31230.815749999994,29327.483249999994,29564.999,23768.408050000002,20334.257049999993,20597.703799999992,26904.200699999998,23500.343699999998,26270.240149999998,29378.83905,27668.76255,28710.489049999996,29580.860800000002,27359.539299999997,27420.490349999993
2026-03-04,34610.56324999999,31540.56074999999,31660.824299999986,24381.817000000003,22478.484500000002,26368.044649999996,24880.9666,22036.591599999992,23353.0769,26986.51775,24863.482249999994,26192.03675,28052.55079999999,25924.708799999993,26327.568549999996
2026-03-06,31824.682800000002,29625.001800000002,29829.145199999995,22102.345,19902.663999999997,19902.663999999997,29384.710300000002,26832.3258,29011.8884,27715.2028,25515.5218,27090.447,26126.6772,23897.782199999994,23804.345799999996
2026-03-07,31084.98425,29603.75075,29933.107949999994,27429.571100000005,25229.890099999997,26692.190849999995,27862.4998,25313.4803,28198.7434,29641.42985,28155.86735,29555.598049999997,28381.224749999998,26477.892249999997,28560.2418
2026-03-08,33257.740399999995,31058.059400000002,31192.2839,31667.318249999997,30186.084749999998,30321.096799999996,29307.1623,27188.933299999997,30948.30585,26434.059,24952.8255,29268.003099999998,31043.7281,29355.2921,30872.9344
2026-03-09,33142.6242,32145.046199999997,32149.3626,26338.504300000004,24138.823299999996,28233.442300000002,28215.9476,26016.266599999995,26551.508899999997,30435.3645,28737.310999999998,31529.155250000003,25657.489599999997,22935.596099999995,24081.747299999995
2026-03-10,24899.035649999998,22918.372649999998,23272.111599999997,19581.975,18584.397,18626.926199999998,18220.426,16940.142499999998,18474.521099999998,21727.429249999997,19859.529749999998,20478.45375,17828.782999999996,15483.634499999996,16686.03965
2026-03-11,43776.380999999994,40033.76699999999,40192.9874,20487.80515,18507.14215,16362.6757,21329.36185,20157.72935,19037.8906,40972.924199999994,37380.7092,33947.379349999996,39693.697100000005,36089.45909999999,35915.4163
2026-03-12,36909.66325,34158.71875,34236.8373,20136.589000000007,16393.975,17196.124000000003,31222.41575,29750.920250000003,26330.9257,33557.117,31033.136499999997,31418.540699999994,26627.775700000006,23194.468199999996,24983.46074999999
2026-03-13,49889.591,47344.90049999999,47547.104499999994,34938.2663,32187.3218,32471.253299999997,39050.7441,37362.3081,33809.30535,40132.364400000006,36643.299900000005,37686.0846,40657.1841,37370.99310000001,41935.89605
2026-03-14,29252.695,27394.533499999998,27592.955799999996,24654.951999999997,22110.2615,23670.334,25244.288900000003,23044.6079,23826.46265,24444.7181,21470.866099999996,22714.774400000002,25396.15975,22667.65225,24012.80285
2026-03-15,57710.2109,54124.436400000006,54237.67,31816.01225,29957.85075,25959.31235,12259.670099999996,10059.9891,11643.472199999998,40050.15315,37768.118650000004,29877.9694,56319.8087,53013.784700000004,52105.452000000005
2026-03-16,43846.47870000001,41646.797699999996,41646.797699999996,-3614.7743499999974,-7200.548849999994,-6165.083599999996,24670.317699999996,21825.942699999992,20669.292199999996,33500.224449999994,30655.85395,32795.39779999999,32959.4701,29367.255099999995,30312.560899999993
2026-03-17,44842.70495,41264.407450000006,41313.60735,24563.1454,22363.464399999997,22363.464399999997,38904.066900000005,35844.795399999995,33871.48165,42220.5095,38628.2945,38072.34375,41982.96050000001,38493.896,37967.460399999996
2026-03-18,36028.302500000005,32850.01499999999,33149.37454999999,30241.724249999996,26663.42675,27363.56515,31514.181600000004,28240.013599999995,27691.757949999996,34043.4467,30866.716699999994,30662.343399999998,33546.9062,30119.007699999995,30693.211999999992
2026-03-19,34106.9237,31895.219699999994,31902.7759,27483.563249999996,24305.275749999993,26040.043499999992,30702.789299999997,27457.025299999994,30050.83859999999,27625.216299999996,25282.107300000003,26926.56715,27600.1843,25032.079299999998,25263.144200000002
2026-03-20,32806.8377,29614.121699999996,29928.598250000006,27155.343999999997,24943.64,25085.6734,29380.50105,25962.34054999999,25912.531199999998,31500.73255,29013.631049999996,28496.56265,31399.690650000004,28996.234649999995,28973.963849999996
2026-03-21,32429.506650000007,29855.96365,30168.690199999997,31848.105799999998,28655.389799999994,29306.695599999995,28818.735099999998,25852.938599999994,28151.847699999995,30939.923300000002,28585.152799999996,28596.811999999998,30020.252699999997,27247.712199999994,27527.347999999998
2026-03-22,37789.713800000005,35590.0328,35590.0328,24190.845500000003,21617.302499999998,22229.1449,26867.13640000001,23964.54989999999,25248.713699999993,23727.035800000005,21372.269799999995,23064.775899999997,28670.134100000003,25497.7376,25689.383499999996
2026-03-23,35689.68535,33412.46184999999,33412.46184999999,16465.315000000002,14265.634,14265.634,25688.3189,22927.0829,22760.897899999996,29998.308849999998,27777.922349999997,29564.544949999996,25255.0657,22359.117699999995,21614.829699999995
2026-03-24,27660.144850000008,25080.155350000005,25294.619599999998,11180.752749999996,8903.52925,8903.52925,11994.455050000004,9603.01755,10599.772849999998,22335.4398,19439.491800000003,22168.011,19634.912300000004,16037.288299999998,17905.571399999997
2026-03-25,53549.5589,49752.333399999996,50517.08595,21681.4669,19101.4774,19460.5504,34136.31435,32097.580349999997,31618.2884,48076.7426,44484.5276,44484.5276,46114.6518,42522.4368,42831.76775
2026-03-26,31935.593199999996,29658.3697,29762.9349,15427.514050000009,11630.288550000012,17124.426400000004,23664.910599999996,21471.4531,21814.480199999995,23387.9685,20482.885,21123.085,24270.0303,21305.916299999997,21755.729099999997
2026-03-27,29752.641849999996,27414.705349999997,27433.56899999999,27532.95409999999,25255.730599999995,24639.357599999996,23737.761249999996,21201.757749999993,21961.5726,21937.68505,20079.523549999998,22765.864199999996,26087.535399999993,23349.289899999996,25144.249799999998
2026-03-28,69723.6094,65615.6224,65646.10995,41253.8359,38915.8994,37651.9019,46558.507399999995,44449.1774,42195.6278,51726.07239999999,47807.210399999996,51289.60515,58162.33999999999,54663.17600000001,55219.664899999996
2026-03-30,71027.3816,66921.4871,66932.16699999999,39569.2643,36677.4958,33887.9338,59240.20875,56029.54525000001,54734.5389,65735.05064999999,62031.08965,60596.28999999999,65584.96040000001,61880.99939999999,61604.6874
2026-03-31,35318.35644999999,32328.513949999993,32347.415599999993,26123.63095000001,22017.73645,22054.29055,27466.247349999998,24406.975849999995,24411.598999999995,29363.77395,26612.271449999997,27024.559699999998,29118.938399999995,26937.5039,26840.1935
2026-04-01,33199.38709999999,30651.365100000003,30834.3636,30432.221300000005,27442.3788,28034.944750000002,27732.271099999998,24516.79660000001,24938.1553,27045.711550000004,25183.341549999997,25194.731999999996,27329.515700000004,25464.7402,24776.5839
2026-04-02,25079.540500000003,23569.487999999998,23682.709349999997,20363.729549999996,17815.70755,18526.3501,18739.52525,15524.050749999993,16442.731799999994,19685.3236,17557.4816,19045.767,18920.0516,16352.761099999998,17351.326699999998
2026-04-03,24342.710049999998,22310.46955,22465.6174,21338.6552,19828.6027,18855.0212,-1966.1624999999985,-5181.637000000001,-4821.980800000003,-11471.260500000004,-14537.320000000007,-13970.832299999998,-12162.607600000003,-15537.612100000004,-16187.638000000006
2026-04-04,55655.80135,51716.557349999995,51879.65439999999,27968.158649999998,25935.91815,25083.9885,16360.6422,12968.8082,16007.93345,46655.806599999996,43585.8041,43186.5664,38544.0619,35633.1789,30542.5276
2026-04-05,64063.169949999996,59873.05195,60042.3574,23677.228649999997,19737.98465,18432.985500000003,32663.003199999996,29740.1217,31311.694499999998,44053.2923,40563.866299999994,41471.11505,45343.693100000004,41866.651600000005,41917.77305
2026-04-06,68525.1525,65422.002,65422.002,59874.880999999994,55684.76299999999,58748.258449999994,62039.756349999996,58110.22584999999,59667.5401,55736.32355,52829.40805,51014.35799999999,59731.8862,57058.62019999999,52894.68565
2026-04-07,76603.41515,72653.61564999999,72678.72750000001,66183.29255,63080.142049999995,63080.142049999995,57376.5974,53996.8444,53240.69254999999,65610.16390000001,62559.005900000004,62746.79245,69061.9241,65998.7476,62756.97424999999
2026-04-08,35061.494399999996,31665.9004,31726.9552,27517.15825,23567.358749999996,24076.88285,30637.9913,27311.2238,26736.926249999993,32118.592500000002,28207.332999999995,28473.07665,32169.329700000002,28404.140199999998,28308.21535
2026-04-09,26288.3372,23914.6017,24072.070399999997,20876.471450000005,17480.877449999996,17610.3635,13824.24099999999,10485.450499999995,10576.427249999997,20710.95035,19078.420849999995,19551.988099999995,19657.1051,17276.731099999994,18424.729799999997
2026-04-10,42574.273400000005,39643.7024,39796.79825,35816.3663,33442.6308,33382.208600000005,26291.842599999996,22857.691600000002,23291.944549999993,39333.138999999996,36069.58149999999,36072.1881,38652.058300000004,35396.6768,35563.889299999995
2026-04-11,18957.142200000002,14413.139199999998,14627.32655,11533.792,8603.221,7896.890599999999,12140.7317,8046.860200000001,7760.2828500000005,12554.16415,8624.63365,8729.841399999998,14377.15785,10447.62735,10518.9456
2026-04-12,49725.010599999994,46450.842599999996,46503.80115000001,36110.512299999995,31566.509299999987,39566.0246,42559.4062,38814.86869999999,37492.1473,44396.959599999995,40650.016599999995,40661.054,45498.5855,41589.341,42614.719
2026-04-13,35649.01045,33121.45294999999,33631.61,25094.150199999996,21819.982200000006,22775.255,31183.529249999992,27272.269749999992,27631.7415,33978.36074999999,31249.853249999996,32141.252750000003,31452.946900000003,28063.605399999993,30562.945
2026-04-14,31819.31835,29044.372349999998,29109.03685,27821.480600000003,25293.9231,24795.682399999998,28631.185900000008,24701.6554,24560.636700000003,27855.49695,25997.33545,26636.945900000002,29633.293050000007,27356.069549999993,27536.373
2026-04-15,37794.796599999994,34090.8356,34229.7739,32201.536350000002,29426.590349999995,29334.677799999994,33181.29265,29753.39415,25710.056399999994,32793.8309,29409.8984,29532.574849999997,34777.40675000001,31491.21575,31536.94625
2026-04-16,27074.190749999998,24452.676249999997,24583.754149999993,23047.876450000003,19343.915449999997,19474.303999999993,22056.345100000006,18352.384100000003,18482.560299999997,22338.441600000006,18746.226599999998,19301.898500000003,21998.659000000007,18406.444,18350.089049999995
2026-04-17,41502.186499999996,38090.6645,38214.55,30214.56305,27593.048549999996,25768.13625,30853.925300000003,27149.9643,27914.733,36337.0207,33273.84419999999,30626.727699999996,38409.340899999996,35133.1579,34909.2815
2026-04-18,35978.1474,32566.625399999997,32732.627549999994,32639.717199999996,29228.195199999995,29843.636749999994,28932.080449999998,25230.042949999995,27319.662599999996,21874.47585,18170.51485,20073.5464,24156.105649999994,20667.041149999997,21883.377050000003
2026-04-19,30479.110000000004,27925.7615,28022.4542,27794.797899999994,24383.2759,25453.806549999994,25423.014700000003,22031.180699999997,23045.400449999997,22197.213499999998,19085.347,19405.100899999998,24153.492600000005,21271.462099999997,21414.426999999996
2026-04-20,25290.1788,22228.684799999995,22918.868199999997,16423.658550000007,13870.310050000002,16180.2525,23287.0403,20395.271800000002,20373.733400000005,21860.6508,20013.2203,20832.712249999997,22653.571450000003,20611.59295,21587.74465
2026-04-21,42495.8526,38343.1626,38646.04775,29737.499499999994,26676.0055,23858.025199999996,32237.6676,29355.637099999996,29355.637099999996,39758.023499999996,36711.6765,36711.6765,40628.028000000006,37513.515,37477.58305
2026-04-22,69451.0247,66024.1667,65989.7999,53663.3998,49510.70979999999,46976.96460000001,65488.58735,62277.92385,59446.547,62821.38139999999,59765.2964,59786.0348,62613.5033,59489.61379999999,59527.8786
2026-04-23,32335.537150000007,29065.72715,29227.127600000003,23930.805099999998,20503.947099999994,21152.531499999994,26543.39425,23168.38974999999,23168.38974999999,28810.3106,25754.22559999999,25739.234599999996,30276.555750000003,26949.788249999998,26461.712849999996
2026-04-24,27249.756999999998,24730.342,25217.2355,24258.487899999993,20988.677899999995,21329.42875,21747.78385,18372.779350000004,19201.54045,22071.3694,19025.022399999994,19025.022399999994,22249.941000000006,19193.855999999992,19361.658799999997
2026-04-25,26277.90365,24245.66315,24335.1854,21693.5572,19174.142199999995,22647.748699999996,18609.2459,15298.4109,16477.0006,18222.476500000004,14911.641500000005,15140.773300000006,17844.878499999995,14664.185499999994,14836.030149999995
2026-04-26,25653.007100000003,23964.5711,24095.891000000003,22474.0022,20441.761699999995,21970.747000000003,20691.7298,17640.57179999999,17920.3402,18332.639649999997,14947.897149999992,14915.058999999992,18471.0745,15493.254999999996,16005.905199999996
2026-04-27,31681.4806,28776.392599999996,28815.09379999999,26493.8759,24805.439899999998,25684.85465,28672.841999999997,25616.756999999994,25716.661549999997,26766.3895,23450.627499999995,24352.141849999996,22633.04415,19890.445149999992,20459.539499999995
2026-04-28,24432.904200000004,22233.223199999993,22265.051700000004,7136.122300000003,4231.034299999996,5738.610099999997,7982.297300000001,4935.950299999998,6350.819500000003,8401.311500000003,5354.9645,6831.645500000006,14843.6001,12627.542599999997,14303.514349999996
2026-04-29,48021.092150000004,44087.357650000005,44111.79965,-1139.0512999999987,-3338.7323,-2720.94605,43488.4672,40606.436700000006,36301.5035,42657.60400000001,38921.29150000001,40175.12375,31165.278750000005,27384.556249999994,32371.4394
2026-04-30,68566.87969999999,64620.27369999999,64649.702600000004,62630.845649999996,58697.11114999999,59847.6367,48383.398700000005,46177.07919999999,36776.399600000004,57533.8698,53935.4023,51744.50885,61688.5446,57984.5836,57109.13724999999
2026-05-01,36566.7484,33815.2504,34030.899399999995,20912.363099999995,16965.757099999995,18050.983249999997,27358.325999999994,24206.485499999995,26604.351049999994,35254.3168,32349.233299999996,32442.229099999997,32672.0091,28762.764600000002,29343.273
2026-05-02,38872.103749999995,36154.414249999994,36264.0956,28507.4232,25755.925199999998,24342.379399999994,37281.7636,34235.4166,34383.27279999999,32218.714399999993,29863.948399999997,27925.22155,37381.80714999999,34499.77665,34499.77665
2026-05-03,24257.556000000004,23269.716,23269.716,18833.29455,16115.605049999996,17616.724199999997,18287.6753,15233.214800000003,15972.291049999998,23140.77865,21872.518149999996,22976.9691,20415.908499999998,18035.5345,18745.9573
2026-05-06,31890.6538,28787.503299999997,28894.4913,29146.949599999996,27028.725099999996,26242.8755,31104.7806,28050.3201,28062.839099999997,29837.668850000002,27621.61135,26116.53505,31339.484699999997,28616.98419999999,27874.54275
2026-05-07,40717.914699999994,37227.40869999999,37292.60889999999,37310.01705000001,34206.86655,35018.51015,38646.1465,35764.11600000001,36228.34909999999,34657.7522,32272.567200000005,30305.334,36820.17255,33842.34855000001,33690.01670000001
2026-05-08,29533.244049999998,26651.21355,26770.6261,24866.167000000005,21375.661,21921.511550000003,25895.259800000003,23514.8858,22856.197499999995,21507.80455,18756.909049999995,20300.695700000004,23483.54555000001,20087.951550000005,24056.885
2026-05-09,42618.3638,39572.0168,39653.917199999996,40681.62474999999,37799.594249999995,29093.757599999997,39159.15475,36605.80625,35421.2756,30877.14015,28599.916649999996,25308.245799999993,41172.2177,38069.0672,37657.865249999995
2026-05-10,52823.9212,49412.3992,49412.3992,46610.824400000005,43564.477399999996,41684.50274999999,40409.26595,37663.17245,34743.950399999994,37340.008499999996,34642.604999999996,30378.079700000002,49559.18520000001,46147.663199999995,45856.4847
2026-05-11,24498.08309999999,22316.648599999993,22835.202849999998,8438.637200000003,5027.115200000004,5027.115200000004,10385.567899999998,7174.904399999992,7478.57639999999,12698.46375,9639.192249999996,11951.024199999993,10544.145149999997,7055.0806500000035,9399.573399999996
2026-05-12,40577.201,37303.032999999996,37464.56909999999,21235.783500000005,19054.349,16128.2367,37429.98555,34219.32205,34452.606499999994,37459.240999999995,34248.5775,33886.45,37633.69735,34190.526849999995,34161.67185
2026-05-13,31764.79135,29722.812850000002,29950.183499999996,26845.702000000005,23571.534,24663.480399999993,28444.706050000008,25069.701550000005,26189.398299999997,29621.055249999998,26776.680249999998,27211.15959999999,29310.607600000003,26095.1331,26844.13825
2026-05-14,28365.057050000003,25614.157049999998,25839.940249999992,23612.789050000003,21570.810549999995,22933.6475,21472.11985000001,18261.45635,19596.546400000007,22113.051249999997,19395.361749999996,19744.792749999993,21561.60585,18669.837349999994,18671.167949999995
2026-05-15,25248.164599999996,24255.513600000002,24259.387,18401.80025,15650.90025,18495.085999999996,20448.418200000004,17402.0712,18131.800199999998,20468.542100000002,17409.270600000003,17976.54585,19379.272600000004,15890.208099999998,16358.869550000005
2026-05-16,24465.058999999997,23477.218999999997,23477.218999999997,22345.1829,21352.5319,21372.1045,15610.81665,12728.786149999994,15521.741399999997,20243.638949999997,18139.838449999996,21944.39825,16042.346,13296.252499999993,14907.482799999996
2026-05-17,37398.4413,34181.076799999995,34422.012249999985,25113.7235,24125.8835,24125.8835,30750.484099999998,28441.4001,28339.250700000004,27234.961950000004,24517.272449999993,26016.755049999996,25524.15240000001,22112.630400000002,23540.649299999997
2026-05-18,26873.564800000004,25241.035300000003,25536.374499999998,15639.908850000002,12422.544349999996,13611.866099999997,23132.6553,21608.535799999998,22647.453499999996,26059.205249999995,24211.774749999997,24379.5856,26425.316099999996,24741.2091,25231.807099999998
2026-05-19,32659.233,29545.264500000005,29713.4298,21146.1343,19513.6048,18432.302499999998,26851.364400000006,25162.928400000004,24834.8763,23420.944100000004,19728.644600000007,20785.22165,22229.969750000004,18634.655249999996,19527.9109
2026-05-20,25575.4304,23886.994399999996,24190.63725,21661.748700000004,18547.780199999994,19134.836899999995,22565.4104,20876.9744,22239.08485,17240.340749999996,13751.276249999997,14784.214599999994,14759.237249999995,10849.992749999998,12077.446249999995
2026-05-21,38197.13940000001,35310.29789999999,35604.1136,28729.2851,27040.8491,25052.4598,35377.0737,33524.3212,31691.9345,36054.59100000001,33003.433000000005,33889.88905,34729.645000000004,31406.791499999996,32498.682650000006
2026-05-22,34578.615750000004,31367.952250000002,31738.965,31697.098150000005,28810.256650000003,29850.7912,30492.0025,28600.693,29210.4286,32722.992300000005,29615.030799999993,29824.214500000002,31829.39900000001,28137.094999999994,29161.20149999999
2026-05-23,31128.718800000002,29022.5128,29237.256399999995,27038.0405,23827.376999999993,26558.277599999998,29951.07555,28059.766049999995,27782.5168,21927.929949999998,18124.183449999997,22936.350599999998,24698.170700000013,21276.9107,22531.52315
2026-05-24,29843.6554,26943.378399999994,26982.247149999996,25572.694299999996,23466.488299999997,23438.542700000005,24245.5147,22145.922699999996,22403.927299999996,26370.849299999998,23470.5723,23507.620199999994,27523.645399999998,24112.123399999993,24261.778399999996
2026-05-25,35450.8608,33251.179800000005,33251.179800000005,31286.6014,28386.324399999998,29064.62065,33622.3696,31516.163599999996,32041.170599999994,29280.755600000004,26398.7251,24890.980999999992,30723.952700000005,27774.985699999997,28199.093949999995
2026-05-26,33342.977150000006,31151.804650000005,31318.0628,29748.4065,27548.7255,27548.7255,31265.326050000003,29078.482550000004,29081.63865,28312.017850000004,25925.391349999998,27393.32435,26227.86985,23162.856849999996,25101.4521
2026-05-27,30581.203499999996,27534.8565,27809.889350000005,18366.884149999998,16175.711649999996,16890.20405,24890.3886,22708.954099999995,22916.907,28030.570100000004,25148.539599999993,25214.233699999997,27005.5996,24222.390599999995,24478.578849999994
2026-05-28,51044.8695,47628.536499999995,47646.84985,41621.2809,38574.93389999999,32062.395099999998,41567.22725,39343.50475,37838.7681,48306.292050000004,45203.14155000001,45016.2541,48564.34585,45276.13985,44633.5177
2026-05-29,31872.224550000006,28769.074049999992,28991.521600000004,30071.305700000004,26654.9727,26741.928900000006,30435.951400000005,27787.242400000003,27838.65485,30062.170000000006,26788.002,27651.431399999998,27999.619049999998,24295.65804999999,25379.36455
2026-05-30,24729.311749999997,22876.55924999999,23316.101099999996,20919.853649999997,17816.703149999994,19700.10585,22954.9961,20237.306599999996,21315.491449999998,21754.5492,19057.1457,20104.096550000002,22341.69490000001,19459.6644,19734.4823
2026-05-31,29761.328,27561.647,27565.433100000002,28504.154449999998,26651.40195,25513.122,28296.711699999996,25579.022200000003,26084.143600000003,27793.34905,25240.000549999997,25940.144649999995,26847.460199999994,23636.79669999999,24972.885149999995
2026-06-01,30938.267,28580.492999999995,28726.450149999997,30020.0101,27820.3291,27872.080399999995,30563.858649999995,28010.510149999995,28027.427549999997,27345.714149999993,24463.68364999999,25573.450299999997,28286.972550000002,25564.472049999997,25888.162
2026-06-02,28806.755800000003,25735.523799999995,26486.602499999997,23005.9326,20648.158599999995,21030.849799999996,22549.26455,19831.575049999996,20017.997749999988,23342.25365,21310.01315,21271.606399999997,24797.569149999996,22239.41414999999,23530.941149999995
2026-06-03,40591.669850000006,37894.26634999999,37979.908299999996,35208.579,32137.34699999999,27106.21775,35776.7986,33059.1091,31681.890499999998,38913.41765,36195.728149999995,36253.5086,38729.35185,35994.83284999999,36096.195049999995
2026-06-04,57191.61245,52586.97345,52623.952000000005,40290.38115,37592.97765,35612.52965,40339.527550000006,37621.838050000006,37621.838050000006,47618.7056,44450.035599999996,41652.351200000005,47333.8911,44165.221099999995,43433.467150000004
2026-06-05,32147.0014,29937.5824,29945.4168,21741.030700000003,17136.3917,17623.600600000005,21136.2826,18254.2521,18973.242000000006,31082.4559,28882.7749,28882.7749,31426.5616,29226.8806,29226.8806
2026-06-06,49580.4219,46168.8999,46168.8999,16249.565199999997,14040.146199999997,14114.684599999997,35426.4948,32370.40979999999,34144.86459999999,43235.7426,39929.71859999999,40262.819149999996,47882.6667,44471.14469999999,44322.83894999999
2026-06-07,67316.0166,63741.70709999999,63189.13919999999,54569.581399999995,51158.0594,51158.0594,50986.503399999994,48104.47290000001,48246.4401,51666.9856,48456.322100000005,48568.712400000004,63302.6016,59891.07960000001,59891.07960000001
2026-06-08,27378.585100000004,25895.428099999997,26018.061099999995,2690.2099999999905,-884.0995000000144,17365.55939999999,23470.621499999997,20588.590999999993,20588.590999999993,23586.420699999995,20823.497699999993,23304.172099999996,23619.139949999997,21061.58745,21495.905199999997
2026-06-09,35581.28465,32863.595149999994,32916.88785,26826.53355,25343.37655,24170.4416,34197.4954,31315.464899999995,31412.400700000002,34269.23975,31387.209249999996,31932.24425,33555.4604,30344.7969,31167.67869999999
2026-06-10,34785.142400000004,31928.744400000003,32064.369799999997,31648.38665,28930.69715,28923.865599999997,32026.19515,29144.164650000002,29621.468249999998,33796.836899999995,31590.5174,31657.8915,32240.817,30552.380999999998,29831.5259
2026-06-11,27064.994099999996,25581.837099999997,25834.041599999997,24032.60674999999,21176.208749999998,22722.6072,22834.700199999992,20117.0107,20117.0107,23648.000299999996,20930.310799999992,20970.55494999999,23807.537500000002,21745.2105,22241.05045
2026-06-12,53102.85225,49504.38475,49681.786049999995,14553.038,13069.880999999998,14481.1862,30567.355700000004,27927.3047,26541.094200000003,38974.04905,35793.35605,36713.73705,41119.8741,37797.0206,38646.5012
2026-06-13,49192.16975,45249.955749999994,45445.7785,25658.0894,22059.6219,23052.61275,40931.30100000001,38049.2705,38049.2705,33502.19869999999,30286.724199999997,30532.974,45558.87179999999,42147.3498,42147.3498
2026-06-14,49235.6982,45848.4727,45920.93195,15075.024650000003,11132.810649999994,12288.155399999998,19680.9605,16470.297,16822.791699999998,33327.7071,30483.3321,34844.092899999996,28812.2986,26587.732599999996,26601.614999999998
2026-06-15,28520.490299999998,26308.786300000003,26317.3939,20061.40645,16674.180949999994,18406.131749999997,21009.11225,18291.422749999998,18936.064599999998,24500.870300000002,22812.4343,22868.1773,19075.759,16527.727999999996,17615.22245
2026-06-16,35084.49005,31854.350549999992,32076.105649999998,26451.7482,24240.044200000004,24243.432200000007,32243.3975,29361.367000000002,29123.782599999995,34345.450249999994,31627.760749999998,30385.077599999993,31200.302499999998,29279.297,27052.1552
2026-06-17,32751.053850000008,29869.023349999996,30089.369649999993,28453.79804999999,25223.65855,26262.726399999996,29759.085300000002,26877.05479999999,28135.014199999998,29056.91175,26174.88125,26174.88125,29994.865500000004,27614.491500000004,27854.84515
2026-06-18,26645.87745,23911.358450000003,24597.09965,22947.267850000004,20065.237350000003,21918.872499999998,25222.045049999997,22340.014550000004,22478.27195,24629.97690000001,21681.009899999997,21776.019099999998,24505.982900000003,21557.015899999995,21804.820499999994
2026-06-19,32215.201299999997,29156.8313,29568.597599999994,26837.35645,24102.83744999999,23332.622499999998,27407.177050000006,24525.146549999994,23236.260699999995,29008.32185,25633.317349999998,25818.416299999997,28307.681999999993,24896.159999999996,25598.7531
2026-06-20,30892.710300000002,28769.313299999998,29016.1007,21915.279899999998,18856.9099,22823.1305,24984.859699999994,22355.3902,24666.956799999996,27161.4531,24512.744099999996,25355.766600000003,25236.39495,22384.80345,23089.220350000003
2026-06-21,28546.667399999995,25597.700399999994,26193.949399999998,21141.611399999994,19018.214399999997,21669.2799,22790.1325,20590.451500000003,22012.9005,26519.675900000002,24831.2399,25470.97025,26202.710099999997,23156.36309999999,23688.057499999995
2026-06-22,43544.5223,40498.1753,40669.023949999995,36734.6725,33785.7055,32706.139949999997,39577.8179,37471.6119,35743.6635,40273.07904999999,37555.38954999999,39060.65549999999,40790.3001,38583.980599999995,37767.64055
2026-06-23,139702.5276,136475.0346,136764.91295,135629.83409999998,132583.48709999997,134131.74315,135584.5667,133204.1927,132502.61440000002,135648.52725,133007.03475,129349.10990000001,133886.24005000002,131168.55055,131810.9706
2026-06-24,63251.12989999999,59839.607899999995,59839.607899999995,53108.531950000004,49881.03895,51704.435699999995,56196.55485,53759.377349999995,53016.69699999999,54222.413499999995,52128.2305,51452.28,56154.937600000005,53601.5891,52005.95895
2026-06-25,27225.8803,24948.656799999997,25024.14175,24800.622599999995,21389.100599999998,21389.100599999998,24550.48235,21832.792849999998,21237.680999999997,25346.037999999993,22445.761,22445.761,24585.663,21539.31599999999,21882.936000000005
2026-06-26,40453.57244999999,37233.17094999999,37323.4504,34601.59195,32324.368449999998,30186.142949999994,37641.7319,34924.04239999999,34810.5053,31686.92115000001,28627.05165,32134.299949999997,29441.54855,26883.996049999994,27802.745849999996
2026-06-27,44212.75,40801.228,40801.228,42488.5966,39268.1951,39001.53020000001,41110.67725,38392.98775,37884.9007,38964.24595,35753.58245,35753.58245,39078.399900000004,35666.8779,35651.2194
2026-06-28,83470.934,80053.81400000001,79977.84220000001,74662.1358,71250.61379999999,71250.61379999999,72518.59330000001,69472.2463,69472.2463,72377.8728,69120.53430000001,68385.17379999999,80141.60399999999,76730.082,73785.40384999999
2026-06-29,39103.2775,36221.246999999996,36341.36515,31855.394999999997,28438.274999999994,29047.208999999995,35105.7751,31694.253099999998,31694.253099999998,37708.22600000001,35503.136,35495.1695,35832.1764,33632.4954,33632.4954
2026-06-30,34996.2947,32356.243700000003,32576.937599999994,33181.0594,30299.028899999998,30282.461899999995,32728.24070000001,29316.718699999998,29464.954699999987,34324.59775000001,31954.805249999987,31853.994399999996,31749.2496,30060.813599999998,30060.813599999998
2026-07-01,24480.251200000006,23062.6182,23260.1025,18697.34440000001,16057.2934,16356.784299999998,17406.194100000008,13994.672099999998,14218.673850000005,22227.124700000004,20320.6682,20971.219950000002,21962.204100000003,20261.7451,20979.8005
2026-07-02,59259.17825,54994.76775,55252.0861,17682.330199999997,16264.697199999999,12156.815499999999,51666.951100000006,48255.4291,48238.61335,51526.380099999995,47793.865600000005,48356.35710000001,51494.4905,47599.31300000001,49439.75810000001
2026-07-03,26980.304050000002,25122.14255,25142.717249999998,19082.90744999999,14818.496949999995,17943.4511,22720.870799999997,19309.34879999999,19309.34879999999,24017.813949999996,21376.321449999996,20926.322499999995,23750.560300000005,20539.89679999999,20850.2388
2026-07-04,71049.195,67407.79699999999,67416.73120000001,23033.342999999997,21175.1815,20483.05625,53990.8409,50579.3189,50579.3189,62907.895000000004,59496.37299999999,59496.37299999999,69083.4417,65671.9197,65671.9197
2026-07-06,62564.304099999994,59143.0441,59146.3885,229.11509999999976,-2340.4603999999995,-4072.1692500000017,58100.878600000004,54689.35660000001,51786.933099999995,59170.483499999995,55795.479,52317.0735,59373.61299999999,55962.091,54162.48565
2026-07-07,36135.773199999996,32379.2127,32501.761199999994,26125.728199999994,22704.4682,22766.792999999998,27803.4485,24391.926499999998,24391.926499999998,31759.1165,29119.065499999993,28727.7477,30528.64645,27677.054949999998,28503.299600000002
2026-07-09,41350.57190000001,38498.9804,38755.2442,40170.417,38061.087,37033.566399999996,37705.5731,34294.0511,34294.0511,40593.4206,38213.0466,37528.886099999996,39553.7117,37173.33769999999,37345.2501
2026-07-11,25087.134,24099.294,24099.294,23391.049100000004,22110.7656,22604.6391,15319.185300000001,12108.521800000008,14774.828650000007,18235.552400000008,15855.178399999999,19047.017050000002,14575.890500000003,11164.368500000004,11696.516099999999
2026-07-12,69722.308,66308.78799999999,66309.58799999999,23082.176,22094.336,22094.336,51655.24924999999,49228.653249999996,45424.26205,62121.4078,58910.74429999999,52248.952399999995,68740.6641,65329.14209999999,65329.14209999999
2026-07-13,41063.231499999994,38016.8845,38084.735499999995,32937.768000000004,29524.248,29700.187199999997,37346.4781,33934.956099999996,35138.9716,39411.8276,36365.4806,37034.8781,39537.58774999999,36655.55725,36904.452300000004
2026-07-14,50203.693849999996,47486.004349999996,47486.60315,48911.979999999996,45865.633,46476.05575000001,49180.1653,46531.4563,46754.42375,49913.14439999999,47264.4354,46673.41389999999,48199.23900000001,45481.549499999994,46363.489449999994
2026-07-15,40198.75489999999,37548.96589999999,37727.21469999999,39014.373550000004,36296.68405,36289.636450000005,37413.79884999999,34531.76835,35770.4212,37973.52190000001,35773.840899999996,35565.27035,37150.6389,34789.7409,34058.88485
2026-07-16,47910.94805,45028.91755,45034.58255,41696.960900000005,39047.1719,41921.0011,44716.708450000006,41834.67795,42487.67099999999,44639.24,42747.9305,40476.39385,43386.01639999999,41697.5804,40657.382549999995
2026-07-17,34765.35789999999,31719.010899999997,31831.232949999998,30250.9718,27368.94129999999,27428.571149999996,32844.66314999999,29993.071649999998,30034.473999999995,31804.030399999996,29446.256400000006,29313.595799999996,31870.50069999999,29490.126700000004,29599.429399999994
2026-07-18,40163.04809999999,36751.52609999999,36753.23459999999,34289.582299999995,31243.2353,31051.77815,35932.576949999995,32721.91345,32958.37075,36669.236300000004,33622.889299999995,33278.5583,39111.8408,35700.318799999994,35523.857599999996
2026-07-19,74616.964,71205.442,71205.442,71947.80300000001,68536.28099999999,68142.30674999999,67715.7657,64340.76119999999,62143.16369999999,55558.208199999994,53131.612199999996,51413.612799999995,72831.37610000001,69419.8541,69419.8541
2026-07-20,38879.820850000004,35475.96385,35839.6706,34381.3575,30969.835499999994,30969.835499999994,35964.92215,32754.258649999996,34302.41845,36206.22380000001,34112.0408,32044.9358,35960.445250000004,33779.01075,33646.4792
2026-07-21,34210.61755,32342.718049999996,32621.7253,26610.136749999998,23206.279749999994,27073.95425,26845.649499999996,23634.985999999997,24956.8207,30568.218699999998,28474.0357,31052.0362,32698.3604,31009.924399999996,31655.625249999997
2026-07-22,32470.102150000006,30984.539650000002,31196.672400000003,28813.961550000004,26946.062049999993,29169.647199999996,23257.0793,20210.732299999996,21848.403799999996,27457.067649999997,25030.47165,26573.214299999996,26458.965699999993,23914.275199999996,26028.761000000006
2026-07-23,33156.2293,30602.8808,30796.243400000003,28800.97255,27315.41005,28334.5313,30187.072249999997,27132.61175,28050.026750000005,30915.966250000005,29024.656750000002,29022.903500000004,30711.3395,29022.903500000004,28611.67745
2026-07-24,51315.13660000001,48104.4731,48169.2969,33506.47705000001,30953.128549999998,30789.929350000006,45624.1706,42577.8236,39240.87925,49594.24495000001,46336.90645,45762.01299999999,46689.961350000005,43586.810849999994,43149.799100000004
2026-07-25,85915.0975,82489.13149999999,82490.1582,74914.7482,71704.0847,68542.4683,79162.7774,75952.1139,70694.72725,84453.8626,81042.3406,81042.3406,85651.40959999998,82239.8876,82239.8876
2026-07-26,85851.8325,82285.16249999999,81969.9329,82164.1647,78738.19870000001,78723.46810000001,79477.0528,76065.53080000001,76065.53080000001,74499.2678,71124.26329999999,69881.8933,79140.4098,75728.88780000001,75728.88780000001
2026-07-27,57175.96059999999,54264.86559999999,54313.29815,-8045.583500000001,-11612.2535,5672.661199999998,9404.51040000001,5992.988399999995,5992.988399999995,18147.0997,15265.069199999993,18965.965399999994,27004.7367,24469.78419999999,24841.720999999998
2026-07-28,65978.28629999999,62566.764299999995,62566.764299999995,25272.338900000002,22361.2439,21668.003449999997,64420.1497,61008.62769999999,61008.62769999999,64839.1876,61427.66559999999,61427.66559999999,64843.215,61431.69299999999,61219.483199999995
2026-07-29,36074.56045,34550.440950000004,34587.6244,27466.6153,24055.093300000004,24055.093300000004,25423.333800000008,22011.811800000003,22011.811800000003,31153.779749999998,28512.287249999994,29963.408999999996,32751.373199999995,30526.807199999996,30742.358449999996
2026-07-30,32890.895300000004,31202.4593,31473.422,31197.621250000004,29673.50175,29725.015649999998,25514.5378,22103.015799999994,22103.015799999994,28441.832149999995,25387.37165,25430.550499999998,27480.537,24105.532499999998,25135.1029
2026-07-31,31458.946350000002,29253.470349999996,29475.422449999995,30591.3798,28902.943799999997,28361.941499999997,27721.240199999997,24309.7182,24309.7182,30704.636500000004,28334.844000000005,28534.5912,30051.627500000002,27005.2805,28148.982400000004
2026-08-01,58936.60519999999,55561.600699999995,55561.600699999995,48004.963,45799.487,41130.72005,57116.8361,53705.31409999999,53705.31409999999,55588.17065,52706.14014999999,49952.92324999999,55603.2022,52191.680199999995,52191.680199999995
2026-08-02,32944.97219999999,30738.652699999995,30872.809449999993,28528.5516,25153.547099999996,25153.547099999996,30074.43699999999,27019.976499999997,27368.626249999994,32107.6356,30419.1996,30339.7932,28024.726099999996,24613.20409999999,25183.533649999998
2026-08-04,33287.787599999996,30901.161099999998,30973.658949999994,31441.143899999992,29060.769899999996,29700.34544999999,30626.99575,27744.96525,28484.316649999993,30509.035300000003,27560.0683,27570.55479999999,30509.02695,27626.99645,28684.514249999997
2026-08-05,67465.0967,64043.83669999999,64045.9009,48099.5105,45712.884,43185.389800000004,48227.3943,45847.020300000004,43733.2196,64157.93489999999,60746.412899999996,60091.803100000005,63877.0863,60502.0818,60502.0818
2026-08-06,44183.2692,41031.4287,41102.4167,36586.22760000001,33164.96759999999,33238.02339999999,39054.62640000001,35843.9629,35853.326199999996,31497.235249999998,29082.65774999999,27802.62139999999,31129.125099999997,28919.706099999992,28828.919699999988
2026-08-07,50593.4278,47181.905799999986,47211.1363,46447.23525,43295.39475,42927.1244,50392.44759999999,46980.92559999999,46957.18209999999,49741.828299999994,46638.6778,45486.210399999996,50224.29234999999,46849.28784999999,46581.5184
2026-08-08,84235.77799999999,80822.258,80821.37220000001,79121.7733,75710.2513,75011.79130000001,79058.2125,75646.6905,74882.80275,78696.88184999999,75321.87735,75321.87735,82087.64259999999,78676.1206,78676.1206
2026-08-09,71512.19959999999,68100.6776,68100.6776,67153.68300000002,63740.163,63771.8138,64656.444299999996,61244.9223,61244.9223,58726.76365,55667.49214999999,56096.921350000004,69211.5777,65800.0557,65800.0557
2026-08-10,44410.6385,41025.89599999999,41094.1238,35981.287800000006,32569.765799999994,32569.765799999994,41119.083,37707.560999999994,37707.560999999994,40860.4263,37801.154800000004,38302.894499999995,38287.9981,35401.1611,35520.8494
2026-08-11,50195.47030000001,47149.12330000001,47149.12330000001,48482.10360000001,45097.36110000001,45449.05015,45050.673500000004,41639.15149999999,41639.15149999999,49247.913100000005,46201.566100000004,46201.566100000004,49247.7525,46201.4055,45762.8685
2026-08-12,41508.3402,39819.9042,39911.951799999995,34844.8394,31798.492399999996,31798.492399999996,32309.019400000012,28897.49740000001,28897.49740000001,34526.6469,31467.3754,31474.737100000002,35152.825000000004,32093.5535,33516.61685
2026-08-13,47236.817950000004,44702.70895000001,44961.802899999995,44028.54029999999,42340.104300000006,42131.658350000005,39530.6076,36119.085600000006,36119.085600000006,40957.82615000001,38399.666650000014,38464.008,42817.932400000005,40269.90590000001,40925.20420000001
2026-08-14,46538.86060000001,43281.5221,43430.39245,39219.3312,36685.22219999999,37592.90299999999,45701.29510000001,42289.7731,42406.17985,44990.782049999994,42108.75155,41454.05989999999,43723.69985,41001.199349999995,41080.678499999995
2026-08-15,35311.150299999994,33216.96729999999,33269.482749999996,31006.071550000004,27748.733049999995,29567.23420000001,30826.462700000007,27451.4582,27451.4582,33159.579750000004,30413.486249999998,31297.0769,30249.455199999997,26837.933200000003,26837.933200000003
2026-08-16,44188.653000000006,41983.56300000001,41984.74380000001,43424.6155,41330.432499999995,40547.36875,40234.3269,37187.97989999999,38161.28265,37502.390199999994,35801.9312,35795.6051,37666.730449999995,34815.13894999999,35632.34994999999
2026-08-17,39669.577399999995,38032.236899999996,38123.16675,33455.67300000001,31250.583000000013,31223.52870000001,34647.299750000006,32101.167749999997,31449.987900000004,35492.11985,33968.00035,34152.205449999994,33135.80145,31118.707949999996,33863.974749999994
2026-08-18,43755.98315,41333.95265,41474.783500000005,34457.99815,32820.657649999994,32383.05725,40798.225,38477.1225,39039.1902,36768.3242,33298.37419999999,33633.705799999996,39393.62849999999,36334.356999999996,36310.79419999999
2026-08-19,36906.0385,35212.796,35408.65575,28235.637999999995,25813.607499999995,26824.535999999996,32484.8653,30385.2733,30390.973,29304.724500000004,26995.640500000005,29528.662149999996,29650.889199999994,26909.129199999996,28676.3766
2026-08-20,33184.6382,32138.370199999998,32189.936999999994,29666.792499999996,27973.550000000003,28994.213100000004,26855.28459999999,24546.200599999996,25304.0728,25349.557799999995,22395.779799999997,23774.177899999995,25414.779399999996,22461.001399999994,23913.440449999995
2026-08-21,32432.3924,31251.378900000007,31349.3438,29854.959600000002,28808.691600000002,29037.772,26982.270599999996,24876.064599999998,26216.447399999997,26555.889799999997,23602.116299999994,27113.767399999997,25845.744100000004,22794.5861,24768.943399999996
2026-08-22,72565.8585,69154.3365,69154.3365,23320.933100000002,22139.9196,22760.476199999997,44722.63295000001,43036.602450000006,29749.9232,41858.44415,39002.046149999995,39876.240399999995,56647.401999999995,53588.1305,53621.2136
2026-08-24,38608.3597,36227.985700000005,36253.9642,28559.674599999995,25148.152599999998,25148.152599999998,33779.975099999996,30628.134599999998,30041.680249999998,37307.15190000001,34604.9374,35305.58500000001,36519.53049999999,33632.689,34066.0033
2026-08-25,44700.164000000004,41489.500499999995,41618.39709999999,37615.92229999999,35235.548299999995,35360.44605,43691.529800000004,40539.6893,40506.623999999996,43527.3367,40111.00369999999,40122.59799999998,43433.11379999999,40048.3713,39832.98629999999
2026-08-26,41111.4588,38557.4208,38911.19295,36050.549,32839.885500000004,32871.376099999994,35824.33960000001,32613.676099999997,33436.76969999999,36920.388650000015,33431.324150000015,33618.5798,37419.1177,33672.1747,34946.6442
2026-08-27,50850.8081,48651.1271,48651.1271,37275.8468,34721.808800000006,35943.303400000004,27488.306749999992,24336.466249999994,25191.967000000004,37617.6635,33870.720499999996,35216.32370000001,42621.655150000006,39232.31365,41957.551999999996
2026-08-28,34599.97380000001,32915.866799999996,33045.24375,21883.507499999992,19683.826499999996,19683.826499999996,25521.373499999998,22475.026499999993,22615.264500000005,28422.0932,25310.226699999992,25702.957800000004,29594.2148,26695.3548,28178.09115
2026-08-29,43775.05009999999,41417.276099999995,41566.956999999995,14401.782,12717.674999999996,13600.623999999998,4162.9726500000015,952.3091500000028,6798.220099999997,36889.9351,34690.254100000006,34690.254100000006,36928.7831,34729.102100000004,34729.102100000004
2026-08-30,34795.14045,33275.34995,33438.3595,31198.884700000002,28841.110699999994,29189.203800000007,23935.08175,21613.979249999997,27830.2422,20696.2246,18147.595599999993,25939.80435,16790.853999999992,13841.886999999992,20536.425999999992
2026-08-31,56258.5501,53212.20309999999,53212.20309999999,19193.141200000002,17673.3507,24954.702549999998,34261.761450000005,32776.19895,33968.89575,50777.33295,47392.590449999996,47663.22749999999,52687.732299999996,49276.21029999999,49276.21029999999
2026-09-01,74813.39564999999,71220.72765,71361.87474999999,69077.7083,66031.3613,66031.3613,36184.28485,34698.72235,35023.146649999995,72068.54920000001,68640.19769999999,68666.2489,71721.90550000001,68232.841,68213.3404
2026-09-02,39482.10125,37623.93975,37816.42235,26377.981850000007,22785.31385,23795.50094999999,35734.0939,33701.8534,35301.09599999999,33302.1756,30135.1836,32829.28074999999,33103.8982,30682.195700000004,30796.5294
2026-09-03,79470.6972,76054.36420000001,76055.85579999999,54445.333999999995,52587.17249999999,44575.7693,54309.666999999994,52621.231,47340.034649999994,77966.17405,74206.51855000001,74788.04965,73616.47669999998,69540.8762,68261.6635
2026-09-04,61839.0261,58427.50409999999,58430.727599999984,59033.531,55617.198,55640.659199999995,52306.605599999995,49424.575099999995,42694.64585,56324.944899999995,52845.0589,53097.1392,57177.7285,53573.03749999999,54311.8603
2026-09-05,86330.11314999999,82134.66815,82648.86319999999,82293.2912,78881.76920000001,78366.6947,76214.11970000001,73003.4562,67912.18479999999,81317.54625,77749.34825000001,77904.66380000001,82099.8403,78671.4888,78690.27530000001
2026-09-06,106980.61850000001,103565.2985,103547.28409999999,99838.27065,95642.82565000001,102139.0226,90220.05609999999,86808.53409999999,86630.20060000001,79676.72375,76301.71925,76301.71925,96287.0783,92875.5563,92875.5563
2026-09-07,47748.6343,44692.54929999999,44796.9675,35750.7945,32335.474499999993,32796.64289999999,42595.53030000001,39184.0083,39184.0083,44410.3615,40718.057499999995,41297.9201,43163.745200000005,39359.9987,40535.50439999999
2026-09-08,40643.06495,38084.30744999999,38154.0845,30279.350600000005,27223.2656,28767.589399999993,19619.276099999995,16207.754099999998,16207.754099999998,23608.43304999999,19916.490549999988,20555.854799999986,24728.625499999987,20819.38099999999,20819.38099999999
2026-09-09,53077.397000000004,50877.716,50877.716,36957.48615,34398.728650000005,33440.76639999999,20763.891900000002,17352.369899999998,17352.369899999998,40455.591499999995,37181.42349999999,37593.27549999999,40973.2283,37699.0603,38084.56330000001
2026-09-10,59692.1731,56476.6986,56628.4518,29614.6739,27414.992899999997,27414.992899999997,57188.70730000001,53777.185300000005,53777.185300000005,58949.9839,55585.5319,56283.33640000001,58389.15920000001,54993.5652,55308.753399999994
2026-09-11,42905.2892,40705.6082,40876.91055,23029.305749999996,19813.831250000003,20116.213300000003,26841.76849999999,23430.246499999997,23430.246499999997,40538.3783,37694.00780000001,39040.75140000001,38272.255000000005,35543.51099999999,37314.658299999996
2026-09-12,114296.67619999999,110537.02070000001,110537.02070000001,20455.143400000004,18255.4624,23485.0874,82347.63685000001,79629.94735,77886.8201,91387.4148,87917.46480000002,88694.4068,89175.57579999999,85764.05380000001,85764.05380000001
2026-09-13,50951.3475,48857.1645,48929.3257,18955.86224999999,15196.20674999999,15196.20674999999,26076.85540000001,22701.850899999998,24854.2371,43906.255600000004,41706.57459999999,41706.57459999999,48683.44189999999,46483.760899999994,46483.760899999994
